t,block,pos_in_block,is_boundary,is_severity_jump,js,adapted,n_reliable
0,0,0,0,0,,1,29
1,0,1,0,0,0.02454613,0,0
2,0,2,0,0,0.03706712,0,0
3,0,3,0,0,0.02436621,0,0
4,0,4,0,0,0.02367285,0,0
5,0,5,0,0,0.01745341,0,0
6,0,6,0,0,0.02603569,0,0
7,0,7,0,0,0.02596704,0,0
8,0,8,0,0,0.01219719,0,0
9,0,9,0,0,0.00620214,0,0
10,0,10,0,0,0.01070350,0,0
11,0,11,0,0,0.00858272,0,0
12,0,12,0,0,0.01738112,0,0
13,0,13,0,0,0.01864674,0,0
14,0,14,0,0,0.04400573,1,28
15,0,15,0,0,0.02802017,0,0
16,0,16,0,0,0.01883776,0,0
17,0,17,0,0,0.03674575,0,0
18,0,18,0,0,0.01252256,0,0
19,0,19,0,0,0.00717936,0,0
20,0,20,0,0,0.03272488,0,0
21,0,21,0,0,0.01721941,0,0
22,0,22,0,0,0.01019187,0,0
23,0,23,0,0,0.02842307,0,0
24,0,24,0,0,0.01506623,0,0
25,0,25,0,0,0.02839718,0,0
26,0,26,0,0,0.02037799,0,0
27,0,27,0,0,0.02465225,0,0
28,0,28,0,0,0.01898766,0,0
29,0,29,0,0,0.01666208,0,0
30,0,30,0,0,0.03142218,0,0
31,0,31,0,0,0.03577122,0,0
32,0,32,0,0,0.06775283,1,28
33,0,33,0,0,0.02522486,0,0
34,0,34,0,0,0.01126892,0,0
35,0,35,0,0,0.02340221,0,0
36,0,36,0,0,0.02569825,0,0
37,0,37,0,0,0.00885656,0,0
38,0,38,0,0,0.02238374,0,0
39,0,39,0,0,0.01798804,0,0
40,0,40,0,0,0.01892503,0,0
41,0,41,0,0,0.03124844,0,0
42,0,42,0,0,0.04943256,1,31
43,0,43,0,0,0.00887284,0,0
44,0,44,0,0,0.02031714,0,0
45,0,45,0,0,0.01406106,0,0
46,0,46,0,0,0.01555687,0,0
47,0,47,0,0,0.02518625,0,0
48,0,48,0,0,0.02740508,0,0
49,0,49,0,0,0.02838248,0,0
50,0,50,0,0,0.03038940,0,0
51,0,51,0,0,0.02224901,0,0
52,0,52,0,0,0.04567478,1,29
53,0,53,0,0,0.01944757,0,0
54,0,54,0,0,0.02102445,0,0
55,0,55,0,0,0.01838421,0,0
56,0,56,0,0,0.01287875,0,0
57,0,57,0,0,0.00687922,0,0
58,0,58,0,0,0.01743161,0,0
59,0,59,0,0,0.02389735,0,0
60,0,60,0,0,0.01127262,0,0
61,0,61,0,0,0.01953907,0,0
62,0,62,0,0,0.01608510,0,0
63,0,63,0,0,0.02535251,0,0
64,0,64,0,0,0.02047687,0,0
65,0,65,0,0,0.03205681,0,0
66,0,66,0,0,0.02057089,0,0
67,0,67,0,0,0.01990093,0,0
68,0,68,0,0,0.04101061,1,31
69,0,69,0,0,0.02293896,0,0
70,0,70,0,0,0.02392280,0,0
71,0,71,0,0,0.01099804,0,0
72,0,72,0,0,0.02061925,0,0
73,0,73,0,0,0.01951605,0,0
74,0,74,0,0,0.01920796,0,0
75,0,75,0,0,0.01867440,0,0
76,0,76,0,0,0.01754810,0,0
77,0,77,0,0,0.00831166,0,0
78,0,78,0,0,0.01668173,0,0
79,0,79,0,0,0.01085643,0,0
80,0,80,0,0,0.01156602,0,0
81,0,81,0,0,0.02176457,0,0
82,0,82,0,0,0.02221411,0,0
83,0,83,0,0,0.03475580,0,0
84,0,84,0,0,0.00881702,0,0
85,0,85,0,0,0.02166802,0,0
86,0,86,0,0,0.02648635,0,0
87,0,87,0,0,0.00372602,0,0
88,0,88,0,0,0.01421137,0,0
89,0,89,0,0,0.02346364,0,0
90,0,90,0,0,0.02083731,0,0
91,0,91,0,0,0.01931687,0,0
92,0,92,0,0,0.01698023,0,0
93,0,93,0,0,0.02016468,0,0
94,0,94,0,0,0.02550561,0,0
95,0,95,0,0,0.01026044,0,0
96,0,96,0,0,0.00935236,0,0
97,0,97,0,0,0.01369949,0,0
98,0,98,0,0,0.03410522,0,0
99,0,99,0,0,0.02159294,0,0
100,0,100,0,0,0.00922869,0,0
101,0,101,0,0,0.01658957,0,0
102,0,102,0,0,0.02417354,0,0
103,0,103,0,0,0.03979418,0,0
104,0,104,0,0,0.00446121,0,0
105,0,105,0,0,0.03167204,0,0
106,0,106,0,0,0.01191288,0,0
107,0,107,0,0,0.04407865,1,28
108,0,108,0,0,0.01276445,0,0
109,0,109,0,0,0.02815908,0,0
110,0,110,0,0,0.03983463,0,0
111,0,111,0,0,0.02524504,0,0
112,0,112,0,0,0.02526775,0,0
113,0,113,0,0,0.02979830,0,0
114,0,114,0,0,0.01003878,0,0
115,0,115,0,0,0.01009357,0,0
116,0,116,0,0,0.02312916,0,0
117,0,117,0,0,0.01597129,0,0
118,0,118,0,0,0.01213848,0,0
119,0,119,0,0,0.01318482,0,0
120,0,120,0,0,0.01788351,0,0
121,0,121,0,0,0.03144631,0,0
122,0,122,0,0,0.01579894,0,0
123,0,123,0,0,0.02072113,0,0
124,0,124,0,0,0.01445561,0,0
125,0,125,0,0,0.00835980,0,0
126,0,126,0,0,0.03517029,0,0
127,0,127,0,0,0.01958258,0,0
128,0,128,0,0,0.05362646,1,29
129,0,129,0,0,0.01452251,0,0
130,0,130,0,0,0.01065650,0,0
131,0,131,0,0,0.06462455,1,28
132,0,132,0,0,0.03488987,0,0
133,0,133,0,0,0.00908612,0,0
134,0,134,0,0,0.00886331,0,0
135,0,135,0,0,0.02351107,0,0
136,0,136,0,0,0.02297055,0,0
137,0,137,0,0,0.01348995,0,0
138,0,138,0,0,0.02369115,0,0
139,0,139,0,0,0.00567063,0,0
140,0,140,0,0,0.01509991,0,0
141,0,141,0,0,0.02253651,0,0
142,0,142,0,0,0.01487409,0,0
143,0,143,0,0,0.00948799,0,0
144,0,144,0,0,0.02059930,0,0
145,0,145,0,0,0.01715957,0,0
146,0,146,0,0,0.01630617,0,0
147,0,147,0,0,0.01374353,0,0
148,0,148,0,0,0.02654818,0,0
149,0,149,0,0,0.01853346,0,0
150,0,150,0,0,0.02078142,0,0
151,0,151,0,0,0.02427037,0,0
152,0,152,0,0,0.00783835,0,0
153,0,153,0,0,0.01244529,0,0
154,0,154,0,0,0.00743003,0,0
155,0,155,0,0,0.00359663,0,0
156,0,156,0,0,0.00677266,0,0
157,0,157,0,0,0.01063626,0,0
158,0,158,0,0,0.00636070,0,0
159,0,159,0,0,0.03351855,0,0
160,0,160,0,0,0.01876469,0,0
161,0,161,0,0,0.01840886,0,0
162,0,162,0,0,0.01663813,0,0
163,0,163,0,0,0.02275968,0,0
164,0,164,0,0,0.01913282,0,0
165,0,165,0,0,0.01754479,0,0
166,0,166,0,0,0.01592340,0,0
167,0,167,0,0,0.01948882,0,0
168,0,168,0,0,0.01004554,0,0
169,0,169,0,0,0.02388814,0,0
170,0,170,0,0,0.02299133,0,0
171,0,171,0,0,0.00950106,0,0
172,0,172,0,0,0.01850781,0,0
173,0,173,0,0,0.01749768,0,0
174,0,174,0,0,0.01503390,0,0
175,0,175,0,0,0.02856978,0,0
176,0,176,0,0,0.07076903,1,29
177,0,177,0,0,0.01207802,0,0
178,0,178,0,0,0.03468231,0,0
179,0,179,0,0,0.00931211,0,0
180,0,180,0,0,0.02237501,0,0
181,0,181,0,0,0.00509559,0,0
182,0,182,0,0,0.00669008,0,0
183,0,183,0,0,0.01410140,0,0
184,0,184,0,0,0.01541978,0,0
185,0,185,0,0,0.02251138,0,0
186,0,186,0,0,0.03286364,0,0
187,0,187,0,0,0.01246592,0,0
188,0,188,0,0,0.02106818,0,0
189,0,189,0,0,0.01226188,0,0
190,0,190,0,0,0.03105389,0,0
191,0,191,0,0,0.02556540,0,0
192,0,192,0,0,0.00864978,0,0
193,0,193,0,0,0.02416118,0,0
194,0,194,0,0,0.04321573,1,32
195,0,195,0,0,0.02617174,0,0
196,0,196,0,0,0.02044674,0,0
197,0,197,0,0,0.03130657,0,0
198,0,198,0,0,0.04594693,1,30
199,0,199,0,0,0.02318709,0,0
200,0,200,0,0,0.02570949,0,0
201,0,201,0,0,0.03656464,0,0
202,0,202,0,0,0.00942067,0,0
203,0,203,0,0,0.03242126,0,0
204,0,204,0,0,0.01239358,0,0
205,0,205,0,0,0.01023883,0,0
206,0,206,0,0,0.02170073,0,0
207,0,207,0,0,0.02390032,0,0
208,0,208,0,0,0.01556571,0,0
209,0,209,0,0,0.03047024,0,0
210,0,210,0,0,0.01089530,0,0
211,0,211,0,0,0.02812568,0,0
212,0,212,0,0,0.03587137,0,0
213,0,213,0,0,0.01708476,0,0
214,0,214,0,0,0.01253948,0,0
215,0,215,0,0,0.01554919,0,0
216,0,216,0,0,0.01824608,0,0
217,0,217,0,0,0.01903153,0,0
218,0,218,0,0,0.01859019,0,0
219,0,219,0,0,0.01366609,0,0
220,0,220,0,0,0.02307975,0,0
221,0,221,0,0,0.03409407,0,0
222,0,222,0,0,0.02023653,0,0
223,0,223,0,0,0.04419070,1,31
224,0,224,0,0,0.01461527,0,0
225,0,225,0,0,0.01873283,0,0
226,0,226,0,0,0.02063080,0,0
227,0,227,0,0,0.04066242,1,29
228,0,228,0,0,0.03129479,0,0
229,0,229,0,0,0.01700984,0,0
230,0,230,0,0,0.01704219,0,0
231,0,231,0,0,0.01301760,0,0
232,0,232,0,0,0.02439890,0,0
233,0,233,0,0,0.02918885,0,0
234,0,234,0,0,0.02479460,0,0
235,0,235,0,0,0.02182372,0,0
236,0,236,0,0,0.04624295,1,29
237,0,237,0,0,0.00744755,0,0
238,0,238,0,0,0.02471150,0,0
239,0,239,0,0,0.02512671,0,0
240,0,240,0,0,0.04728549,1,29
241,0,241,0,0,0.01506545,0,0
242,0,242,0,0,0.02471752,0,0
243,0,243,0,0,0.02426288,0,0
244,0,244,0,0,0.01333068,0,0
245,0,245,0,0,0.03946779,0,0
246,0,246,0,0,0.02354109,0,0
247,0,247,0,0,0.00998014,0,0
248,0,248,0,0,0.03401158,0,0
249,0,249,0,0,0.01927970,0,0
250,0,250,0,0,0.01178308,0,0
251,0,251,0,0,0.04058558,1,31
252,0,252,0,0,0.02040504,0,0
253,0,253,0,0,0.02045014,0,0
254,0,254,0,0,0.01933841,0,0
255,0,255,0,0,0.03114756,0,0
256,0,256,0,0,0.01673058,0,0
257,0,257,0,0,0.02097932,0,0
258,0,258,0,0,0.00648866,0,0
259,0,259,0,0,0.01134877,0,0
260,0,260,0,0,0.01556646,0,0
261,0,261,0,0,0.01859120,0,0
262,0,262,0,0,0.02032340,0,0
263,0,263,0,0,0.01790000,0,0
264,0,264,0,0,0.00884736,0,0
265,0,265,0,0,0.02241328,0,0
266,0,266,0,0,0.02478553,0,0
267,0,267,0,0,0.01888475,0,0
268,0,268,0,0,0.00742328,0,0
269,0,269,0,0,0.01958639,0,0
270,0,270,0,0,0.03733611,0,0
271,0,271,0,0,0.01545417,0,0
272,0,272,0,0,0.03793534,0,0
273,0,273,0,0,0.00467680,0,0
274,0,274,0,0,0.02734591,0,0
275,0,275,0,0,0.02040228,0,0
276,0,276,0,0,0.01066499,0,0
277,0,277,0,0,0.03238501,0,0
278,0,278,0,0,0.03192622,0,0
279,0,279,0,0,0.01544750,0,0
280,0,280,0,0,0.01688242,0,0
281,0,281,0,0,0.01956825,0,0
282,0,282,0,0,0.02184169,0,0
283,0,283,0,0,0.00949490,0,0
284,0,284,0,0,0.01117767,0,0
285,0,285,0,0,0.01115156,0,0
286,0,286,0,0,0.00880855,0,0
287,0,287,0,0,0.00718989,0,0
288,0,288,0,0,0.02040383,0,0
289,0,289,0,0,0.01379490,0,0
290,0,290,0,0,0.02320250,0,0
291,0,291,0,0,0.01328781,0,0
292,0,292,0,0,0.01803917,0,0
293,0,293,0,0,0.01112273,0,0
294,0,294,0,0,0.02594305,0,0
295,0,295,0,0,0.00624976,0,0
296,0,296,0,0,0.04145051,1,30
297,0,297,0,0,0.04529323,1,30
298,0,298,0,0,0.00838255,0,0
299,0,299,0,0,0.01630746,0,0
300,0,300,0,0,0.03144654,0,0
301,0,301,0,0,0.03584128,0,0
302,0,302,0,0,0.03452587,0,0
303,0,303,0,0,0.02069009,0,0
304,0,304,0,0,0.01301982,0,0
305,0,305,0,0,0.01727206,0,0
306,0,306,0,0,0.03627048,0,0
307,0,307,0,0,0.00875013,0,0
308,0,308,0,0,0.01027004,0,0
309,0,309,0,0,0.02506463,0,0
310,0,310,0,0,0.02802526,0,0
311,0,311,0,0,0.02005669,0,0
312,1,0,1,0,0.04400374,1,14
313,1,1,0,0,0.01413018,0,0
314,1,2,0,0,0.02680467,0,0
315,1,3,0,0,0.02653232,0,0
316,1,4,0,0,0.02344719,0,0
317,1,5,0,0,0.01852730,0,0
318,1,6,0,0,0.01825141,0,0
319,1,7,0,0,0.03183461,0,0
320,1,8,0,0,0.01921384,0,0
321,1,9,0,0,0.01329458,0,0
322,1,10,0,0,0.01535503,0,0
323,1,11,0,0,0.01705221,0,0
324,1,12,0,0,0.00810935,0,0
325,1,13,0,0,0.01309620,0,0
326,1,14,0,0,0.02173192,0,0
327,1,15,0,0,0.01919500,0,0
328,1,16,0,0,0.02301917,0,0
329,1,17,0,0,0.02151965,0,0
330,1,18,0,0,0.03228279,0,0
331,1,19,0,0,0.01190773,0,0
332,1,20,0,0,0.01002681,0,0
333,1,21,0,0,0.04449933,1,31
334,1,22,0,0,0.01545691,0,0
335,1,23,0,0,0.03045985,0,0
336,1,24,0,0,0.03792954,0,0
337,1,25,0,0,0.01223205,0,0
338,1,26,0,0,0.02507233,0,0
339,1,27,0,0,0.02734623,0,0
340,1,28,0,0,0.03163613,0,0
341,1,29,0,0,0.02864622,0,0
342,1,30,0,0,0.01755349,0,0
343,1,31,0,0,0.03602684,0,0
344,1,32,0,0,0.02550314,0,0
345,1,33,0,0,0.04476441,1,27
346,1,34,0,0,0.03817270,0,0
347,1,35,0,0,0.00792544,0,0
348,1,36,0,0,0.01898879,0,0
349,1,37,0,0,0.02254120,0,0
350,1,38,0,0,0.01037783,0,0
351,1,39,0,0,0.01405849,0,0
352,1,40,0,0,0.04130085,1,31
353,1,41,0,0,0.02473025,0,0
354,1,42,0,0,0.02457692,0,0
355,1,43,0,0,0.03354644,0,0
356,1,44,0,0,0.01157591,0,0
357,1,45,0,0,0.01969727,0,0
358,1,46,0,0,0.00910434,0,0
359,1,47,0,0,0.01706882,0,0
360,1,48,0,0,0.02796699,0,0
361,1,49,0,0,0.02674547,0,0
362,1,50,0,0,0.03118096,0,0
363,1,51,0,0,0.02455064,0,0
364,1,52,0,0,0.02529969,0,0
365,1,53,0,0,0.04855777,1,31
366,1,54,0,0,0.02317319,0,0
367,1,55,0,0,0.01848822,0,0
368,1,56,0,0,0.03403101,0,0
369,1,57,0,0,0.01501226,0,0
370,1,58,0,0,0.00933512,0,0
371,1,59,0,0,0.02740271,0,0
372,1,60,0,0,0.02929423,0,0
373,1,61,0,0,0.00955199,0,0
374,1,62,0,0,0.02901644,0,0
375,1,63,0,0,0.03204228,0,0
376,1,64,0,0,0.01790841,0,0
377,1,65,0,0,0.01867776,0,0
378,1,66,0,0,0.04949868,1,32
379,1,67,0,0,0.02220167,0,0
380,1,68,0,0,0.02573255,0,0
381,1,69,0,0,0.04253536,1,32
382,1,70,0,0,0.05680651,1,28
383,1,71,0,0,0.02569667,0,0
384,1,72,0,0,0.01271740,0,0
385,1,73,0,0,0.01868951,0,0
386,1,74,0,0,0.04101926,1,31
387,1,75,0,0,0.01827015,0,0
388,1,76,0,0,0.03353689,0,0
389,1,77,0,0,0.01696438,0,0
390,1,78,0,0,0.02277521,0,0
391,1,79,0,0,0.01024777,0,0
392,1,80,0,0,0.01326233,0,0
393,1,81,0,0,0.01759031,0,0
394,1,82,0,0,0.02508330,0,0
395,1,83,0,0,0.02204646,0,0
396,1,84,0,0,0.04999512,1,32
397,1,85,0,0,0.01920000,0,0
398,1,86,0,0,0.02705757,0,0
399,1,87,0,0,0.03901483,0,0
400,1,88,0,0,0.00429499,0,0
401,1,89,0,0,0.00970137,0,0
402,1,90,0,0,0.03059768,0,0
403,1,91,0,0,0.02296220,0,0
404,1,92,0,0,0.02336244,0,0
405,1,93,0,0,0.03288825,0,0
406,1,94,0,0,0.03655264,0,0
407,1,95,0,0,0.05020633,1,29
408,1,96,0,0,0.01871027,0,0
409,1,97,0,0,0.01378757,0,0
410,1,98,0,0,0.01421604,0,0
411,1,99,0,0,0.04560610,1,29
412,1,100,0,0,0.02155504,0,0
413,1,101,0,0,0.01952078,0,0
414,1,102,0,0,0.01690688,0,0
415,1,103,0,0,0.03463519,0,0
416,1,104,0,0,0.04222851,1,29
417,1,105,0,0,0.00422592,0,0
418,1,106,0,0,0.02995751,0,0
419,1,107,0,0,0.00726438,0,0
420,1,108,0,0,0.03752940,0,0
421,1,109,0,0,0.00890266,0,0
422,1,110,0,0,0.02279533,0,0
423,1,111,0,0,0.03505703,0,0
424,1,112,0,0,0.02612656,0,0
425,1,113,0,0,0.04227301,1,31
426,1,114,0,0,0.02042410,0,0
427,1,115,0,0,0.01131505,0,0
428,1,116,0,0,0.01728052,0,0
429,1,117,0,0,0.02042022,0,0
430,1,118,0,0,0.01659583,0,0
431,1,119,0,0,0.01687880,0,0
432,1,120,0,0,0.01264630,0,0
433,1,121,0,0,0.01566485,0,0
434,1,122,0,0,0.02459776,0,0
435,1,123,0,0,0.01735361,0,0
436,1,124,0,0,0.02151582,0,0
437,1,125,0,0,0.02884190,0,0
438,1,126,0,0,0.00704316,0,0
439,1,127,0,0,0.04608854,1,30
440,1,128,0,0,0.02879251,0,0
441,1,129,0,0,0.03997345,0,0
442,1,130,0,0,0.02120811,0,0
443,1,131,0,0,0.01963735,0,0
444,1,132,0,0,0.06694166,1,30
445,1,133,0,0,0.03734537,0,0
446,1,134,0,0,0.00974324,0,0
447,1,135,0,0,0.01327538,0,0
448,1,136,0,0,0.02005651,0,0
449,1,137,0,0,0.02932112,0,0
450,1,138,0,0,0.01643258,0,0
451,1,139,0,0,0.03181525,0,0
452,1,140,0,0,0.00700680,0,0
453,1,141,0,0,0.01806628,0,0
454,1,142,0,0,0.02670795,0,0
455,1,143,0,0,0.00986804,0,0
456,1,144,0,0,0.03020154,0,0
457,1,145,0,0,0.02681341,0,0
458,1,146,0,0,0.01893656,0,0
459,1,147,0,0,0.01078401,0,0
460,1,148,0,0,0.02100030,0,0
461,1,149,0,0,0.02362314,0,0
462,1,150,0,0,0.02214766,0,0
463,1,151,0,0,0.01699778,0,0
464,1,152,0,0,0.01831244,0,0
465,1,153,0,0,0.01457273,0,0
466,1,154,0,0,0.00963015,0,0
467,1,155,0,0,0.01180526,0,0
468,1,156,0,0,0.01605464,0,0
469,1,157,0,0,0.04575939,1,30
470,1,158,0,0,0.01496678,0,0
471,1,159,0,0,0.01353943,0,0
472,1,160,0,0,0.02604138,0,0
473,1,161,0,0,0.02775995,0,0
474,1,162,0,0,0.01822714,0,0
475,1,163,0,0,0.00698447,0,0
476,1,164,0,0,0.01849931,0,0
477,1,165,0,0,0.02758080,0,0
478,1,166,0,0,0.02460831,0,0
479,1,167,0,0,0.01523689,0,0
480,1,168,0,0,0.03410115,0,0
481,1,169,0,0,0.01714998,0,0
482,1,170,0,0,0.02775779,0,0
483,1,171,0,0,0.01696755,0,0
484,1,172,0,0,0.01378810,0,0
485,1,173,0,0,0.01988725,0,0
486,1,174,0,0,0.02221945,0,0
487,1,175,0,0,0.02817785,0,0
488,1,176,0,0,0.04648181,1,30
489,1,177,0,0,0.06229005,1,27
490,1,178,0,0,0.01016422,0,0
491,1,179,0,0,0.03472419,0,0
492,1,180,0,0,0.01554722,0,0
493,1,181,0,0,0.03203741,0,0
494,1,182,0,0,0.01651407,0,0
495,1,183,0,0,0.01893825,0,0
496,1,184,0,0,0.01681716,0,0
497,1,185,0,0,0.01194337,0,0
498,1,186,0,0,0.03914785,0,0
499,1,187,0,0,0.03454947,0,0
500,1,188,0,0,0.01561873,0,0
501,1,189,0,0,0.02101458,0,0
502,1,190,0,0,0.02217151,0,0
503,1,191,0,0,0.04080887,1,32
504,1,192,0,0,0.02338356,0,0
505,1,193,0,0,0.02410218,0,0
506,1,194,0,0,0.03396804,0,0
507,1,195,0,0,0.04651591,1,32
508,1,196,0,0,0.02845064,0,0
509,1,197,0,0,0.03261517,0,0
510,1,198,0,0,0.02677219,0,0
511,1,199,0,0,0.04920995,1,28
512,1,200,0,0,0.02282032,0,0
513,1,201,0,0,0.04122665,1,32
514,1,202,0,0,0.04801904,1,31
515,1,203,0,0,0.02321251,0,0
516,1,204,0,0,0.05629775,1,31
517,1,205,0,0,0.00984021,0,0
518,1,206,0,0,0.02219658,0,0
519,1,207,0,0,0.01829030,0,0
520,1,208,0,0,0.05957827,1,32
521,1,209,0,0,0.01536423,0,0
522,1,210,0,0,0.03757843,0,0
523,1,211,0,0,0.02365398,0,0
524,1,212,0,0,0.01611678,0,0
525,1,213,0,0,0.02822593,0,0
526,1,214,0,0,0.03443417,0,0
527,1,215,0,0,0.01890089,0,0
528,1,216,0,0,0.02721687,0,0
529,1,217,0,0,0.02426262,0,0
530,1,218,0,0,0.03081999,0,0
531,1,219,0,0,0.01080016,0,0
532,1,220,0,0,0.01460776,0,0
533,1,221,0,0,0.02269813,0,0
534,1,222,0,0,0.02310341,0,0
535,1,223,0,0,0.02299773,0,0
536,1,224,0,0,0.03181209,0,0
537,1,225,0,0,0.01224367,0,0
538,1,226,0,0,0.02132915,0,0
539,1,227,0,0,0.02754787,0,0
540,1,228,0,0,0.04296256,1,31
541,1,229,0,0,0.03507034,0,0
542,1,230,0,0,0.02187547,0,0
543,1,231,0,0,0.01841590,0,0
544,1,232,0,0,0.02498071,0,0
545,1,233,0,0,0.02711928,0,0
546,1,234,0,0,0.04003543,1,32
547,1,235,0,0,0.01189762,0,0
548,1,236,0,0,0.01892240,0,0
549,1,237,0,0,0.03821125,0,0
550,1,238,0,0,0.01236366,0,0
551,1,239,0,0,0.02119828,0,0
552,1,240,0,0,0.02268489,0,0
553,1,241,0,0,0.04708225,1,29
554,1,242,0,0,0.03239169,0,0
555,1,243,0,0,0.02873701,0,0
556,1,244,0,0,0.03298725,0,0
557,1,245,0,0,0.01913532,0,0
558,1,246,0,0,0.03100517,0,0
559,1,247,0,0,0.03064288,0,0
560,1,248,0,0,0.01100915,0,0
561,1,249,0,0,0.03478054,0,0
562,1,250,0,0,0.02027081,0,0
563,1,251,0,0,0.01603604,0,0
564,1,252,0,0,0.04247117,1,30
565,1,253,0,0,0.02079834,0,0
566,1,254,0,0,0.02059285,0,0
567,1,255,0,0,0.03351455,0,0
568,1,256,0,0,0.02743981,0,0
569,1,257,0,0,0.02289325,0,0
570,1,258,0,0,0.01461694,0,0
571,1,259,0,0,0.01292368,0,0
572,1,260,0,0,0.01634658,0,0
573,1,261,0,0,0.02428217,0,0
574,1,262,0,0,0.00985570,0,0
575,1,263,0,0,0.04024368,1,30
576,1,264,0,0,0.00420213,0,0
577,1,265,0,0,0.01691144,0,0
578,1,266,0,0,0.02917190,0,0
579,1,267,0,0,0.03443763,0,0
580,1,268,0,0,0.03078828,0,0
581,1,269,0,0,0.01558174,0,0
582,1,270,0,0,0.02374979,0,0
583,1,271,0,0,0.03330960,0,0
584,1,272,0,0,0.01416005,0,0
585,1,273,0,0,0.06961481,1,32
586,1,274,0,0,0.01681022,0,0
587,1,275,0,0,0.02519112,0,0
588,1,276,0,0,0.01928222,0,0
589,1,277,0,0,0.00984162,0,0
590,1,278,0,0,0.02963015,0,0
591,1,279,0,0,0.03085598,0,0
592,1,280,0,0,0.03329157,0,0
593,1,281,0,0,0.02109286,0,0
594,1,282,0,0,0.02504648,0,0
595,1,283,0,0,0.03301753,0,0
596,1,284,0,0,0.01012894,0,0
597,1,285,0,0,0.00910923,0,0
598,1,286,0,0,0.01412632,0,0
599,1,287,0,0,0.01644933,0,0
600,1,288,0,0,0.00768420,0,0
601,1,289,0,0,0.02581657,0,0
602,1,290,0,0,0.02480616,0,0
603,1,291,0,0,0.03731095,0,0
604,1,292,0,0,0.01784784,0,0
605,1,293,0,0,0.02746562,0,0
606,1,294,0,0,0.01445789,0,0
607,1,295,0,0,0.02479426,0,0
608,1,296,0,0,0.00736938,0,0
609,1,297,0,0,0.03332154,0,0
610,1,298,0,0,0.02481839,0,0
611,1,299,0,0,0.02268577,0,0
612,1,300,0,0,0.02055019,0,0
613,1,301,0,0,0.01624212,0,0
614,1,302,0,0,0.03404135,0,0
615,1,303,0,0,0.01600800,0,0
616,1,304,0,0,0.02048944,0,0
617,1,305,0,0,0.01324671,0,0
618,1,306,0,0,0.01579352,0,0
619,1,307,0,0,0.04598530,1,27
620,1,308,0,0,0.01260357,0,0
621,1,309,0,0,0.01158199,0,0
622,1,310,0,0,0.02489146,0,0
623,1,311,0,0,0.03774957,0,0
624,2,0,1,0,0.02976382,0,0
625,2,1,0,0,0.10834143,1,15
626,2,2,0,0,0.02591952,0,0
627,2,3,0,0,0.02898817,0,0
628,2,4,0,0,0.03152470,0,0
629,2,5,0,0,0.04313955,1,32
630,2,6,0,0,0.03153862,0,0
631,2,7,0,0,0.02140617,0,0
632,2,8,0,0,0.02223742,0,0
633,2,9,0,0,0.01298111,0,0
634,2,10,0,0,0.00797062,0,0
635,2,11,0,0,0.02402183,0,0
636,2,12,0,0,0.01263919,0,0
637,2,13,0,0,0.00978652,0,0
638,2,14,0,0,0.01675807,0,0
639,2,15,0,0,0.04333048,1,31
640,2,16,0,0,0.02813558,0,0
641,2,17,0,0,0.03451060,0,0
642,2,18,0,0,0.01277887,0,0
643,2,19,0,0,0.02947759,0,0
644,2,20,0,0,0.01093242,0,0
645,2,21,0,0,0.01736606,0,0
646,2,22,0,0,0.07497045,1,31
647,2,23,0,0,0.00993918,0,0
648,2,24,0,0,0.02964590,0,0
649,2,25,0,0,0.04494137,1,32
650,2,26,0,0,0.01394743,0,0
651,2,27,0,0,0.02815691,0,0
652,2,28,0,0,0.01899359,0,0
653,2,29,0,0,0.02388758,0,0
654,2,30,0,0,0.01576475,0,0
655,2,31,0,0,0.01375631,0,0
656,2,32,0,0,0.03061818,0,0
657,2,33,0,0,0.03762105,0,0
658,2,34,0,0,0.05826344,1,32
659,2,35,0,0,0.02709765,0,0
660,2,36,0,0,0.01107233,0,0
661,2,37,0,0,0.01176157,0,0
662,2,38,0,0,0.02212911,0,0
663,2,39,0,0,0.02047669,0,0
664,2,40,0,0,0.01910480,0,0
665,2,41,0,0,0.02986800,0,0
666,2,42,0,0,0.02985632,0,0
667,2,43,0,0,0.01834711,0,0
668,2,44,0,0,0.04730850,1,32
669,2,45,0,0,0.01762671,0,0
670,2,46,0,0,0.02773890,0,0
671,2,47,0,0,0.01103144,0,0
672,2,48,0,0,0.01182344,0,0
673,2,49,0,0,0.04676247,1,29
674,2,50,0,0,0.01883221,0,0
675,2,51,0,0,0.04258699,1,31
676,2,52,0,0,0.04030034,1,30
677,2,53,0,0,0.03280486,0,0
678,2,54,0,0,0.05259497,1,32
679,2,55,0,0,0.02496848,0,0
680,2,56,0,0,0.01857142,0,0
681,2,57,0,0,0.03662448,0,0
682,2,58,0,0,0.01475287,0,0
683,2,59,0,0,0.01632869,0,0
684,2,60,0,0,0.01832076,0,0
685,2,61,0,0,0.01852543,0,0
686,2,62,0,0,0.00321756,0,0
687,2,63,0,0,0.02751904,0,0
688,2,64,0,0,0.01177587,0,0
689,2,65,0,0,0.02180994,0,0
690,2,66,0,0,0.01761793,0,0
691,2,67,0,0,0.05850537,1,31
692,2,68,0,0,0.01801474,0,0
693,2,69,0,0,0.03135994,0,0
694,2,70,0,0,0.04743595,1,32
695,2,71,0,0,0.06672186,1,29
696,2,72,0,0,0.01691183,0,0
697,2,73,0,0,0.02291223,0,0
698,2,74,0,0,0.02515594,0,0
699,2,75,0,0,0.01572054,0,0
700,2,76,0,0,0.01753043,0,0
701,2,77,0,0,0.02904248,0,0
702,2,78,0,0,0.02197193,0,0
703,2,79,0,0,0.01498346,0,0
704,2,80,0,0,0.02011984,0,0
705,2,81,0,0,0.01440044,0,0
706,2,82,0,0,0.02480577,0,0
707,2,83,0,0,0.02322429,0,0
708,2,84,0,0,0.02516433,0,0
709,2,85,0,0,0.04078246,1,31
710,2,86,0,0,0.01528838,0,0
711,2,87,0,0,0.02264259,0,0
712,2,88,0,0,0.03032573,0,0
713,2,89,0,0,0.00868416,0,0
714,2,90,0,0,0.01844745,0,0
715,2,91,0,0,0.01914626,0,0
716,2,92,0,0,0.02407382,0,0
717,2,93,0,0,0.02324088,0,0
718,2,94,0,0,0.02242110,0,0
719,2,95,0,0,0.04940058,1,31
720,2,96,0,0,0.04521851,1,32
721,2,97,0,0,0.01834270,0,0
722,2,98,0,0,0.00885919,0,0
723,2,99,0,0,0.01441664,0,0
724,2,100,0,0,0.05112012,1,28
725,2,101,0,0,0.02738713,0,0
726,2,102,0,0,0.01886984,0,0
727,2,103,0,0,0.02095986,0,0
728,2,104,0,0,0.03419340,0,0
729,2,105,0,0,0.03696612,0,0
730,2,106,0,0,0.00762227,0,0
731,2,107,0,0,0.03410681,0,0
732,2,108,0,0,0.00498135,0,0
733,2,109,0,0,0.04259542,1,29
734,2,110,0,0,0.00978387,0,0
735,2,111,0,0,0.04934547,1,30
736,2,112,0,0,0.04391174,1,32
737,2,113,0,0,0.02634246,0,0
738,2,114,0,0,0.05916220,1,30
739,2,115,0,0,0.02025788,0,0
740,2,116,0,0,0.01392392,0,0
741,2,117,0,0,0.01154623,0,0
742,2,118,0,0,0.02947590,0,0
743,2,119,0,0,0.02572726,0,0
744,2,120,0,0,0.01685080,0,0
745,2,121,0,0,0.01627203,0,0
746,2,122,0,0,0.01830783,0,0
747,2,123,0,0,0.03138275,0,0
748,2,124,0,0,0.01264999,0,0
749,2,125,0,0,0.01570377,0,0
750,2,126,0,0,0.02800934,0,0
751,2,127,0,0,0.01367969,0,0
752,2,128,0,0,0.04823302,1,30
753,2,129,0,0,0.02140016,0,0
754,2,130,0,0,0.05795472,1,30
755,2,131,0,0,0.02220339,0,0
756,2,132,0,0,0.01130471,0,0
757,2,133,0,0,0.06958096,1,31
758,2,134,0,0,0.03623874,0,0
759,2,135,0,0,0.01718954,0,0
760,2,136,0,0,0.01513162,0,0
761,2,137,0,0,0.01582334,0,0
762,2,138,0,0,0.02308792,0,0
763,2,139,0,0,0.02384270,0,0
764,2,140,0,0,0.03283816,0,0
765,2,141,0,0,0.01176071,0,0
766,2,142,0,0,0.01828112,0,0
767,2,143,0,0,0.02185590,0,0
768,2,144,0,0,0.02762935,0,0
769,2,145,0,0,0.00813883,0,0
770,2,146,0,0,0.02524235,0,0
771,2,147,0,0,0.03383775,0,0
772,2,148,0,0,0.01293111,0,0
773,2,149,0,0,0.02888132,0,0
774,2,150,0,0,0.02598277,0,0
775,2,151,0,0,0.01525095,0,0
776,2,152,0,0,0.04569747,1,31
777,2,153,0,0,0.02830098,0,0
778,2,154,0,0,0.01336462,0,0
779,2,155,0,0,0.00771631,0,0
780,2,156,0,0,0.00539593,0,0
781,2,157,0,0,0.00404312,0,0
782,2,158,0,0,0.03989625,0,0
783,2,159,0,0,0.01729890,0,0
784,2,160,0,0,0.01381789,0,0
785,2,161,0,0,0.02497343,0,0
786,2,162,0,0,0.02655579,0,0
787,2,163,0,0,0.01841803,0,0
788,2,164,0,0,0.01550732,0,0
789,2,165,0,0,0.02893907,0,0
790,2,166,0,0,0.03490362,0,0
791,2,167,0,0,0.01282334,0,0
792,2,168,0,0,0.01484082,0,0
793,2,169,0,0,0.02807422,0,0
794,2,170,0,0,0.03242428,0,0
795,2,171,0,0,0.04915980,1,32
796,2,172,0,0,0.03053153,0,0
797,2,173,0,0,0.01168111,0,0
798,2,174,0,0,0.03026511,0,0
799,2,175,0,0,0.02473265,0,0
800,2,176,0,0,0.02071765,0,0
801,2,177,0,0,0.03287394,0,0
802,2,178,0,0,0.05524645,1,29
803,2,179,0,0,0.02133264,0,0
804,2,180,0,0,0.03606663,0,0
805,2,181,0,0,0.02374150,0,0
806,2,182,0,0,0.03843662,0,0
807,2,183,0,0,0.01437598,0,0
808,2,184,0,0,0.01391915,0,0
809,2,185,0,0,0.01702789,0,0
810,2,186,0,0,0.03732530,0,0
811,2,187,0,0,0.03124345,0,0
812,2,188,0,0,0.02490589,0,0
813,2,189,0,0,0.01986365,0,0
814,2,190,0,0,0.01878012,0,0
815,2,191,0,0,0.02134619,0,0
816,2,192,0,0,0.03141483,0,0
817,2,193,0,0,0.04034816,1,31
818,2,194,0,0,0.02290775,0,0
819,2,195,0,0,0.04091213,1,32
820,2,196,0,0,0.03802361,0,0
821,2,197,0,0,0.02082174,0,0
822,2,198,0,0,0.03385045,0,0
823,2,199,0,0,0.02613391,0,0
824,2,200,0,0,0.05368359,1,30
825,2,201,0,0,0.02371117,0,0
826,2,202,0,0,0.03670180,0,0
827,2,203,0,0,0.03555440,0,0
828,2,204,0,0,0.03732343,0,0
829,2,205,0,0,0.03896429,0,0
830,2,206,0,0,0.01344569,0,0
831,2,207,0,0,0.01217631,0,0
832,2,208,0,0,0.03120224,0,0
833,2,209,0,0,0.02009349,0,0
834,2,210,0,0,0.01814904,0,0
835,2,211,0,0,0.06067374,1,32
836,2,212,0,0,0.02179408,0,0
837,2,213,0,0,0.01398047,0,0
838,2,214,0,0,0.04574943,1,31
839,2,215,0,0,0.02674306,0,0
840,2,216,0,0,0.01673083,0,0
841,2,217,0,0,0.01865242,0,0
842,2,218,0,0,0.02284082,0,0
843,2,219,0,0,0.04040033,1,30
844,2,220,0,0,0.01310597,0,0
845,2,221,0,0,0.01556782,0,0
846,2,222,0,0,0.02193305,0,0
847,2,223,0,0,0.02583691,0,0
848,2,224,0,0,0.01982064,0,0
849,2,225,0,0,0.01839884,0,0
850,2,226,0,0,0.01535492,0,0
851,2,227,0,0,0.02203719,0,0
852,2,228,0,0,0.02064762,0,0
853,2,229,0,0,0.04870660,1,30
854,2,230,0,0,0.04708142,1,30
855,2,231,0,0,0.01981805,0,0
856,2,232,0,0,0.02309578,0,0
857,2,233,0,0,0.01140605,0,0
858,2,234,0,0,0.01921172,0,0
859,2,235,0,0,0.03883715,0,0
860,2,236,0,0,0.02624933,0,0
861,2,237,0,0,0.01971324,0,0
862,2,238,0,0,0.05414023,1,32
863,2,239,0,0,0.01226041,0,0
864,2,240,0,0,0.01886886,0,0
865,2,241,0,0,0.03763106,0,0
866,2,242,0,0,0.04306262,1,31
867,2,243,0,0,0.03633812,0,0
868,2,244,0,0,0.02552710,0,0
869,2,245,0,0,0.05355824,1,31
870,2,246,0,0,0.01733459,0,0
871,2,247,0,0,0.01717746,0,0
872,2,248,0,0,0.03190598,0,0
873,2,249,0,0,0.00831639,0,0
874,2,250,0,0,0.04791799,1,31
875,2,251,0,0,0.02224874,0,0
876,2,252,0,0,0.02083074,0,0
877,2,253,0,0,0.02922614,0,0
878,2,254,0,0,0.02150504,0,0
879,2,255,0,0,0.02785617,0,0
880,2,256,0,0,0.02566177,0,0
881,2,257,0,0,0.04729481,1,31
882,2,258,0,0,0.01609805,0,0
883,2,259,0,0,0.02410948,0,0
884,2,260,0,0,0.01321841,0,0
885,2,261,0,0,0.01677015,0,0
886,2,262,0,0,0.01940644,0,0
887,2,263,0,0,0.01228184,0,0
888,2,264,0,0,0.03609543,0,0
889,2,265,0,0,0.01939293,0,0
890,2,266,0,0,0.01863556,0,0
891,2,267,0,0,0.02585696,0,0
892,2,268,0,0,0.02706052,0,0
893,2,269,0,0,0.02436531,0,0
894,2,270,0,0,0.02083188,0,0
895,2,271,0,0,0.01932180,0,0
896,2,272,0,0,0.02165852,0,0
897,2,273,0,0,0.01986571,0,0
898,2,274,0,0,0.06574106,1,32
899,2,275,0,0,0.01176133,0,0
900,2,276,0,0,0.02403957,0,0
901,2,277,0,0,0.02309673,0,0
902,2,278,0,0,0.00823948,0,0
903,2,279,0,0,0.03303507,0,0
904,2,280,0,0,0.02337765,0,0
905,2,281,0,0,0.02699799,0,0
906,2,282,0,0,0.01988052,0,0
907,2,283,0,0,0.02835184,0,0
908,2,284,0,0,0.01978393,0,0
909,2,285,0,0,0.00999244,0,0
910,2,286,0,0,0.00959816,0,0
911,2,287,0,0,0.01387529,0,0
912,2,288,0,0,0.01248912,0,0
913,2,289,0,0,0.00714439,0,0
914,2,290,0,0,0.02853025,0,0
915,2,291,0,0,0.02646373,0,0
916,2,292,0,0,0.05613750,1,31
917,2,293,0,0,0.02774131,0,0
918,2,294,0,0,0.03913362,0,0
919,2,295,0,0,0.01874297,0,0
920,2,296,0,0,0.01966916,0,0
921,2,297,0,0,0.00940027,0,0
922,2,298,0,0,0.03746012,0,0
923,2,299,0,0,0.02636167,0,0
924,2,300,0,0,0.02302076,0,0
925,2,301,0,0,0.01994557,0,0
926,2,302,0,0,0.02383911,0,0
927,2,303,0,0,0.03450945,0,0
928,2,304,0,0,0.03569814,0,0
929,2,305,0,0,0.04207100,1,30
930,2,306,0,0,0.01072755,0,0
931,2,307,0,0,0.01604979,0,0
932,2,308,0,0,0.04417091,1,30
933,2,309,0,0,0.01164179,0,0
934,2,310,0,0,0.01172233,0,0
935,2,311,0,0,0.02705047,0,0
936,3,0,1,0,0.03666504,0,0
937,3,1,0,0,0.01678880,0,0
938,3,2,0,0,0.06936829,1,15
939,3,3,0,0,0.02483359,0,0
940,3,4,0,0,0.02173449,0,0
941,3,5,0,0,0.03427472,0,0
942,3,6,0,0,0.03893035,0,0
943,3,7,0,0,0.02212213,0,0
944,3,8,0,0,0.02158897,0,0
945,3,9,0,0,0.02827415,0,0
946,3,10,0,0,0.02116525,0,0
947,3,11,0,0,0.01499215,0,0
948,3,12,0,0,0.03241327,0,0
949,3,13,0,0,0.02131984,0,0
950,3,14,0,0,0.00618933,0,0
951,3,15,0,0,0.01741228,0,0
952,3,16,0,0,0.04984950,1,31
953,3,17,0,0,0.02860958,0,0
954,3,18,0,0,0.02220682,0,0
955,3,19,0,0,0.02995720,0,0
956,3,20,0,0,0.03382790,0,0
957,3,21,0,0,0.01513893,0,0
958,3,22,0,0,0.02070342,0,0
959,3,23,0,0,0.04687594,1,32
960,3,24,0,0,0.01548396,0,0
961,3,25,0,0,0.04630948,1,32
962,3,26,0,0,0.05002803,1,32
963,3,27,0,0,0.01335382,0,0
964,3,28,0,0,0.03233289,0,0
965,3,29,0,0,0.02002949,0,0
966,3,30,0,0,0.05633365,1,32
967,3,31,0,0,0.03035324,0,0
968,3,32,0,0,0.02376288,0,0
969,3,33,0,0,0.04277975,1,31
970,3,34,0,0,0.08564405,1,32
971,3,35,0,0,0.06626052,1,31
972,3,36,0,0,0.02231319,0,0
973,3,37,0,0,0.01204695,0,0
974,3,38,0,0,0.01944348,0,0
975,3,39,0,0,0.02477510,0,0
976,3,40,0,0,0.01811301,0,0
977,3,41,0,0,0.02160656,0,0
978,3,42,0,0,0.03316813,0,0
979,3,43,0,0,0.03228093,0,0
980,3,44,0,0,0.02826793,0,0
981,3,45,0,0,0.06517565,1,32
982,3,46,0,0,0.01404145,0,0
983,3,47,0,0,0.02568673,0,0
984,3,48,0,0,0.01140459,0,0
985,3,49,0,0,0.02631686,0,0
986,3,50,0,0,0.05886263,1,31
987,3,51,0,0,0.03203112,0,0
988,3,52,0,0,0.05932152,1,32
989,3,53,0,0,0.05303238,1,32
990,3,54,0,0,0.03434676,0,0
991,3,55,0,0,0.06733498,1,32
992,3,56,0,0,0.02686028,0,0
993,3,57,0,0,0.01717959,0,0
994,3,58,0,0,0.02464978,0,0
995,3,59,0,0,0.01740003,0,0
996,3,60,0,0,0.01044549,0,0
997,3,61,0,0,0.03965525,0,0
998,3,62,0,0,0.02955812,0,0
999,3,63,0,0,0.00280656,0,0
1000,3,64,0,0,0.03543283,0,0
1001,3,65,0,0,0.03241291,0,0
1002,3,66,0,0,0.02041253,0,0
1003,3,67,0,0,0.01594909,0,0
1004,3,68,0,0,0.05967152,1,32
1005,3,69,0,0,0.01638512,0,0
1006,3,70,0,0,0.05556853,1,32
1007,3,71,0,0,0.05367937,1,31
1008,3,72,0,0,0.05243610,1,31
1009,3,73,0,0,0.02529712,0,0
1010,3,74,0,0,0.01394872,0,0
1011,3,75,0,0,0.03543376,0,0
1012,3,76,0,0,0.01435256,0,0
1013,3,77,0,0,0.03012213,0,0
1014,3,78,0,0,0.04270839,1,31
1015,3,79,0,0,0.02737704,0,0
1016,3,80,0,0,0.01568024,0,0
1017,3,81,0,0,0.03394817,0,0
1018,3,82,0,0,0.01931060,0,0
1019,3,83,0,0,0.03288349,0,0
1020,3,84,0,0,0.01992541,0,0
1021,3,85,0,0,0.04741442,1,31
1022,3,86,0,0,0.04709690,1,32
1023,3,87,0,0,0.01139439,0,0
1024,3,88,0,0,0.02641307,0,0
1025,3,89,0,0,0.04463819,1,31
1026,3,90,0,0,0.00800689,0,0
1027,3,91,0,0,0.01764950,0,0
1028,3,92,0,0,0.02205088,0,0
1029,3,93,0,0,0.01960482,0,0
1030,3,94,0,0,0.02602047,0,0
1031,3,95,0,0,0.02907493,0,0
1032,3,96,0,0,0.04105315,1,31
1033,3,97,0,0,0.04590569,1,32
1034,3,98,0,0,0.02413680,0,0
1035,3,99,0,0,0.00942680,0,0
1036,3,100,0,0,0.01848948,0,0
1037,3,101,0,0,0.06952901,1,30
1038,3,102,0,0,0.01551285,0,0
1039,3,103,0,0,0.02425477,0,0
1040,3,104,0,0,0.02068881,0,0
1041,3,105,0,0,0.03288758,0,0
1042,3,106,0,0,0.04305938,1,32
1043,3,107,0,0,0.00246119,0,0
1044,3,108,0,0,0.04321098,1,32
1045,3,109,0,0,0.00898017,0,0
1046,3,110,0,0,0.05267227,1,32
1047,3,111,0,0,0.01154897,0,0
1048,3,112,0,0,0.05447260,1,30
1049,3,113,0,0,0.02993299,0,0
1050,3,114,0,0,0.03473133,0,0
1051,3,115,0,0,0.03983681,0,0
1052,3,116,0,0,0.03484228,0,0
1053,3,117,0,0,0.01517420,0,0
1054,3,118,0,0,0.01823629,0,0
1055,3,119,0,0,0.02446442,0,0
1056,3,120,0,0,0.01594715,0,0
1057,3,121,0,0,0.02017738,0,0
1058,3,122,0,0,0.03832356,0,0
1059,3,123,0,0,0.02006459,0,0
1060,3,124,0,0,0.02819607,0,0
1061,3,125,0,0,0.02149900,0,0
1062,3,126,0,0,0.01761141,0,0
1063,3,127,0,0,0.02642442,0,0
1064,3,128,0,0,0.01516806,0,0
1065,3,129,0,0,0.04920726,1,30
1066,3,130,0,0,0.02829318,0,0
1067,3,131,0,0,0.06230067,1,32
1068,3,132,0,0,0.02274576,0,0
1069,3,133,0,0,0.01611589,0,0
1070,3,134,0,0,0.07346213,1,31
1071,3,135,0,0,0.03985599,0,0
1072,3,136,0,0,0.01202757,0,0
1073,3,137,0,0,0.01116572,0,0
1074,3,138,0,0,0.01656970,0,0
1075,3,139,0,0,0.01738054,0,0
1076,3,140,0,0,0.01872855,0,0
1077,3,141,0,0,0.03435113,0,0
1078,3,142,0,0,0.00484626,0,0
1079,3,143,0,0,0.02865224,0,0
1080,3,144,0,0,0.02314688,0,0
1081,3,145,0,0,0.01938398,0,0
1082,3,146,0,0,0.01595379,0,0
1083,3,147,0,0,0.03820300,0,0
1084,3,148,0,0,0.03506584,0,0
1085,3,149,0,0,0.01396915,0,0
1086,3,150,0,0,0.02849936,0,0
1087,3,151,0,0,0.02907143,0,0
1088,3,152,0,0,0.02474665,0,0
1089,3,153,0,0,0.01827534,0,0
1090,3,154,0,0,0.03003456,0,0
1091,3,155,0,0,0.01268966,0,0
1092,3,156,0,0,0.01827031,0,0
1093,3,157,0,0,0.01298208,0,0
1094,3,158,0,0,0.03599449,0,0
1095,3,159,0,0,0.03816545,0,0
1096,3,160,0,0,0.01391502,0,0
1097,3,161,0,0,0.01541097,0,0
1098,3,162,0,0,0.04133641,1,31
1099,3,163,0,0,0.01934645,0,0
1100,3,164,0,0,0.02980172,0,0
1101,3,165,0,0,0.01569553,0,0
1102,3,166,0,0,0.03425411,0,0
1103,3,167,0,0,0.02842559,0,0
1104,3,168,0,0,0.02827524,0,0
1105,3,169,0,0,0.01088083,0,0
1106,3,170,0,0,0.03332629,0,0
1107,3,171,0,0,0.01752048,0,0
1108,3,172,0,0,0.03370431,0,0
1109,3,173,0,0,0.01735799,0,0
1110,3,174,0,0,0.01544188,0,0
1111,3,175,0,0,0.03092343,0,0
1112,3,176,0,0,0.03041301,0,0
1113,3,177,0,0,0.02328007,0,0
1114,3,178,0,0,0.04092342,1,32
1115,3,179,0,0,0.06245592,1,29
1116,3,180,0,0,0.01587227,0,0
1117,3,181,0,0,0.02644475,0,0
1118,3,182,0,0,0.01808958,0,0
1119,3,183,0,0,0.04279283,1,32
1120,3,184,0,0,0.02614849,0,0
1121,3,185,0,0,0.01717524,0,0
1122,3,186,0,0,0.01978223,0,0
1123,3,187,0,0,0.03693581,0,0
1124,3,188,0,0,0.03045728,0,0
1125,3,189,0,0,0.06018991,1,32
1126,3,190,0,0,0.03761466,0,0
1127,3,191,0,0,0.03951436,0,0
1128,3,192,0,0,0.02563771,0,0
1129,3,193,0,0,0.06360693,1,32
1130,3,194,0,0,0.03504526,0,0
1131,3,195,0,0,0.02054881,0,0
1132,3,196,0,0,0.03511204,0,0
1133,3,197,0,0,0.04577135,1,32
1134,3,198,0,0,0.03074063,0,0
1135,3,199,0,0,0.05829360,1,32
1136,3,200,0,0,0.03275745,0,0
1137,3,201,0,0,0.07447131,1,31
1138,3,202,0,0,0.02644861,0,0
1139,3,203,0,0,0.04347825,1,31
1140,3,204,0,0,0.04498336,1,32
1141,3,205,0,0,0.04559932,1,32
1142,3,206,0,0,0.05186190,1,32
1143,3,207,0,0,0.01519005,0,0
1144,3,208,0,0,0.01412261,0,0
1145,3,209,0,0,0.03081782,0,0
1146,3,210,0,0,0.04414635,1,32
1147,3,211,0,0,0.01618300,0,0
1148,3,212,0,0,0.10213320,1,32
1149,3,213,0,0,0.02625382,0,0
1150,3,214,0,0,0.02569650,0,0
1151,3,215,0,0,0.06378920,1,32
1152,3,216,0,0,0.03790430,0,0
1153,3,217,0,0,0.02428667,0,0
1154,3,218,0,0,0.05057765,1,32
1155,3,219,0,0,0.02182583,0,0
1156,3,220,0,0,0.03219558,0,0
1157,3,221,0,0,0.02247482,0,0
1158,3,222,0,0,0.02093645,0,0
1159,3,223,0,0,0.03751975,0,0
1160,3,224,0,0,0.02407607,0,0
1161,3,225,0,0,0.01867812,0,0
1162,3,226,0,0,0.06015100,1,32
1163,3,227,0,0,0.01498460,0,0
1164,3,228,0,0,0.01969107,0,0
1165,3,229,0,0,0.04294070,1,32
1166,3,230,0,0,0.05349896,1,32
1167,3,231,0,0,0.07107154,1,32
1168,3,232,0,0,0.01997062,0,0
1169,3,233,0,0,0.01982979,0,0
1170,3,234,0,0,0.02871238,0,0
1171,3,235,0,0,0.04006512,1,32
1172,3,236,0,0,0.04328629,1,32
1173,3,237,0,0,0.02690262,0,0
1174,3,238,0,0,0.01924333,0,0
1175,3,239,0,0,0.05945430,1,32
1176,3,240,0,0,0.01714397,0,0
1177,3,241,0,0,0.01989714,0,0
1178,3,242,0,0,0.04029437,1,32
1179,3,243,0,0,0.05292296,1,31
1180,3,244,0,0,0.03231912,0,0
1181,3,245,0,0,0.02782585,0,0
1182,3,246,0,0,0.04939739,1,32
1183,3,247,0,0,0.01559702,0,0
1184,3,248,0,0,0.02838432,0,0
1185,3,249,0,0,0.03252443,0,0
1186,3,250,0,0,0.01567646,0,0
1187,3,251,0,0,0.03860778,0,0
1188,3,252,0,0,0.02361545,0,0
1189,3,253,0,0,0.01682428,0,0
1190,3,254,0,0,0.03387252,0,0
1191,3,255,0,0,0.02967548,0,0
1192,3,256,0,0,0.02307273,0,0
1193,3,257,0,0,0.03278705,0,0
1194,3,258,0,0,0.04429058,1,31
1195,3,259,0,0,0.02412923,0,0
1196,3,260,0,0,0.01699964,0,0
1197,3,261,0,0,0.01190098,0,0
1198,3,262,0,0,0.01920787,0,0
1199,3,263,0,0,0.04600570,1,32
1200,3,264,0,0,0.02287276,0,0
1201,3,265,0,0,0.03434060,0,0
1202,3,266,0,0,0.02462447,0,0
1203,3,267,0,0,0.02327545,0,0
1204,3,268,0,0,0.04186890,1,32
1205,3,269,0,0,0.03541922,0,0
1206,3,270,0,0,0.03481575,0,0
1207,3,271,0,0,0.01946856,0,0
1208,3,272,0,0,0.02116900,0,0
1209,3,273,0,0,0.02440280,0,0
1210,3,274,0,0,0.01059597,0,0
1211,3,275,0,0,0.07295130,1,32
1212,3,276,0,0,0.01442418,0,0
1213,3,277,0,0,0.03909778,0,0
1214,3,278,0,0,0.02343292,0,0
1215,3,279,0,0,0.02347961,0,0
1216,3,280,0,0,0.03416101,0,0
1217,3,281,0,0,0.04713374,1,32
1218,3,282,0,0,0.02494682,0,0
1219,3,283,0,0,0.02521934,0,0
1220,3,284,0,0,0.04981536,1,31
1221,3,285,0,0,0.03281263,0,0
1222,3,286,0,0,0.01658969,0,0
1223,3,287,0,0,0.00904810,0,0
1224,3,288,0,0,0.01541183,0,0
1225,3,289,0,0,0.01568070,0,0
1226,3,290,0,0,0.00994034,0,0
1227,3,291,0,0,0.03721654,0,0
1228,3,292,0,0,0.03690835,0,0
1229,3,293,0,0,0.06085606,1,32
1230,3,294,0,0,0.02502627,0,0
1231,3,295,0,0,0.03199095,0,0
1232,3,296,0,0,0.01973996,0,0
1233,3,297,0,0,0.01974444,0,0
1234,3,298,0,0,0.00713854,0,0
1235,3,299,0,0,0.03722217,0,0
1236,3,300,0,0,0.02947226,0,0
1237,3,301,0,0,0.01963789,0,0
1238,3,302,0,0,0.02368019,0,0
1239,3,303,0,0,0.02660339,0,0
1240,3,304,0,0,0.03577965,0,0
1241,3,305,0,0,0.03536225,0,0
1242,3,306,0,0,0.03234375,0,0
1243,3,307,0,0,0.01562591,0,0
1244,3,308,0,0,0.02737164,0,0
1245,3,309,0,0,0.03952068,0,0
1246,3,310,0,0,0.01098491,0,0
1247,3,311,0,0,0.01721238,0,0
1248,4,0,1,0,0.03462790,0,0
1249,4,1,0,0,0.05188061,1,32
1250,4,2,0,0,0.03101612,0,0
1251,4,3,0,0,0.08790498,1,15
1252,4,4,0,0,0.01838012,0,0
1253,4,5,0,0,0.01788680,0,0
1254,4,6,0,0,0.01057066,0,0
1255,4,7,0,0,0.02620851,0,0
1256,4,8,0,0,0.01187679,0,0
1257,4,9,0,0,0.00948814,0,0
1258,4,10,0,0,0.01225045,0,0
1259,4,11,0,0,0.01455239,0,0
1260,4,12,0,0,0.01182331,0,0
1261,4,13,0,0,0.02352585,0,0
1262,4,14,0,0,0.01410937,0,0
1263,4,15,0,0,0.01505023,0,0
1264,4,16,0,0,0.01950666,0,0
1265,4,17,0,0,0.01866609,0,0
1266,4,18,0,0,0.01608695,0,0
1267,4,19,0,0,0.01070423,0,0
1268,4,20,0,0,0.01272976,0,0
1269,4,21,0,0,0.02487813,0,0
1270,4,22,0,0,0.00774188,0,0
1271,4,23,0,0,0.01032089,0,0
1272,4,24,0,0,0.01582752,0,0
1273,4,25,0,0,0.01417102,0,0
1274,4,26,0,0,0.01655183,0,0
1275,4,27,0,0,0.02589717,0,0
1276,4,28,0,0,0.01246814,0,0
1277,4,29,0,0,0.02414446,0,0
1278,4,30,0,0,0.00880378,0,0
1279,4,31,0,0,0.01925605,0,0
1280,4,32,0,0,0.01581747,0,0
1281,4,33,0,0,0.00618151,0,0
1282,4,34,0,0,0.02307200,0,0
1283,4,35,0,0,0.02987869,0,0
1284,4,36,0,0,0.02734390,0,0
1285,4,37,0,0,0.01211554,0,0
1286,4,38,0,0,0.00854779,0,0
1287,4,39,0,0,0.01290677,0,0
1288,4,40,0,0,0.02003750,0,0
1289,4,41,0,0,0.01659122,0,0
1290,4,42,0,0,0.00696392,0,0
1291,4,43,0,0,0.01391538,0,0
1292,4,44,0,0,0.01052907,0,0
1293,4,45,0,0,0.02349840,0,0
1294,4,46,0,0,0.05508009,1,29
1295,4,47,0,0,0.01698243,0,0
1296,4,48,0,0,0.01725023,0,0
1297,4,49,0,0,0.01087444,0,0
1298,4,50,0,0,0.01505120,0,0
1299,4,51,0,0,0.02462506,0,0
1300,4,52,0,0,0.03370069,0,0
1301,4,53,0,0,0.01893936,0,0
1302,4,54,0,0,0.01822509,0,0
1303,4,55,0,0,0.01693572,0,0
1304,4,56,0,0,0.05835070,1,28
1305,4,57,0,0,0.01660778,0,0
1306,4,58,0,0,0.00725280,0,0
1307,4,59,0,0,0.01808339,0,0
1308,4,60,0,0,0.00480790,0,0
1309,4,61,0,0,0.01250935,0,0
1310,4,62,0,0,0.01754996,0,0
1311,4,63,0,0,0.02633682,0,0
1312,4,64,0,0,0.00930468,0,0
1313,4,65,0,0,0.02643041,0,0
1314,4,66,0,0,0.00925338,0,0
1315,4,67,0,0,0.01414650,0,0
1316,4,68,0,0,0.02079852,0,0
1317,4,69,0,0,0.03046460,0,0
1318,4,70,0,0,0.01498426,0,0
1319,4,71,0,0,0.02025808,0,0
1320,4,72,0,0,0.02039688,0,0
1321,4,73,0,0,0.01187779,0,0
1322,4,74,0,0,0.01588077,0,0
1323,4,75,0,0,0.03315278,0,0
1324,4,76,0,0,0.02827942,0,0
1325,4,77,0,0,0.01358882,0,0
1326,4,78,0,0,0.01171851,0,0
1327,4,79,0,0,0.01160359,0,0
1328,4,80,0,0,0.01561898,0,0
1329,4,81,0,0,0.01509387,0,0
1330,4,82,0,0,0.02450287,0,0
1331,4,83,0,0,0.00800075,0,0
1332,4,84,0,0,0.02732342,0,0
1333,4,85,0,0,0.02942033,0,0
1334,4,86,0,0,0.01371153,0,0
1335,4,87,0,0,0.02137097,0,0
1336,4,88,0,0,0.01918779,0,0
1337,4,89,0,0,0.01520663,0,0
1338,4,90,0,0,0.03998023,0,0
1339,4,91,0,0,0.01533686,0,0
1340,4,92,0,0,0.01339126,0,0
1341,4,93,0,0,0.00835281,0,0
1342,4,94,0,0,0.00758635,0,0
1343,4,95,0,0,0.01711768,0,0
1344,4,96,0,0,0.01191345,0,0
1345,4,97,0,0,0.02130077,0,0
1346,4,98,0,0,0.02298557,0,0
1347,4,99,0,0,0.02431217,0,0
1348,4,100,0,0,0.01157697,0,0
1349,4,101,0,0,0.00515250,0,0
1350,4,102,0,0,0.02220456,0,0
1351,4,103,0,0,0.01210677,0,0
1352,4,104,0,0,0.01286128,0,0
1353,4,105,0,0,0.01339377,0,0
1354,4,106,0,0,0.01140935,0,0
1355,4,107,0,0,0.01586402,0,0
1356,4,108,0,0,0.01178052,0,0
1357,4,109,0,0,0.00918443,0,0
1358,4,110,0,0,0.01009029,0,0
1359,4,111,0,0,0.02089532,0,0
1360,4,112,0,0,0.00785264,0,0
1361,4,113,0,0,0.02074838,0,0
1362,4,114,0,0,0.02102941,0,0
1363,4,115,0,0,0.01613065,0,0
1364,4,116,0,0,0.03342803,0,0
1365,4,117,0,0,0.02638132,0,0
1366,4,118,0,0,0.01116524,0,0
1367,4,119,0,0,0.01021865,0,0
1368,4,120,0,0,0.01007824,0,0
1369,4,121,0,0,0.00310324,0,0
1370,4,122,0,0,0.02568057,0,0
1371,4,123,0,0,0.01292726,0,0
1372,4,124,0,0,0.00834583,0,0
1373,4,125,0,0,0.01973189,0,0
1374,4,126,0,0,0.01465255,0,0
1375,4,127,0,0,0.00710265,0,0
1376,4,128,0,0,0.01591352,0,0
1377,4,129,0,0,0.01380488,0,0
1378,4,130,0,0,0.02661110,0,0
1379,4,131,0,0,0.01459875,0,0
1380,4,132,0,0,0.02454169,0,0
1381,4,133,0,0,0.02117458,0,0
1382,4,134,0,0,0.00467948,0,0
1383,4,135,0,0,0.03209861,0,0
1384,4,136,0,0,0.01999632,0,0
1385,4,137,0,0,0.01052242,0,0
1386,4,138,0,0,0.01827756,0,0
1387,4,139,0,0,0.02476121,0,0
1388,4,140,0,0,0.01027113,0,0
1389,4,141,0,0,0.01221459,0,0
1390,4,142,0,0,0.01757234,0,0
1391,4,143,0,0,0.00762286,0,0
1392,4,144,0,0,0.01106411,0,0
1393,4,145,0,0,0.00621925,0,0
1394,4,146,0,0,0.01697445,0,0
1395,4,147,0,0,0.00756834,0,0
1396,4,148,0,0,0.00878415,0,0
1397,4,149,0,0,0.01747815,0,0
1398,4,150,0,0,0.01000821,0,0
1399,4,151,0,0,0.02444502,0,0
1400,4,152,0,0,0.00990076,0,0
1401,4,153,0,0,0.00872360,0,0
1402,4,154,0,0,0.00977241,0,0
1403,4,155,0,0,0.01046573,0,0
1404,4,156,0,0,0.01507697,0,0
1405,4,157,0,0,0.02001349,0,0
1406,4,158,0,0,0.01824969,0,0
1407,4,159,0,0,0.00745258,0,0
1408,4,160,0,0,0.01274258,0,0
1409,4,161,0,0,0.01582708,0,0
1410,4,162,0,0,0.01054625,0,0
1411,4,163,0,0,0.02254898,0,0
1412,4,164,0,0,0.00938316,0,0
1413,4,165,0,0,0.01177040,0,0
1414,4,166,0,0,0.01477175,0,0
1415,4,167,0,0,0.02173929,0,0
1416,4,168,0,0,0.00767668,0,0
1417,4,169,0,0,0.00940535,0,0
1418,4,170,0,0,0.01586817,0,0
1419,4,171,0,0,0.01983178,0,0
1420,4,172,0,0,0.01153447,0,0
1421,4,173,0,0,0.00982464,0,0
1422,4,174,0,0,0.01481986,0,0
1423,4,175,0,0,0.01553448,0,0
1424,4,176,0,0,0.02884091,0,0
1425,4,177,0,0,0.01709567,0,0
1426,4,178,0,0,0.01758897,0,0
1427,4,179,0,0,0.03160717,0,0
1428,4,180,0,0,0.02236134,0,0
1429,4,181,0,0,0.00554978,0,0
1430,4,182,0,0,0.01242121,0,0
1431,4,183,0,0,0.00809426,0,0
1432,4,184,0,0,0.01892868,0,0
1433,4,185,0,0,0.01680638,0,0
1434,4,186,0,0,0.01534825,0,0
1435,4,187,0,0,0.01571255,0,0
1436,4,188,0,0,0.01532787,0,0
1437,4,189,0,0,0.00814121,0,0
1438,4,190,0,0,0.03831273,0,0
1439,4,191,0,0,0.01782814,0,0
1440,4,192,0,0,0.01277867,0,0
1441,4,193,0,0,0.01200576,0,0
1442,4,194,0,0,0.02421710,0,0
1443,4,195,0,0,0.01441119,0,0
1444,4,196,0,0,0.01964326,0,0
1445,4,197,0,0,0.02979499,0,0
1446,4,198,0,0,0.02971658,0,0
1447,4,199,0,0,0.01607098,0,0
1448,4,200,0,0,0.02641043,0,0
1449,4,201,0,0,0.01879173,0,0
1450,4,202,0,0,0.02718110,0,0
1451,4,203,0,0,0.01624282,0,0
1452,4,204,0,0,0.01551770,0,0
1453,4,205,0,0,0.01291232,0,0
1454,4,206,0,0,0.00913530,0,0
1455,4,207,0,0,0.05030648,1,29
1456,4,208,0,0,0.00998635,0,0
1457,4,209,0,0,0.01185902,0,0
1458,4,210,0,0,0.01710251,0,0
1459,4,211,0,0,0.01693361,0,0
1460,4,212,0,0,0.01077075,0,0
1461,4,213,0,0,0.04468939,1,29
1462,4,214,0,0,0.01443545,0,0
1463,4,215,0,0,0.01159035,0,0
1464,4,216,0,0,0.02750552,0,0
1465,4,217,0,0,0.01920213,0,0
1466,4,218,0,0,0.00539631,0,0
1467,4,219,0,0,0.01674396,0,0
1468,4,220,0,0,0.01662970,0,0
1469,4,221,0,0,0.01788423,0,0
1470,4,222,0,0,0.02102722,0,0
1471,4,223,0,0,0.01036788,0,0
1472,4,224,0,0,0.01689293,0,0
1473,4,225,0,0,0.01237173,0,0
1474,4,226,0,0,0.00874724,0,0
1475,4,227,0,0,0.03035433,0,0
1476,4,228,0,0,0.01958146,0,0
1477,4,229,0,0,0.01392803,0,0
1478,4,230,0,0,0.01536911,0,0
1479,4,231,0,0,0.02374034,0,0
1480,4,232,0,0,0.02085530,0,0
1481,4,233,0,0,0.01252469,0,0
1482,4,234,0,0,0.01242014,0,0
1483,4,235,0,0,0.01617156,0,0
1484,4,236,0,0,0.01643388,0,0
1485,4,237,0,0,0.01772168,0,0
1486,4,238,0,0,0.00451779,0,0
1487,4,239,0,0,0.02321683,0,0
1488,4,240,0,0,0.01601581,0,0
1489,4,241,0,0,0.00763591,0,0
1490,4,242,0,0,0.01263114,0,0
1491,4,243,0,0,0.01402292,0,0
1492,4,244,0,0,0.03114873,0,0
1493,4,245,0,0,0.01143989,0,0
1494,4,246,0,0,0.01140013,0,0
1495,4,247,0,0,0.01376298,0,0
1496,4,248,0,0,0.01039600,0,0
1497,4,249,0,0,0.00828059,0,0
1498,4,250,0,0,0.00952721,0,0
1499,4,251,0,0,0.01319779,0,0
1500,4,252,0,0,0.02285827,0,0
1501,4,253,0,0,0.01071251,0,0
1502,4,254,0,0,0.03594435,0,0
1503,4,255,0,0,0.03730012,0,0
1504,4,256,0,0,0.01780431,0,0
1505,4,257,0,0,0.00530940,0,0
1506,4,258,0,0,0.01817867,0,0
1507,4,259,0,0,0.01447849,0,0
1508,4,260,0,0,0.00886819,0,0
1509,4,261,0,0,0.00740618,0,0
1510,4,262,0,0,0.00867102,0,0
1511,4,263,0,0,0.01538094,0,0
1512,4,264,0,0,0.00662225,0,0
1513,4,265,0,0,0.02242661,0,0
1514,4,266,0,0,0.02075495,0,0
1515,4,267,0,0,0.00737222,0,0
1516,4,268,0,0,0.01144203,0,0
1517,4,269,0,0,0.02476053,0,0
1518,4,270,0,0,0.01523638,0,0
1519,4,271,0,0,0.00536773,0,0
1520,4,272,0,0,0.01330313,0,0
1521,4,273,0,0,0.01254956,0,0
1522,4,274,0,0,0.00992464,0,0
1523,4,275,0,0,0.00976991,0,0
1524,4,276,0,0,0.02645813,0,0
1525,4,277,0,0,0.01271277,0,0
1526,4,278,0,0,0.01809930,0,0
1527,4,279,0,0,0.01108953,0,0
1528,4,280,0,0,0.01306953,0,0
1529,4,281,0,0,0.01932727,0,0
1530,4,282,0,0,0.02198858,0,0
1531,4,283,0,0,0.01838782,0,0
1532,4,284,0,0,0.02397452,0,0
1533,4,285,0,0,0.01462971,0,0
1534,4,286,0,0,0.01279538,0,0
1535,4,287,0,0,0.00459417,0,0
1536,4,288,0,0,0.01312491,0,0
1537,4,289,0,0,0.01317531,0,0
1538,4,290,0,0,0.00690983,0,0
1539,4,291,0,0,0.01197803,0,0
1540,4,292,0,0,0.01229605,0,0
1541,4,293,0,0,0.01521442,0,0
1542,4,294,0,0,0.01168898,0,0
1543,4,295,0,0,0.02843213,0,0
1544,4,296,0,0,0.00992150,0,0
1545,4,297,0,0,0.01146125,0,0
1546,4,298,0,0,0.01474425,0,0
1547,4,299,0,0,0.00600716,0,0
1548,4,300,0,0,0.01328910,0,0
1549,4,301,0,0,0.01619359,0,0
1550,4,302,0,0,0.00828396,0,0
1551,4,303,0,0,0.02398401,0,0
1552,4,304,0,0,0.02544180,0,0
1553,4,305,0,0,0.01360270,0,0
1554,4,306,0,0,0.00305813,0,0
1555,4,307,0,0,0.00864173,0,0
1556,4,308,0,0,0.01150987,0,0
1557,4,309,0,0,0.01504688,0,0
1558,4,310,0,0,0.01592197,0,0
1559,4,311,0,0,0.00755888,0,0
1560,5,0,1,0,0.02117534,0,0
1561,5,1,0,0,0.01617153,0,0
1562,5,2,0,0,0.03124676,0,0
1563,5,3,0,0,0.01179127,0,0
1564,5,4,0,0,0.06054296,1,13
1565,5,5,0,0,0.01251275,0,0
1566,5,6,0,0,0.02423411,0,0
1567,5,7,0,0,0.02774564,0,0
1568,5,8,0,0,0.03307922,0,0
1569,5,9,0,0,0.01987477,0,0
1570,5,10,0,0,0.01949176,0,0
1571,5,11,0,0,0.04142943,1,32
1572,5,12,0,0,0.02295041,0,0
1573,5,13,0,0,0.01683715,0,0
1574,5,14,0,0,0.02101211,0,0
1575,5,15,0,0,0.01981466,0,0
1576,5,16,0,0,0.01443766,0,0
1577,5,17,0,0,0.01085808,0,0
1578,5,18,0,0,0.03406658,0,0
1579,5,19,0,0,0.02537377,0,0
1580,5,20,0,0,0.04197406,1,31
1581,5,21,0,0,0.02654734,0,0
1582,5,22,0,0,0.03454255,0,0
1583,5,23,0,0,0.01456649,0,0
1584,5,24,0,0,0.01804922,0,0
1585,5,25,0,0,0.04506136,1,32
1586,5,26,0,0,0.01610776,0,0
1587,5,27,0,0,0.03416996,0,0
1588,5,28,0,0,0.04754783,1,32
1589,5,29,0,0,0.01737793,0,0
1590,5,30,0,0,0.02989038,0,0
1591,5,31,0,0,0.03409910,0,0
1592,5,32,0,0,0.05149252,1,32
1593,5,33,0,0,0.02607115,0,0
1594,5,34,0,0,0.01430234,0,0
1595,5,35,0,0,0.02847448,0,0
1596,5,36,0,0,0.05620580,1,32
1597,5,37,0,0,0.07825932,1,31
1598,5,38,0,0,0.02318988,0,0
1599,5,39,0,0,0.01537395,0,0
1600,5,40,0,0,0.01957972,0,0
1601,5,41,0,0,0.02041382,0,0
1602,5,42,0,0,0.01851672,0,0
1603,5,43,0,0,0.02295334,0,0
1604,5,44,0,0,0.04087000,1,31
1605,5,45,0,0,0.03189432,0,0
1606,5,46,0,0,0.03885499,0,0
1607,5,47,0,0,0.06000032,1,32
1608,5,48,0,0,0.01658259,0,0
1609,5,49,0,0,0.02868349,0,0
1610,5,50,0,0,0.01710836,0,0
1611,5,51,0,0,0.02318970,0,0
1612,5,52,0,0,0.05797378,1,31
1613,5,53,0,0,0.02394568,0,0
1614,5,54,0,0,0.03891911,0,0
1615,5,55,0,0,0.05567427,1,32
1616,5,56,0,0,0.03376295,0,0
1617,5,57,0,0,0.05470694,1,31
1618,5,58,0,0,0.02521464,0,0
1619,5,59,0,0,0.00865990,0,0
1620,5,60,0,0,0.03274901,0,0
1621,5,61,0,0,0.01668750,0,0
1622,5,62,0,0,0.00835538,0,0
1623,5,63,0,0,0.04605850,1,32
1624,5,64,0,0,0.02950368,0,0
1625,5,65,0,0,0.00701272,0,0
1626,5,66,0,0,0.02702915,0,0
1627,5,67,0,0,0.01226255,0,0
1628,5,68,0,0,0.02358582,0,0
1629,5,69,0,0,0.01510378,0,0
1630,5,70,0,0,0.06792804,1,31
1631,5,71,0,0,0.02492536,0,0
1632,5,72,0,0,0.04301184,1,32
1633,5,73,0,0,0.04123451,1,31
1634,5,74,0,0,0.05103390,1,32
1635,5,75,0,0,0.01975532,0,0
1636,5,76,0,0,0.01445516,0,0
1637,5,77,0,0,0.03651456,0,0
1638,5,78,0,0,0.00704890,0,0
1639,5,79,0,0,0.02725888,0,0
1640,5,80,0,0,0.02997205,0,0
1641,5,81,0,0,0.02368059,0,0
1642,5,82,0,0,0.01939045,0,0
1643,5,83,0,0,0.02325657,0,0
1644,5,84,0,0,0.01537701,0,0
1645,5,85,0,0,0.03663507,0,0
1646,5,86,0,0,0.02439601,0,0
1647,5,87,0,0,0.02818514,0,0
1648,5,88,0,0,0.04521415,1,32
1649,5,89,0,0,0.01555309,0,0
1650,5,90,0,0,0.03266769,0,0
1651,5,91,0,0,0.03470533,0,0
1652,5,92,0,0,0.00622598,0,0
1653,5,93,0,0,0.01366353,0,0
1654,5,94,0,0,0.02004987,0,0
1655,5,95,0,0,0.01848880,0,0
1656,5,96,0,0,0.02110474,0,0
1657,5,97,0,0,0.04534630,1,31
1658,5,98,0,0,0.02969741,0,0
1659,5,99,0,0,0.04097026,1,32
1660,5,100,0,0,0.02654481,0,0
1661,5,101,0,0,0.01064161,0,0
1662,5,102,0,0,0.01611558,0,0
1663,5,103,0,0,0.07701410,1,32
1664,5,104,0,0,0.01524417,0,0
1665,5,105,0,0,0.02836368,0,0
1666,5,106,0,0,0.02488386,0,0
1667,5,107,0,0,0.02890810,0,0
1668,5,108,0,0,0.04173085,1,31
1669,5,109,0,0,0.00388063,0,0
1670,5,110,0,0,0.03770507,0,0
1671,5,111,0,0,0.00950358,0,0
1672,5,112,0,0,0.05373430,1,31
1673,5,113,0,0,0.01001915,0,0
1674,5,114,0,0,0.05066761,1,31
1675,5,115,0,0,0.04404594,1,32
1676,5,116,0,0,0.02986394,0,0
1677,5,117,0,0,0.03947023,0,0
1678,5,118,0,0,0.04145847,1,31
1679,5,119,0,0,0.01381601,0,0
1680,5,120,0,0,0.01678189,0,0
1681,5,121,0,0,0.02146262,0,0
1682,5,122,0,0,0.01519289,0,0
1683,5,123,0,0,0.01826495,0,0
1684,5,124,0,0,0.02618571,0,0
1685,5,125,0,0,0.02097464,0,0
1686,5,126,0,0,0.02741840,0,0
1687,5,127,0,0,0.01709373,0,0
1688,5,128,0,0,0.02158539,0,0
1689,5,129,0,0,0.03066605,0,0
1690,5,130,0,0,0.01115380,0,0
1691,5,131,0,0,0.05058626,1,31
1692,5,132,0,0,0.02818499,0,0
1693,5,133,0,0,0.05970918,1,32
1694,5,134,0,0,0.02473251,0,0
1695,5,135,0,0,0.01888622,0,0
1696,5,136,0,0,0.06667794,1,31
1697,5,137,0,0,0.03526449,0,0
1698,5,138,0,0,0.01115766,0,0
1699,5,139,0,0,0.01288871,0,0
1700,5,140,0,0,0.01609390,0,0
1701,5,141,0,0,0.01388613,0,0
1702,5,142,0,0,0.01578978,0,0
1703,5,143,0,0,0.03220147,0,0
1704,5,144,0,0,0.00480866,0,0
1705,5,145,0,0,0.02581308,0,0
1706,5,146,0,0,0.01654766,0,0
1707,5,147,0,0,0.01923421,0,0
1708,5,148,0,0,0.01253884,0,0
1709,5,149,0,0,0.04167689,1,31
1710,5,150,0,0,0.03082468,0,0
1711,5,151,0,0,0.01424473,0,0
1712,5,152,0,0,0.02763716,0,0
1713,5,153,0,0,0.02489726,0,0
1714,5,154,0,0,0.01543807,0,0
1715,5,155,0,0,0.03192114,0,0
1716,5,156,0,0,0.02405010,0,0
1717,5,157,0,0,0.01195521,0,0
1718,5,158,0,0,0.02139880,0,0
1719,5,159,0,0,0.01468095,0,0
1720,5,160,0,0,0.01016993,0,0
1721,5,161,0,0,0.02493397,0,0
1722,5,162,0,0,0.01467465,0,0
1723,5,163,0,0,0.01517947,0,0
1724,5,164,0,0,0.02473910,0,0
1725,5,165,0,0,0.02265112,0,0
1726,5,166,0,0,0.02434748,0,0
1727,5,167,0,0,0.01910733,0,0
1728,5,168,0,0,0.02340170,0,0
1729,5,169,0,0,0.03212674,0,0
1730,5,170,0,0,0.02557541,0,0
1731,5,171,0,0,0.02035255,0,0
1732,5,172,0,0,0.02940514,0,0
1733,5,173,0,0,0.01349581,0,0
1734,5,174,0,0,0.04771497,1,32
1735,5,175,0,0,0.01995040,0,0
1736,5,176,0,0,0.01468765,0,0
1737,5,177,0,0,0.03098153,0,0
1738,5,178,0,0,0.04033267,1,32
1739,5,179,0,0,0.01924425,0,0
1740,5,180,0,0,0.04362859,1,30
1741,5,181,0,0,0.04495196,1,30
1742,5,182,0,0,0.01326353,0,0
1743,5,183,0,0,0.01869295,0,0
1744,5,184,0,0,0.01719379,0,0
1745,5,185,0,0,0.03716445,0,0
1746,5,186,0,0,0.01762870,0,0
1747,5,187,0,0,0.01743744,0,0
1748,5,188,0,0,0.01827592,0,0
1749,5,189,0,0,0.02722784,0,0
1750,5,190,0,0,0.02965529,0,0
1751,5,191,0,0,0.03644805,0,0
1752,5,192,0,0,0.03158537,0,0
1753,5,193,0,0,0.02496766,0,0
1754,5,194,0,0,0.01713776,0,0
1755,5,195,0,0,0.05942234,1,32
1756,5,196,0,0,0.03252925,0,0
1757,5,197,0,0,0.02224850,0,0
1758,5,198,0,0,0.02219330,0,0
1759,5,199,0,0,0.05007587,1,31
1760,5,200,0,0,0.02360893,0,0
1761,5,201,0,0,0.05260123,1,32
1762,5,202,0,0,0.02412268,0,0
1763,5,203,0,0,0.04660103,1,31
1764,5,204,0,0,0.02038101,0,0
1765,5,205,0,0,0.03784315,0,0
1766,5,206,0,0,0.02889269,0,0
1767,5,207,0,0,0.04550067,1,32
1768,5,208,0,0,0.04097374,1,31
1769,5,209,0,0,0.01352523,0,0
1770,5,210,0,0,0.00858525,0,0
1771,5,211,0,0,0.02592408,0,0
1772,5,212,0,0,0.04060186,1,31
1773,5,213,0,0,0.01915400,0,0
1774,5,214,0,0,0.08955552,1,32
1775,5,215,0,0,0.02539963,0,0
1776,5,216,0,0,0.02551788,0,0
1777,5,217,0,0,0.05653387,1,32
1778,5,218,0,0,0.03411186,0,0
1779,5,219,0,0,0.02492871,0,0
1780,5,220,0,0,0.02469373,0,0
1781,5,221,0,0,0.01991187,0,0
1782,5,222,0,0,0.02461902,0,0
1783,5,223,0,0,0.01269682,0,0
1784,5,224,0,0,0.01588017,0,0
1785,5,225,0,0,0.02898672,0,0
1786,5,226,0,0,0.02492193,0,0
1787,5,227,0,0,0.02001903,0,0
1788,5,228,0,0,0.05349834,1,32
1789,5,229,0,0,0.01141229,0,0
1790,5,230,0,0,0.00929761,0,0
1791,5,231,0,0,0.04137931,1,32
1792,5,232,0,0,0.02917589,0,0
1793,5,233,0,0,0.05716900,1,31
1794,5,234,0,0,0.02044351,0,0
1795,5,235,0,0,0.01974190,0,0
1796,5,236,0,0,0.02011272,0,0
1797,5,237,0,0,0.03435596,0,0
1798,5,238,0,0,0.03669588,0,0
1799,5,239,0,0,0.03680551,0,0
1800,5,240,0,0,0.01342811,0,0
1801,5,241,0,0,0.03579674,0,0
1802,5,242,0,0,0.01547513,0,0
1803,5,243,0,0,0.01782156,0,0
1804,5,244,0,0,0.06012806,1,32
1805,5,245,0,0,0.04447470,1,31
1806,5,246,0,0,0.03563114,0,0
1807,5,247,0,0,0.01837512,0,0
1808,5,248,0,0,0.03942108,0,0
1809,5,249,0,0,0.01836604,0,0
1810,5,250,0,0,0.02371941,0,0
1811,5,251,0,0,0.03277699,0,0
1812,5,252,0,0,0.01027076,0,0
1813,5,253,0,0,0.03699389,0,0
1814,5,254,0,0,0.01855587,0,0
1815,5,255,0,0,0.01581120,0,0
1816,5,256,0,0,0.02692576,0,0
1817,5,257,0,0,0.02768153,0,0
1818,5,258,0,0,0.02417267,0,0
1819,5,259,0,0,0.03221053,0,0
1820,5,260,0,0,0.04242614,1,31
1821,5,261,0,0,0.02142345,0,0
1822,5,262,0,0,0.01344078,0,0
1823,5,263,0,0,0.00726102,0,0
1824,5,264,0,0,0.01585121,0,0
1825,5,265,0,0,0.04619645,1,32
1826,5,266,0,0,0.01720014,0,0
1827,5,267,0,0,0.03548745,0,0
1828,5,268,0,0,0.02301525,0,0
1829,5,269,0,0,0.01654468,0,0
1830,5,270,0,0,0.03478039,0,0
1831,5,271,0,0,0.02955027,0,0
1832,5,272,0,0,0.02133705,0,0
1833,5,273,0,0,0.02338424,0,0
1834,5,274,0,0,0.02091176,0,0
1835,5,275,0,0,0.02966115,0,0
1836,5,276,0,0,0.00858776,0,0
1837,5,277,0,0,0.05854551,1,32
1838,5,278,0,0,0.01103831,0,0
1839,5,279,0,0,0.02774438,0,0
1840,5,280,0,0,0.02062613,0,0
1841,5,281,0,0,0.02493640,0,0
1842,5,282,0,0,0.03749643,0,0
1843,5,283,0,0,0.04357650,1,32
1844,5,284,0,0,0.02158036,0,0
1845,5,285,0,0,0.02119859,0,0
1846,5,286,0,0,0.04395115,1,31
1847,5,287,0,0,0.02434079,0,0
1848,5,288,0,0,0.01492976,0,0
1849,5,289,0,0,0.00869394,0,0
1850,5,290,0,0,0.01424170,0,0
1851,5,291,0,0,0.01305706,0,0
1852,5,292,0,0,0.00897138,0,0
1853,5,293,0,0,0.03668713,0,0
1854,5,294,0,0,0.03848482,0,0
1855,5,295,0,0,0.05862147,1,31
1856,5,296,0,0,0.02493174,0,0
1857,5,297,0,0,0.01286121,0,0
1858,5,298,0,0,0.01843122,0,0
1859,5,299,0,0,0.02333286,0,0
1860,5,300,0,0,0.00668948,0,0
1861,5,301,0,0,0.03726627,0,0
1862,5,302,0,0,0.02978205,0,0
1863,5,303,0,0,0.01926660,0,0
1864,5,304,0,0,0.02017166,0,0
1865,5,305,0,0,0.02436916,0,0
1866,5,306,0,0,0.03627045,0,0
1867,5,307,0,0,0.01558574,0,0
1868,5,308,0,0,0.04750124,1,32
1869,5,309,0,0,0.01596179,0,0
1870,5,310,0,0,0.02912267,0,0
1871,5,311,0,0,0.04301397,1,30
1872,6,0,1,0,0.00986228,0,0
1873,6,1,0,0,0.01611557,0,0
1874,6,2,0,0,0.02978268,0,0
1875,6,3,0,0,0.05069769,1,31
1876,6,4,0,0,0.03281552,0,0
1877,6,5,0,0,0.08662619,1,16
1878,6,6,0,0,0.02676544,0,0
1879,6,7,0,0,0.03426534,0,0
1880,6,8,0,0,0.03078073,0,0
1881,6,9,0,0,0.04058082,1,32
1882,6,10,0,0,0.02176994,0,0
1883,6,11,0,0,0.02299954,0,0
1884,6,12,0,0,0.02991665,0,0
1885,6,13,0,0,0.02567001,0,0
1886,6,14,0,0,0.01292877,0,0
1887,6,15,0,0,0.03326669,0,0
1888,6,16,0,0,0.02058671,0,0
1889,6,17,0,0,0.01256686,0,0
1890,6,18,0,0,0.01343935,0,0
1891,6,19,0,0,0.01905061,0,0
1892,6,20,0,0,0.03383227,0,0
1893,6,21,0,0,0.02956251,0,0
1894,6,22,0,0,0.02727057,0,0
1895,6,23,0,0,0.03186950,0,0
1896,6,24,0,0,0.01393703,0,0
1897,6,25,0,0,0.01922303,0,0
1898,6,26,0,0,0.03043522,0,0
1899,6,27,0,0,0.01573733,0,0
1900,6,28,0,0,0.03623054,0,0
1901,6,29,0,0,0.05113355,1,32
1902,6,30,0,0,0.01797224,0,0
1903,6,31,0,0,0.03299624,0,0
1904,6,32,0,0,0.02826224,0,0
1905,6,33,0,0,0.04115252,1,32
1906,6,34,0,0,0.03146020,0,0
1907,6,35,0,0,0.02010284,0,0
1908,6,36,0,0,0.03423360,0,0
1909,6,37,0,0,0.07546340,1,32
1910,6,38,0,0,0.06082856,1,31
1911,6,39,0,0,0.03019222,0,0
1912,6,40,0,0,0.01531900,0,0
1913,6,41,0,0,0.01865512,0,0
1914,6,42,0,0,0.02249920,0,0
1915,6,43,0,0,0.02229034,0,0
1916,6,44,0,0,0.01942193,0,0
1917,6,45,0,0,0.04353146,1,32
1918,6,46,0,0,0.03115603,0,0
1919,6,47,0,0,0.03783678,0,0
1920,6,48,0,0,0.05906938,1,32
1921,6,49,0,0,0.01487278,0,0
1922,6,50,0,0,0.02212706,0,0
1923,6,51,0,0,0.01699286,0,0
1924,6,52,0,0,0.02817686,0,0
1925,6,53,0,0,0.05979835,1,31
1926,6,54,0,0,0.02878184,0,0
1927,6,55,0,0,0.04229610,1,32
1928,6,56,0,0,0.03268673,0,0
1929,6,57,0,0,0.03093663,0,0
1930,6,58,0,0,0.04159773,1,30
1931,6,59,0,0,0.02033670,0,0
1932,6,60,0,0,0.01468710,0,0
1933,6,61,0,0,0.03213526,0,0
1934,6,62,0,0,0.01125010,0,0
1935,6,63,0,0,0.01348781,0,0
1936,6,64,0,0,0.04266164,1,32
1937,6,65,0,0,0.03169038,0,0
1938,6,66,0,0,0.00873111,0,0
1939,6,67,0,0,0.03176309,0,0
1940,6,68,0,0,0.02206101,0,0
1941,6,69,0,0,0.01345451,0,0
1942,6,70,0,0,0.01472575,0,0
1943,6,71,0,0,0.03976650,0,0
1944,6,72,0,0,0.02393501,0,0
1945,6,73,0,0,0.05604324,1,32
1946,6,74,0,0,0.05242936,1,31
1947,6,75,0,0,0.04348107,1,30
1948,6,76,0,0,0.02057588,0,0
1949,6,77,0,0,0.01388430,0,0
1950,6,78,0,0,0.02974302,0,0
1951,6,79,0,0,0.01406105,0,0
1952,6,80,0,0,0.02409998,0,0
1953,6,81,0,0,0.02894264,0,0
1954,6,82,0,0,0.02372848,0,0
1955,6,83,0,0,0.01501211,0,0
1956,6,84,0,0,0.01935356,0,0
1957,6,85,0,0,0.00855228,0,0
1958,6,86,0,0,0.03432576,0,0
1959,6,87,0,0,0.02338379,0,0
1960,6,88,0,0,0.03689542,0,0
1961,6,89,0,0,0.04030884,1,32
1962,6,90,0,0,0.01765116,0,0
1963,6,91,0,0,0.02253099,0,0
1964,6,92,0,0,0.03428454,0,0
1965,6,93,0,0,0.00850432,0,0
1966,6,94,0,0,0.00648227,0,0
1967,6,95,0,0,0.01767415,0,0
1968,6,96,0,0,0.03020889,0,0
1969,6,97,0,0,0.02252656,0,0
1970,6,98,0,0,0.02530417,0,0
1971,6,99,0,0,0.04974508,1,31
1972,6,100,0,0,0.04485544,1,32
1973,6,101,0,0,0.01195581,0,0
1974,6,102,0,0,0.00785454,0,0
1975,6,103,0,0,0.01434351,0,0
1976,6,104,0,0,0.06338031,1,30
1977,6,105,0,0,0.01226783,0,0
1978,6,106,0,0,0.02733893,0,0
1979,6,107,0,0,0.02575743,0,0
1980,6,108,0,0,0.02930185,0,0
1981,6,109,0,0,0.04546385,1,29
1982,6,110,0,0,0.00722004,0,0
1983,6,111,0,0,0.01956977,0,0
1984,6,112,0,0,0.00724094,0,0
1985,6,113,0,0,0.05004813,1,32
1986,6,114,0,0,0.01401138,0,0
1987,6,115,0,0,0.02194848,0,0
1988,6,116,0,0,0.02219687,0,0
1989,6,117,0,0,0.03130420,0,0
1990,6,118,0,0,0.04130246,1,31
1991,6,119,0,0,0.03612372,0,0
1992,6,120,0,0,0.01370942,0,0
1993,6,121,0,0,0.01547612,0,0
1994,6,122,0,0,0.02907754,0,0
1995,6,123,0,0,0.01443585,0,0
1996,6,124,0,0,0.02103955,0,0
1997,6,125,0,0,0.03937242,0,0
1998,6,126,0,0,0.02494685,0,0
1999,6,127,0,0,0.02433187,0,0
2000,6,128,0,0,0.02228871,0,0
2001,6,129,0,0,0.02318499,0,0
2002,6,130,0,0,0.02074173,0,0
2003,6,131,0,0,0.00987779,0,0
2004,6,132,0,0,0.04842257,1,32
2005,6,133,0,0,0.02752615,0,0
2006,6,134,0,0,0.05424646,1,32
2007,6,135,0,0,0.02828315,0,0
2008,6,136,0,0,0.01785236,0,0
2009,6,137,0,0,0.06368639,1,31
2010,6,138,0,0,0.03590413,0,0
2011,6,139,0,0,0.00941239,0,0
2012,6,140,0,0,0.00989250,0,0
2013,6,141,0,0,0.03753941,0,0
2014,6,142,0,0,0.01550901,0,0
2015,6,143,0,0,0.01413010,0,0
2016,6,144,0,0,0.02888160,0,0
2017,6,145,0,0,0.00205721,0,0
2018,6,146,0,0,0.02966692,0,0
2019,6,147,0,0,0.02057986,0,0
2020,6,148,0,0,0.02360641,0,0
2021,6,149,0,0,0.01662710,0,0
2022,6,150,0,0,0.03280245,0,0
2023,6,151,0,0,0.02999396,0,0
2024,6,152,0,0,0.01629551,0,0
2025,6,153,0,0,0.02660102,0,0
2026,6,154,0,0,0.02200294,0,0
2027,6,155,0,0,0.00879017,0,0
2028,6,156,0,0,0.03232219,0,0
2029,6,157,0,0,0.02101496,0,0
2030,6,158,0,0,0.01313759,0,0
2031,6,159,0,0,0.01974833,0,0
2032,6,160,0,0,0.01272189,0,0
2033,6,161,0,0,0.01104301,0,0
2034,6,162,0,0,0.04078364,1,31
2035,6,163,0,0,0.00921483,0,0
2036,6,164,0,0,0.01145566,0,0
2037,6,165,0,0,0.04686499,1,32
2038,6,166,0,0,0.02465701,0,0
2039,6,167,0,0,0.01902115,0,0
2040,6,168,0,0,0.01894591,0,0
2041,6,169,0,0,0.02966918,0,0
2042,6,170,0,0,0.04128719,1,32
2043,6,171,0,0,0.02587086,0,0
2044,6,172,0,0,0.01829872,0,0
2045,6,173,0,0,0.02139311,0,0
2046,6,174,0,0,0.01878506,0,0
2047,6,175,0,0,0.03937586,0,0
2048,6,176,0,0,0.03044394,0,0
2049,6,177,0,0,0.01185091,0,0
2050,6,178,0,0,0.03175329,0,0
2051,6,179,0,0,0.03698997,0,0
2052,6,180,0,0,0.02159382,0,0
2053,6,181,0,0,0.05512571,1,31
2054,6,182,0,0,0.04481196,1,29
2055,6,183,0,0,0.01800366,0,0
2056,6,184,0,0,0.03016767,0,0
2057,6,185,0,0,0.02825445,0,0
2058,6,186,0,0,0.04368010,1,32
2059,6,187,0,0,0.02196071,0,0
2060,6,188,0,0,0.01939909,0,0
2061,6,189,0,0,0.02090963,0,0
2062,6,190,0,0,0.01706741,0,0
2063,6,191,0,0,0.02047827,0,0
2064,6,192,0,0,0.06480091,1,30
2065,6,193,0,0,0.03506850,0,0
2066,6,194,0,0,0.02938941,0,0
2067,6,195,0,0,0.04396847,1,32
2068,6,196,0,0,0.05478746,1,31
2069,6,197,0,0,0.03266418,0,0
2070,6,198,0,0,0.01837883,0,0
2071,6,199,0,0,0.03018278,0,0
2072,6,200,0,0,0.03665040,0,0
2073,6,201,0,0,0.02866633,0,0
2074,6,202,0,0,0.04775715,1,32
2075,6,203,0,0,0.02945171,0,0
2076,6,204,0,0,0.06182201,1,31
2077,6,205,0,0,0.02540368,0,0
2078,6,206,0,0,0.04238293,1,31
2079,6,207,0,0,0.03136572,0,0
2080,6,208,0,0,0.02608054,0,0
2081,6,209,0,0,0.05994318,1,32
2082,6,210,0,0,0.01610331,0,0
2083,6,211,0,0,0.00658711,0,0
2084,6,212,0,0,0.03370198,0,0
2085,6,213,0,0,0.02636987,0,0
2086,6,214,0,0,0.01935103,0,0
2087,6,215,0,0,0.09936102,1,32
2088,6,216,0,0,0.01989012,0,0
2089,6,217,0,0,0.02359451,0,0
2090,6,218,0,0,0.05251577,1,30
2091,6,219,0,0,0.03229069,0,0
2092,6,220,0,0,0.02195444,0,0
2093,6,221,0,0,0.03889258,0,0
2094,6,222,0,0,0.02383550,0,0
2095,6,223,0,0,0.03508059,0,0
2096,6,224,0,0,0.02028420,0,0
2097,6,225,0,0,0.01703443,0,0
2098,6,226,0,0,0.02792778,0,0
2099,6,227,0,0,0.03455832,0,0
2100,6,228,0,0,0.01709219,0,0
2101,6,229,0,0,0.06413286,1,32
2102,6,230,0,0,0.01566043,0,0
2103,6,231,0,0,0.02293981,0,0
2104,6,232,0,0,0.04419902,1,32
2105,6,233,0,0,0.02891669,0,0
2106,6,234,0,0,0.05553123,1,32
2107,6,235,0,0,0.02164461,0,0
2108,6,236,0,0,0.01505396,0,0
2109,6,237,0,0,0.03307343,0,0
2110,6,238,0,0,0.03369182,0,0
2111,6,239,0,0,0.03292507,0,0
2112,6,240,0,0,0.03795927,0,0
2113,6,241,0,0,0.01874386,0,0
2114,6,242,0,0,0.04063981,1,31
2115,6,243,0,0,0.01519313,0,0
2116,6,244,0,0,0.02399424,0,0
2117,6,245,0,0,0.02650959,0,0
2118,6,246,0,0,0.05183816,1,31
2119,6,247,0,0,0.02546288,0,0
2120,6,248,0,0,0.02197516,0,0
2121,6,249,0,0,0.03427229,0,0
2122,6,250,0,0,0.01148298,0,0
2123,6,251,0,0,0.02700782,0,0
2124,6,252,0,0,0.03787092,0,0
2125,6,253,0,0,0.01344315,0,0
2126,6,254,0,0,0.03381013,0,0
2127,6,255,0,0,0.02342506,0,0
2128,6,256,0,0,0.01703735,0,0
2129,6,257,0,0,0.03449500,0,0
2130,6,258,0,0,0.03975908,0,0
2131,6,259,0,0,0.02386958,0,0
2132,6,260,0,0,0.03013361,0,0
2133,6,261,0,0,0.05686612,1,30
2134,6,262,0,0,0.01426124,0,0
2135,6,263,0,0,0.01812669,0,0
2136,6,264,0,0,0.00728542,0,0
2137,6,265,0,0,0.02165282,0,0
2138,6,266,0,0,0.04486594,1,32
2139,6,267,0,0,0.02537536,0,0
2140,6,268,0,0,0.03514534,0,0
2141,6,269,0,0,0.02384267,0,0
2142,6,270,0,0,0.01649645,0,0
2143,6,271,0,0,0.04466834,1,32
2144,6,272,0,0,0.03129246,0,0
2145,6,273,0,0,0.02832031,0,0
2146,6,274,0,0,0.02876036,0,0
2147,6,275,0,0,0.02057482,0,0
2148,6,276,0,0,0.02276859,0,0
2149,6,277,0,0,0.01014663,0,0
2150,6,278,0,0,0.06990992,1,32
2151,6,279,0,0,0.01174813,0,0
2152,6,280,0,0,0.03359164,0,0
2153,6,281,0,0,0.02293414,0,0
2154,6,282,0,0,0.00696379,0,0
2155,6,283,0,0,0.04175122,1,32
2156,6,284,0,0,0.04928776,1,32
2157,6,285,0,0,0.02211957,0,0
2158,6,286,0,0,0.03239007,0,0
2159,6,287,0,0,0.02533655,0,0
2160,6,288,0,0,0.02689661,0,0
2161,6,289,0,0,0.01551890,0,0
2162,6,290,0,0,0.00857545,0,0
2163,6,291,0,0,0.01352554,0,0
2164,6,292,0,0,0.01253285,0,0
2165,6,293,0,0,0.00561765,0,0
2166,6,294,0,0,0.02696818,0,0
2167,6,295,0,0,0.03247578,0,0
2168,6,296,0,0,0.06673801,1,32
2169,6,297,0,0,0.02731743,0,0
2170,6,298,0,0,0.01153407,0,0
2171,6,299,0,0,0.01991453,0,0
2172,6,300,0,0,0.01481696,0,0
2173,6,301,0,0,0.01676472,0,0
2174,6,302,0,0,0.03735640,0,0
2175,6,303,0,0,0.02906406,0,0
2176,6,304,0,0,0.02163843,0,0
2177,6,305,0,0,0.02142158,0,0
2178,6,306,0,0,0.02613949,0,0
2179,6,307,0,0,0.03393950,0,0
2180,6,308,0,0,0.01720774,0,0
2181,6,309,0,0,0.02353181,0,0
2182,6,310,0,0,0.01787369,0,0
2183,6,311,0,0,0.02328524,0,0
2184,7,0,1,0,0.03721213,0,0
2185,7,1,0,0,0.02070472,0,0
2186,7,2,0,0,0.02257842,0,0
2187,7,3,0,0,0.03390002,0,0
2188,7,4,0,0,0.05111893,1,32
2189,7,5,0,0,0.02628785,0,0
2190,7,6,0,0,0.09842619,1,16
2191,7,7,0,0,0.01938841,0,0
2192,7,8,0,0,0.01691629,0,0
2193,7,9,0,0,0.02897881,0,0
2194,7,10,0,0,0.03442571,0,0
2195,7,11,0,0,0.02207074,0,0
2196,7,12,0,0,0.01370974,0,0
2197,7,13,0,0,0.04238089,1,31
2198,7,14,0,0,0.01118661,0,0
2199,7,15,0,0,0.01259542,0,0
2200,7,16,0,0,0.03090572,0,0
2201,7,17,0,0,0.01995443,0,0
2202,7,18,0,0,0.00884688,0,0
2203,7,19,0,0,0.01106302,0,0
2204,7,20,0,0,0.05371674,1,29
2205,7,21,0,0,0.02166300,0,0
2206,7,22,0,0,0.01716911,0,0
2207,7,23,0,0,0.02508442,0,0
2208,7,24,0,0,0.03567632,0,0
2209,7,25,0,0,0.01633546,0,0
2210,7,26,0,0,0.01908917,0,0
2211,7,27,0,0,0.04629879,1,31
2212,7,28,0,0,0.02407993,0,0
2213,7,29,0,0,0.03513057,0,0
2214,7,30,0,0,0.05452333,1,31
2215,7,31,0,0,0.01320193,0,0
2216,7,32,0,0,0.02727132,0,0
2217,7,33,0,0,0.01698793,0,0
2218,7,34,0,0,0.04788537,1,31
2219,7,35,0,0,0.02677579,0,0
2220,7,36,0,0,0.02249232,0,0
2221,7,37,0,0,0.03800504,0,0
2222,7,38,0,0,0.07930026,1,30
2223,7,39,0,0,0.04554829,1,31
2224,7,40,0,0,0.01937697,0,0
2225,7,41,0,0,0.01228257,0,0
2226,7,42,0,0,0.01271138,0,0
2227,7,43,0,0,0.02549003,0,0
2228,7,44,0,0,0.02167191,0,0
2229,7,45,0,0,0.02626193,0,0
2230,7,46,0,0,0.03171963,0,0
2231,7,47,0,0,0.02962848,0,0
2232,7,48,0,0,0.02946636,0,0
2233,7,49,0,0,0.03069344,0,0
2234,7,50,0,0,0.02657115,0,0
2235,7,51,0,0,0.02206398,0,0
2236,7,52,0,0,0.02001800,0,0
2237,7,53,0,0,0.01942023,0,0
2238,7,54,0,0,0.04546181,1,31
2239,7,55,0,0,0.03825062,0,0
2240,7,56,0,0,0.04544166,1,32
2241,7,57,0,0,0.03611136,0,0
2242,7,58,0,0,0.03096706,0,0
2243,7,59,0,0,0.05343330,1,31
2244,7,60,0,0,0.02649936,0,0
2245,7,61,0,0,0.00798625,0,0
2246,7,62,0,0,0.02060370,0,0
2247,7,63,0,0,0.01314734,0,0
2248,7,64,0,0,0.00950778,0,0
2249,7,65,0,0,0.04437043,1,32
2250,7,66,0,0,0.02925176,0,0
2251,7,67,0,0,0.00390322,0,0
2252,7,68,0,0,0.03174928,0,0
2253,7,69,0,0,0.03985733,0,0
2254,7,70,0,0,0.02870420,0,0
2255,7,71,0,0,0.01754281,0,0
2256,7,72,0,0,0.07513423,1,32
2257,7,73,0,0,0.01665078,0,0
2258,7,74,0,0,0.06041800,1,32
2259,7,75,0,0,0.05037085,1,32
2260,7,76,0,0,0.03823891,0,0
2261,7,77,0,0,0.02235689,0,0
2262,7,78,0,0,0.01586420,0,0
2263,7,79,0,0,0.03362827,0,0
2264,7,80,0,0,0.01699972,0,0
2265,7,81,0,0,0.02861480,0,0
2266,7,82,0,0,0.02583297,0,0
2267,7,83,0,0,0.02573191,0,0
2268,7,84,0,0,0.02815906,0,0
2269,7,85,0,0,0.01539888,0,0
2270,7,86,0,0,0.01182155,0,0
2271,7,87,0,0,0.03190620,0,0
2272,7,88,0,0,0.01140027,0,0
2273,7,89,0,0,0.03305347,0,0
2274,7,90,0,0,0.04688451,1,32
2275,7,91,0,0,0.01877637,0,0
2276,7,92,0,0,0.02652932,0,0
2277,7,93,0,0,0.04238966,1,32
2278,7,94,0,0,0.00562729,0,0
2279,7,95,0,0,0.01626703,0,0
2280,7,96,0,0,0.01776422,0,0
2281,7,97,0,0,0.01799087,0,0
2282,7,98,0,0,0.01912478,0,0
2283,7,99,0,0,0.04183571,1,31
2284,7,100,0,0,0.03568413,0,0
2285,7,101,0,0,0.04361991,1,32
2286,7,102,0,0,0.02354698,0,0
2287,7,103,0,0,0.00637563,0,0
2288,7,104,0,0,0.01586594,0,0
2289,7,105,0,0,0.08372247,1,32
2290,7,106,0,0,0.01244651,0,0
2291,7,107,0,0,0.02544961,0,0
2292,7,108,0,0,0.01481394,0,0
2293,7,109,0,0,0.02754162,0,0
2294,7,110,0,0,0.02981567,0,0
2295,7,111,0,0,0.00507899,0,0
2296,7,112,0,0,0.03498753,0,0
2297,7,113,0,0,0.01035856,0,0
2298,7,114,0,0,0.05257837,1,30
2299,7,115,0,0,0.00959830,0,0
2300,7,116,0,0,0.04963724,1,31
2301,7,117,0,0,0.02496231,0,0
2302,7,118,0,0,0.03555238,0,0
2303,7,119,0,0,0.03522792,0,0
2304,7,120,0,0,0.05820251,1,32
2305,7,121,0,0,0.02907120,0,0
2306,7,122,0,0,0.01558102,0,0
2307,7,123,0,0,0.03331678,0,0
2308,7,124,0,0,0.01815901,0,0
2309,7,125,0,0,0.01424732,0,0
2310,7,126,0,0,0.03092190,0,0
2311,7,127,0,0,0.01580089,0,0
2312,7,128,0,0,0.03446453,0,0
2313,7,129,0,0,0.01346577,0,0
2314,7,130,0,0,0.02029341,0,0
2315,7,131,0,0,0.03031817,0,0
2316,7,132,0,0,0.01741397,0,0
2317,7,133,0,0,0.04257725,1,32
2318,7,134,0,0,0.03038931,0,0
2319,7,135,0,0,0.06053855,1,32
2320,7,136,0,0,0.02501545,0,0
2321,7,137,0,0,0.01543026,0,0
2322,7,138,0,0,0.07631872,1,32
2323,7,139,0,0,0.03068345,0,0
2324,7,140,0,0,0.01262818,0,0
2325,7,141,0,0,0.01586678,0,0
2326,7,142,0,0,0.01536438,0,0
2327,7,143,0,0,0.01536704,0,0
2328,7,144,0,0,0.01772075,0,0
2329,7,145,0,0,0.03255606,0,0
2330,7,146,0,0,0.00521211,0,0
2331,7,147,0,0,0.02154489,0,0
2332,7,148,0,0,0.02322395,0,0
2333,7,149,0,0,0.02425564,0,0
2334,7,150,0,0,0.01731607,0,0
2335,7,151,0,0,0.03348688,0,0
2336,7,152,0,0,0.03858960,0,0
2337,7,153,0,0,0.01389749,0,0
2338,7,154,0,0,0.02796290,0,0
2339,7,155,0,0,0.01977894,0,0
2340,7,156,0,0,0.02561815,0,0
2341,7,157,0,0,0.03286905,0,0
2342,7,158,0,0,0.02235654,0,0
2343,7,159,0,0,0.01057730,0,0
2344,7,160,0,0,0.01160111,0,0
2345,7,161,0,0,0.00962658,0,0
2346,7,162,0,0,0.02442125,0,0
2347,7,163,0,0,0.03102995,0,0
2348,7,164,0,0,0.01788780,0,0
2349,7,165,0,0,0.01272922,0,0
2350,7,166,0,0,0.03417699,0,0
2351,7,167,0,0,0.02106325,0,0
2352,7,168,0,0,0.04100182,1,32
2353,7,169,0,0,0.01518999,0,0
2354,7,170,0,0,0.01634890,0,0
2355,7,171,0,0,0.02939136,0,0
2356,7,172,0,0,0.02914847,0,0
2357,7,173,0,0,0.01613526,0,0
2358,7,174,0,0,0.01839031,0,0
2359,7,175,0,0,0.01727240,0,0
2360,7,176,0,0,0.03822849,0,0
2361,7,177,0,0,0.01867573,0,0
2362,7,178,0,0,0.01362337,0,0
2363,7,179,0,0,0.02638957,0,0
2364,7,180,0,0,0.02121686,0,0
2365,7,181,0,0,0.01697046,0,0
2366,7,182,0,0,0.03462939,0,0
2367,7,183,0,0,0.06369983,1,31
2368,7,184,0,0,0.01000022,0,0
2369,7,185,0,0,0.04153848,1,32
2370,7,186,0,0,0.02112259,0,0
2371,7,187,0,0,0.04164388,1,32
2372,7,188,0,0,0.02122593,0,0
2373,7,189,0,0,0.01378663,0,0
2374,7,190,0,0,0.01536092,0,0
2375,7,191,0,0,0.03259420,0,0
2376,7,192,0,0,0.02740725,0,0
2377,7,193,0,0,0.04797387,1,31
2378,7,194,0,0,0.03432295,0,0
2379,7,195,0,0,0.04211653,1,32
2380,7,196,0,0,0.01456597,0,0
2381,7,197,0,0,0.05449176,1,32
2382,7,198,0,0,0.03092039,0,0
2383,7,199,0,0,0.01678494,0,0
2384,7,200,0,0,0.04403375,1,32
2385,7,201,0,0,0.03603152,0,0
2386,7,202,0,0,0.01693257,0,0
2387,7,203,0,0,0.04558402,1,32
2388,7,204,0,0,0.03605913,0,0
2389,7,205,0,0,0.05763078,1,31
2390,7,206,0,0,0.02035416,0,0
2391,7,207,0,0,0.04396737,1,32
2392,7,208,0,0,0.04029684,1,32
2393,7,209,0,0,0.04426246,1,32
2394,7,210,0,0,0.03880583,0,0
2395,7,211,0,0,0.01151783,0,0
2396,7,212,0,0,0.01271003,0,0
2397,7,213,0,0,0.01479179,0,0
2398,7,214,0,0,0.03163140,0,0
2399,7,215,0,0,0.01681598,0,0
2400,7,216,0,0,0.09803861,1,32
2401,7,217,0,0,0.02942137,0,0
2402,7,218,0,0,0.01758198,0,0
2403,7,219,0,0,0.06367971,1,32
2404,7,220,0,0,0.02655336,0,0
2405,7,221,0,0,0.01476880,0,0
2406,7,222,0,0,0.02602183,0,0
2407,7,223,0,0,0.02041241,0,0
2408,7,224,0,0,0.02895046,0,0
2409,7,225,0,0,0.01331729,0,0
2410,7,226,0,0,0.02215525,0,0
2411,7,227,0,0,0.03735686,0,0
2412,7,228,0,0,0.01977499,0,0
2413,7,229,0,0,0.01916970,0,0
2414,7,230,0,0,0.06487010,1,31
2415,7,231,0,0,0.01339297,0,0
2416,7,232,0,0,0.01634433,0,0
2417,7,233,0,0,0.03765336,0,0
2418,7,234,0,0,0.05100353,1,32
2419,7,235,0,0,0.05020680,1,31
2420,7,236,0,0,0.01920492,0,0
2421,7,237,0,0,0.01835628,0,0
2422,7,238,0,0,0.01291288,0,0
2423,7,239,0,0,0.04902273,1,32
2424,7,240,0,0,0.03788671,0,0
2425,7,241,0,0,0.03566998,0,0
2426,7,242,0,0,0.01809670,0,0
2427,7,243,0,0,0.05571442,1,32
2428,7,244,0,0,0.01642884,0,0
2429,7,245,0,0,0.04489953,1,31
2430,7,246,0,0,0.03086644,0,0
2431,7,247,0,0,0.04254648,1,32
2432,7,248,0,0,0.02567632,0,0
2433,7,249,0,0,0.01667564,0,0
2434,7,250,0,0,0.05569019,1,32
2435,7,251,0,0,0.02256824,0,0
2436,7,252,0,0,0.02210373,0,0
2437,7,253,0,0,0.02972858,0,0
2438,7,254,0,0,0.01315556,0,0
2439,7,255,0,0,0.03845700,0,0
2440,7,256,0,0,0.01350346,0,0
2441,7,257,0,0,0.01758150,0,0
2442,7,258,0,0,0.03077710,0,0
2443,7,259,0,0,0.03223147,0,0
2444,7,260,0,0,0.02208190,0,0
2445,7,261,0,0,0.02745675,0,0
2446,7,262,0,0,0.03610653,0,0
2447,7,263,0,0,0.01871889,0,0
2448,7,264,0,0,0.02055926,0,0
2449,7,265,0,0,0.00512792,0,0
2450,7,266,0,0,0.02167680,0,0
2451,7,267,0,0,0.05054837,1,32
2452,7,268,0,0,0.01369698,0,0
2453,7,269,0,0,0.03128868,0,0
2454,7,270,0,0,0.01805558,0,0
2455,7,271,0,0,0.02459249,0,0
2456,7,272,0,0,0.03508198,0,0
2457,7,273,0,0,0.03400521,0,0
2458,7,274,0,0,0.02373612,0,0
2459,7,275,0,0,0.02298117,0,0
2460,7,276,0,0,0.02181823,0,0
2461,7,277,0,0,0.03267798,0,0
2462,7,278,0,0,0.01058198,0,0
2463,7,279,0,0,0.04154865,1,32
2464,7,280,0,0,0.01110212,0,0
2465,7,281,0,0,0.03709678,0,0
2466,7,282,0,0,0.02347900,0,0
2467,7,283,0,0,0.01848443,0,0
2468,7,284,0,0,0.03631514,0,0
2469,7,285,0,0,0.04524484,1,32
2470,7,286,0,0,0.03141931,0,0
2471,7,287,0,0,0.01737271,0,0
2472,7,288,0,0,0.04258538,1,31
2473,7,289,0,0,0.04635363,1,32
2474,7,290,0,0,0.01491358,0,0
2475,7,291,0,0,0.01428310,0,0
2476,7,292,0,0,0.01897628,0,0
2477,7,293,0,0,0.01419066,0,0
2478,7,294,0,0,0.00829353,0,0
2479,7,295,0,0,0.02972557,0,0
2480,7,296,0,0,0.02664237,0,0
2481,7,297,0,0,0.06045228,1,31
2482,7,298,0,0,0.02740574,0,0
2483,7,299,0,0,0.01066452,0,0
2484,7,300,0,0,0.02383563,0,0
2485,7,301,0,0,0.01405875,0,0
2486,7,302,0,0,0.01003737,0,0
2487,7,303,0,0,0.02587631,0,0
2488,7,304,0,0,0.02597838,0,0
2489,7,305,0,0,0.01682563,0,0
2490,7,306,0,0,0.02492109,0,0
2491,7,307,0,0,0.02747775,0,0
2492,7,308,0,0,0.04067130,1,32
2493,7,309,0,0,0.02118693,0,0
2494,7,310,0,0,0.02306565,0,0
2495,7,311,0,0,0.01773404,0,0
2496,8,0,1,0,0.02704893,0,0
2497,8,1,0,0,0.03104919,0,0
2498,8,2,0,0,0.00857223,0,0
2499,8,3,0,0,0.00929509,0,0
2500,8,4,0,0,0.03122999,0,0
2501,8,5,0,0,0.05412106,1,32
2502,8,6,0,0,0.03443851,0,0
2503,8,7,0,0,0.08571038,1,14
2504,8,8,0,0,0.02236587,0,0
2505,8,9,0,0,0.01872674,0,0
2506,8,10,0,0,0.03687302,0,0
2507,8,11,0,0,0.04354725,1,31
2508,8,12,0,0,0.02236079,0,0
2509,8,13,0,0,0.01958081,0,0
2510,8,14,0,0,0.02339078,0,0
2511,8,15,0,0,0.02634403,0,0
2512,8,16,0,0,0.01267000,0,0
2513,8,17,0,0,0.02360855,0,0
2514,8,18,0,0,0.01857873,0,0
2515,8,19,0,0,0.01223577,0,0
2516,8,20,0,0,0.01984274,0,0
2517,8,21,0,0,0.03339360,0,0
2518,8,22,0,0,0.02323019,0,0
2519,8,23,0,0,0.02593561,0,0
2520,8,24,0,0,0.03047728,0,0
2521,8,25,0,0,0.02584912,0,0
2522,8,26,0,0,0.01645945,0,0
2523,8,27,0,0,0.01959620,0,0
2524,8,28,0,0,0.03706128,0,0
2525,8,29,0,0,0.01298436,0,0
2526,8,30,0,0,0.02964595,0,0
2527,8,31,0,0,0.05262441,1,32
2528,8,32,0,0,0.02120315,0,0
2529,8,33,0,0,0.03296132,0,0
2530,8,34,0,0,0.02498633,0,0
2531,8,35,0,0,0.04933109,1,31
2532,8,36,0,0,0.03320002,0,0
2533,8,37,0,0,0.01247583,0,0
2534,8,38,0,0,0.04491673,1,31
2535,8,39,0,0,0.06721357,1,31
2536,8,40,0,0,0.06585273,1,31
2537,8,41,0,0,0.02013812,0,0
2538,8,42,0,0,0.01237303,0,0
2539,8,43,0,0,0.01701375,0,0
2540,8,44,0,0,0.05337593,1,32
2541,8,45,0,0,0.02365688,0,0
2542,8,46,0,0,0.01789549,0,0
2543,8,47,0,0,0.04004965,1,32
2544,8,48,0,0,0.03526894,0,0
2545,8,49,0,0,0.03570948,0,0
2546,8,50,0,0,0.06155248,1,32
2547,8,51,0,0,0.01301440,0,0
2548,8,52,0,0,0.02278692,0,0
2549,8,53,0,0,0.00675355,0,0
2550,8,54,0,0,0.02155335,0,0
2551,8,55,0,0,0.03213784,0,0
2552,8,56,0,0,0.02964704,0,0
2553,8,57,0,0,0.06487556,1,32
2554,8,58,0,0,0.02872455,0,0
2555,8,59,0,0,0.03449386,0,0
2556,8,60,0,0,0.06704737,1,31
2557,8,61,0,0,0.01926729,0,0
2558,8,62,0,0,0.01544091,0,0
2559,8,63,0,0,0.01689826,0,0
2560,8,64,0,0,0.01170184,0,0
2561,8,65,0,0,0.00927487,0,0
2562,8,66,0,0,0.03256889,0,0
2563,8,67,0,0,0.02712396,0,0
2564,8,68,0,0,0.00674239,0,0
2565,8,69,0,0,0.03336681,0,0
2566,8,70,0,0,0.03308658,0,0
2567,8,71,0,0,0.02539476,0,0
2568,8,72,0,0,0.01764646,0,0
2569,8,73,0,0,0.06629484,1,32
2570,8,74,0,0,0.02225507,0,0
2571,8,75,0,0,0.04796709,1,32
2572,8,76,0,0,0.05385591,1,32
2573,8,77,0,0,0.05270312,1,32
2574,8,78,0,0,0.02613420,0,0
2575,8,79,0,0,0.01189496,0,0
2576,8,80,0,0,0.03811380,0,0
2577,8,81,0,0,0.01388156,0,0
2578,8,82,0,0,0.02114815,0,0
2579,8,83,0,0,0.02825790,0,0
2580,8,84,0,0,0.02343053,0,0
2581,8,85,0,0,0.02061095,0,0
2582,8,86,0,0,0.02297907,0,0
2583,8,87,0,0,0.01306873,0,0
2584,8,88,0,0,0.03345968,0,0
2585,8,89,0,0,0.01468903,0,0
2586,8,90,0,0,0.02678265,0,0
2587,8,91,0,0,0.04597320,1,32
2588,8,92,0,0,0.01090680,0,0
2589,8,93,0,0,0.02636398,0,0
2590,8,94,0,0,0.04319199,1,32
2591,8,95,0,0,0.00981469,0,0
2592,8,96,0,0,0.01921840,0,0
2593,8,97,0,0,0.02752677,0,0
2594,8,98,0,0,0.02118527,0,0
2595,8,99,0,0,0.02479228,0,0
2596,8,100,0,0,0.03239920,0,0
2597,8,101,0,0,0.03938849,0,0
2598,8,102,0,0,0.04776886,1,32
2599,8,103,0,0,0.02356543,0,0
2600,8,104,0,0,0.01212925,0,0
2601,8,105,0,0,0.01610476,0,0
2602,8,106,0,0,0.07898691,1,32
2603,8,107,0,0,0.01598263,0,0
2604,8,108,0,0,0.02870851,0,0
2605,8,109,0,0,0.01808807,0,0
2606,8,110,0,0,0.03421940,0,0
2607,8,111,0,0,0.04447962,1,32
2608,8,112,0,0,0.00328151,0,0
2609,8,113,0,0,0.04556638,1,32
2610,8,114,0,0,0.01000164,0,0
2611,8,115,0,0,0.04539884,1,32
2612,8,116,0,0,0.01382279,0,0
2613,8,117,0,0,0.04514424,1,29
2614,8,118,0,0,0.02210685,0,0
2615,8,119,0,0,0.02744084,0,0
2616,8,120,0,0,0.04128072,1,32
2617,8,121,0,0,0.02873670,0,0
2618,8,122,0,0,0.01270203,0,0
2619,8,123,0,0,0.01596320,0,0
2620,8,124,0,0,0.02960584,0,0
2621,8,125,0,0,0.01560155,0,0
2622,8,126,0,0,0.02676183,0,0
2623,8,127,0,0,0.02736240,0,0
2624,8,128,0,0,0.01868286,0,0
2625,8,129,0,0,0.03305695,0,0
2626,8,130,0,0,0.02097907,0,0
2627,8,131,0,0,0.03049357,0,0
2628,8,132,0,0,0.02663973,0,0
2629,8,133,0,0,0.01737858,0,0
2630,8,134,0,0,0.03909775,0,0
2631,8,135,0,0,0.02779026,0,0
2632,8,136,0,0,0.06310549,1,32
2633,8,137,0,0,0.02848755,0,0
2634,8,138,0,0,0.01993170,0,0
2635,8,139,0,0,0.09336215,1,32
2636,8,140,0,0,0.04154110,1,32
2637,8,141,0,0,0.01114490,0,0
2638,8,142,0,0,0.01159224,0,0
2639,8,143,0,0,0.03765406,0,0
2640,8,144,0,0,0.01709574,0,0
2641,8,145,0,0,0.01713236,0,0
2642,8,146,0,0,0.03567265,0,0
2643,8,147,0,0,0.00520278,0,0
2644,8,148,0,0,0.02734249,0,0
2645,8,149,0,0,0.02506650,0,0
2646,8,150,0,0,0.01712854,0,0
2647,8,151,0,0,0.01402414,0,0
2648,8,152,0,0,0.03455827,0,0
2649,8,153,0,0,0.04158980,1,32
2650,8,154,0,0,0.01635212,0,0
2651,8,155,0,0,0.02156780,0,0
2652,8,156,0,0,0.02681229,0,0
2653,8,157,0,0,0.02717059,0,0
2654,8,158,0,0,0.02063603,0,0
2655,8,159,0,0,0.03534258,0,0
2656,8,160,0,0,0.00937092,0,0
2657,8,161,0,0,0.02308039,0,0
2658,8,162,0,0,0.00940464,0,0
2659,8,163,0,0,0.00976948,0,0
2660,8,164,0,0,0.02240076,0,0
2661,8,165,0,0,0.01616981,0,0
2662,8,166,0,0,0.01824831,0,0
2663,8,167,0,0,0.04881817,1,32
2664,8,168,0,0,0.02057252,0,0
2665,8,169,0,0,0.03515350,0,0
2666,8,170,0,0,0.01259916,0,0
2667,8,171,0,0,0.02104633,0,0
2668,8,172,0,0,0.02617927,0,0
2669,8,173,0,0,0.02572412,0,0
2670,8,174,0,0,0.01211397,0,0
2671,8,175,0,0,0.03310918,0,0
2672,8,176,0,0,0.01196819,0,0
2673,8,177,0,0,0.04218284,1,32
2674,8,178,0,0,0.01595151,0,0
2675,8,179,0,0,0.01844340,0,0
2676,8,180,0,0,0.02504997,0,0
2677,8,181,0,0,0.02188730,0,0
2678,8,182,0,0,0.01907443,0,0
2679,8,183,0,0,0.06233788,1,32
2680,8,184,0,0,0.06929845,1,31
2681,8,185,0,0,0.01675761,0,0
2682,8,186,0,0,0.01861808,0,0
2683,8,187,0,0,0.02013409,0,0
2684,8,188,0,0,0.03817460,0,0
2685,8,189,0,0,0.01725843,0,0
2686,8,190,0,0,0.02027690,0,0
2687,8,191,0,0,0.01491771,0,0
2688,8,192,0,0,0.02320973,0,0
2689,8,193,0,0,0.02758911,0,0
2690,8,194,0,0,0.06422095,1,30
2691,8,195,0,0,0.02663829,0,0
2692,8,196,0,0,0.03122926,0,0
2693,8,197,0,0,0.01674587,0,0
2694,8,198,0,0,0.05708633,1,32
2695,8,199,0,0,0.03665973,0,0
2696,8,200,0,0,0.01770009,0,0
2697,8,201,0,0,0.02715664,0,0
2698,8,202,0,0,0.04756985,1,32
2699,8,203,0,0,0.02075452,0,0
2700,8,204,0,0,0.05565387,1,32
2701,8,205,0,0,0.03749710,0,0
2702,8,206,0,0,0.06296066,1,31
2703,8,207,0,0,0.02745130,0,0
2704,8,208,0,0,0.05569880,1,32
2705,8,209,0,0,0.04536803,1,32
2706,8,210,0,0,0.04625292,1,32
2707,8,211,0,0,0.05316800,1,31
2708,8,212,0,0,0.01319909,0,0
2709,8,213,0,0,0.01245244,0,0
2710,8,214,0,0,0.03562091,0,0
2711,8,215,0,0,0.05409770,1,32
2712,8,216,0,0,0.01636671,0,0
2713,8,217,0,0,0.09492456,1,32
2714,8,218,0,0,0.02468584,0,0
2715,8,219,0,0,0.01881557,0,0
2716,8,220,0,0,0.06731638,1,32
2717,8,221,0,0,0.04409519,1,31
2718,8,222,0,0,0.01949784,0,0
2719,8,223,0,0,0.02555666,0,0
2720,8,224,0,0,0.02118891,0,0
2721,8,225,0,0,0.03018283,0,0
2722,8,226,0,0,0.02176531,0,0
2723,8,227,0,0,0.01975487,0,0
2724,8,228,0,0,0.03835870,0,0
2725,8,229,0,0,0.02638093,0,0
2726,8,230,0,0,0.02059385,0,0
2727,8,231,0,0,0.06307303,1,32
2728,8,232,0,0,0.00909374,0,0
2729,8,233,0,0,0.02076627,0,0
2730,8,234,0,0,0.03762177,0,0
2731,8,235,0,0,0.05515971,1,32
2732,8,236,0,0,0.03817707,0,0
2733,8,237,0,0,0.02076910,0,0
2734,8,238,0,0,0.01998565,0,0
2735,8,239,0,0,0.02025880,0,0
2736,8,240,0,0,0.03645840,0,0
2737,8,241,0,0,0.04103884,1,32
2738,8,242,0,0,0.03520653,0,0
2739,8,243,0,0,0.01558716,0,0
2740,8,244,0,0,0.06376920,1,31
2741,8,245,0,0,0.01560581,0,0
2742,8,246,0,0,0.01767952,0,0
2743,8,247,0,0,0.02372367,0,0
2744,8,248,0,0,0.05233282,1,32
2745,8,249,0,0,0.03489676,0,0
2746,8,250,0,0,0.02621996,0,0
2747,8,251,0,0,0.05434573,1,32
2748,8,252,0,0,0.03787556,0,0
2749,8,253,0,0,0.03003133,0,0
2750,8,254,0,0,0.03382199,0,0
2751,8,255,0,0,0.01465625,0,0
2752,8,256,0,0,0.03648296,0,0
2753,8,257,0,0,0.02089489,0,0
2754,8,258,0,0,0.01369906,0,0
2755,8,259,0,0,0.02896622,0,0
2756,8,260,0,0,0.03217823,0,0
2757,8,261,0,0,0.03113055,0,0
2758,8,262,0,0,0.02988316,0,0
2759,8,263,0,0,0.04599490,1,31
2760,8,264,0,0,0.02367061,0,0
2761,8,265,0,0,0.01838630,0,0
2762,8,266,0,0,0.01184431,0,0
2763,8,267,0,0,0.02516451,0,0
2764,8,268,0,0,0.04965584,1,32
2765,8,269,0,0,0.01766185,0,0
2766,8,270,0,0,0.03867099,0,0
2767,8,271,0,0,0.01786820,0,0
2768,8,272,0,0,0.02541796,0,0
2769,8,273,0,0,0.03721425,0,0
2770,8,274,0,0,0.03328727,0,0
2771,8,275,0,0,0.02669006,0,0
2772,8,276,0,0,0.03152969,0,0
2773,8,277,0,0,0.02271046,0,0
2774,8,278,0,0,0.02501921,0,0
2775,8,279,0,0,0.01104314,0,0
2776,8,280,0,0,0.07864754,1,32
2777,8,281,0,0,0.01813371,0,0
2778,8,282,0,0,0.03375839,0,0
2779,8,283,0,0,0.02323592,0,0
2780,8,284,0,0,0.01740852,0,0
2781,8,285,0,0,0.03837540,0,0
2782,8,286,0,0,0.03377556,0,0
2783,8,287,0,0,0.03473684,0,0
2784,8,288,0,0,0.02824529,0,0
2785,8,289,0,0,0.03794914,0,0
2786,8,290,0,0,0.03589260,0,0
2787,8,291,0,0,0.01337693,0,0
2788,8,292,0,0,0.00964923,0,0
2789,8,293,0,0,0.01705278,0,0
2790,8,294,0,0,0.01289968,0,0
2791,8,295,0,0,0.00950695,0,0
2792,8,296,0,0,0.03934937,0,0
2793,8,297,0,0,0.03520622,0,0
2794,8,298,0,0,0.04016702,1,32
2795,8,299,0,0,0.02832425,0,0
2796,8,300,0,0,0.03014107,0,0
2797,8,301,0,0,0.02273186,0,0
2798,8,302,0,0,0.01153225,0,0
2799,8,303,0,0,0.00772291,0,0
2800,8,304,0,0,0.03429206,0,0
2801,8,305,0,0,0.02629072,0,0
2802,8,306,0,0,0.01894864,0,0
2803,8,307,0,0,0.02053351,0,0
2804,8,308,0,0,0.02365899,0,0
2805,8,309,0,0,0.03686132,0,0
2806,8,310,0,0,0.03082228,0,0
2807,8,311,0,0,0.02962763,0,0
2808,9,0,1,0,0.01910949,0,0
2809,9,1,0,0,0.02859701,0,0
2810,9,2,0,0,0.04125159,1,32
2811,9,3,0,0,0.01003418,0,0
2812,9,4,0,0,0.01969770,0,0
2813,9,5,0,0,0.02251484,0,0
2814,9,6,0,0,0.06247681,1,32
2815,9,7,0,0,0.02563068,0,0
2816,9,8,0,0,0.09233841,1,16
2817,9,9,0,0,0.02369342,0,0
2818,9,10,0,0,0.02279577,0,0
2819,9,11,0,0,0.03637390,0,0
2820,9,12,0,0,0.04087362,1,32
2821,9,13,0,0,0.02718420,0,0
2822,9,14,0,0,0.01991824,0,0
2823,9,15,0,0,0.02958962,0,0
2824,9,16,0,0,0.01958056,0,0
2825,9,17,0,0,0.01523145,0,0
2826,9,18,0,0,0.02671258,0,0
2827,9,19,0,0,0.02160500,0,0
2828,9,20,0,0,0.00860086,0,0
2829,9,21,0,0,0.01660057,0,0
2830,9,22,0,0,0.04283276,1,32
2831,9,23,0,0,0.02686804,0,0
2832,9,24,0,0,0.02496177,0,0
2833,9,25,0,0,0.02748092,0,0
2834,9,26,0,0,0.03334928,0,0
2835,9,27,0,0,0.01689277,0,0
2836,9,28,0,0,0.02217039,0,0
2837,9,29,0,0,0.05790249,1,32
2838,9,30,0,0,0.02014890,0,0
2839,9,31,0,0,0.04617225,1,32
2840,9,32,0,0,0.05254079,1,32
2841,9,33,0,0,0.01854583,0,0
2842,9,34,0,0,0.02989193,0,0
2843,9,35,0,0,0.01415712,0,0
2844,9,36,0,0,0.05499429,1,32
2845,9,37,0,0,0.03088386,0,0
2846,9,38,0,0,0.02491833,0,0
2847,9,39,0,0,0.04442196,1,31
2848,9,40,0,0,0.09664006,1,32
2849,9,41,0,0,0.07125845,1,32
2850,9,42,0,0,0.02113134,0,0
2851,9,43,0,0,0.01156215,0,0
2852,9,44,0,0,0.02000602,0,0
2853,9,45,0,0,0.02298698,0,0
2854,9,46,0,0,0.02178641,0,0
2855,9,47,0,0,0.02247773,0,0
2856,9,48,0,0,0.03564792,0,0
2857,9,49,0,0,0.03243088,0,0
2858,9,50,0,0,0.02805096,0,0
2859,9,51,0,0,0.06511585,1,32
2860,9,52,0,0,0.01538093,0,0
2861,9,53,0,0,0.02911864,0,0
2862,9,54,0,0,0.01639339,0,0
2863,9,55,0,0,0.02123181,0,0
2864,9,56,0,0,0.06072934,1,31
2865,9,57,0,0,0.03518991,0,0
2866,9,58,0,0,0.06573107,1,32
2867,9,59,0,0,0.04915693,1,32
2868,9,60,0,0,0.03312374,0,0
2869,9,61,0,0,0.06597777,1,32
2870,9,62,0,0,0.02752403,0,0
2871,9,63,0,0,0.01679549,0,0
2872,9,64,0,0,0.02305318,0,0
2873,9,65,0,0,0.01460806,0,0
2874,9,66,0,0,0.01089638,0,0
2875,9,67,0,0,0.03361150,0,0
2876,9,68,0,0,0.03111616,0,0
2877,9,69,0,0,0.00340992,0,0
2878,9,70,0,0,0.03444563,0,0
2879,9,71,0,0,0.03452723,0,0
2880,9,72,0,0,0.02072400,0,0
2881,9,73,0,0,0.01614634,0,0
2882,9,74,0,0,0.06219975,1,32
2883,9,75,0,0,0.01682955,0,0
2884,9,76,0,0,0.05741634,1,32
2885,9,77,0,0,0.05613211,1,31
2886,9,78,0,0,0.05645040,1,32
2887,9,79,0,0,0.02407109,0,0
2888,9,80,0,0,0.01441793,0,0
2889,9,81,0,0,0.03583673,0,0
2890,9,82,0,0,0.01492143,0,0
2891,9,83,0,0,0.02283991,0,0
2892,9,84,0,0,0.02996552,0,0
2893,9,85,0,0,0.02544437,0,0
2894,9,86,0,0,0.02623796,0,0
2895,9,87,0,0,0.04009303,1,32
2896,9,88,0,0,0.01203597,0,0
2897,9,89,0,0,0.03504360,0,0
2898,9,90,0,0,0.02001557,0,0
2899,9,91,0,0,0.05115696,1,31
2900,9,92,0,0,0.04576590,1,32
2901,9,93,0,0,0.01691853,0,0
2902,9,94,0,0,0.02829129,0,0
2903,9,95,0,0,0.05596387,1,32
2904,9,96,0,0,0.00845598,0,0
2905,9,97,0,0,0.01972065,0,0
2906,9,98,0,0,0.02661017,0,0
2907,9,99,0,0,0.01970753,0,0
2908,9,100,0,0,0.02247949,0,0
2909,9,101,0,0,0.03797146,0,0
2910,9,102,0,0,0.05405680,1,32
2911,9,103,0,0,0.04730333,1,32
2912,9,104,0,0,0.01949302,0,0
2913,9,105,0,0,0.01245269,0,0
2914,9,106,0,0,0.01853556,0,0
2915,9,107,0,0,0.08592048,1,32
2916,9,108,0,0,0.01546393,0,0
2917,9,109,0,0,0.02645831,0,0
2918,9,110,0,0,0.02108540,0,0
2919,9,111,0,0,0.03461453,0,0
2920,9,112,0,0,0.04637920,1,32
2921,9,113,0,0,0.00313061,0,0
2922,9,114,0,0,0.04485113,1,32
2923,9,115,0,0,0.01142387,0,0
2924,9,116,0,0,0.05172741,1,31
2925,9,117,0,0,0.01244154,0,0
2926,9,118,0,0,0.05881324,1,31
2927,9,119,0,0,0.03296165,0,0
2928,9,120,0,0,0.03503590,0,0
2929,9,121,0,0,0.03914334,0,0
2930,9,122,0,0,0.04627610,1,32
2931,9,123,0,0,0.01534166,0,0
2932,9,124,0,0,0.01775685,0,0
2933,9,125,0,0,0.02892874,0,0
2934,9,126,0,0,0.01397646,0,0
2935,9,127,0,0,0.01535008,0,0
2936,9,128,0,0,0.04177936,1,32
2937,9,129,0,0,0.02392652,0,0
2938,9,130,0,0,0.02966188,0,0
2939,9,131,0,0,0.02380499,0,0
2940,9,132,0,0,0.01751431,0,0
2941,9,133,0,0,0.02593543,0,0
2942,9,134,0,0,0.01234026,0,0
2943,9,135,0,0,0.04591258,1,32
2944,9,136,0,0,0.03068168,0,0
2945,9,137,0,0,0.06394581,1,32
2946,9,138,0,0,0.02283113,0,0
2947,9,139,0,0,0.01851497,0,0
2948,9,140,0,0,0.09352438,1,32
2949,9,141,0,0,0.04227249,1,32
2950,9,142,0,0,0.01203541,0,0
2951,9,143,0,0,0.01015735,0,0
2952,9,144,0,0,0.01738585,0,0
2953,9,145,0,0,0.01528186,0,0
2954,9,146,0,0,0.02214022,0,0
2955,9,147,0,0,0.03434428,0,0
2956,9,148,0,0,0.00486366,0,0
2957,9,149,0,0,0.02623293,0,0
2958,9,150,0,0,0.01957422,0,0
2959,9,151,0,0,0.01646806,0,0
2960,9,152,0,0,0.01629939,0,0
2961,9,153,0,0,0.04067785,1,32
2962,9,154,0,0,0.04302419,1,32
2963,9,155,0,0,0.01296064,0,0
2964,9,156,0,0,0.02672596,0,0
2965,9,157,0,0,0.02530606,0,0
2966,9,158,0,0,0.02774844,0,0
2967,9,159,0,0,0.02538709,0,0
2968,9,160,0,0,0.02651538,0,0
2969,9,161,0,0,0.01105063,0,0
2970,9,162,0,0,0.02080202,0,0
2971,9,163,0,0,0.01100965,0,0
2972,9,164,0,0,0.01916138,0,0
2973,9,165,0,0,0.02517062,0,0
2974,9,166,0,0,0.01587205,0,0
2975,9,167,0,0,0.01647280,0,0
2976,9,168,0,0,0.04990930,1,32
2977,9,169,0,0,0.01637575,0,0
2978,9,170,0,0,0.03812500,0,0
2979,9,171,0,0,0.01753104,0,0
2980,9,172,0,0,0.02636070,0,0
2981,9,173,0,0,0.02761801,0,0
2982,9,174,0,0,0.02936434,0,0
2983,9,175,0,0,0.00981911,0,0
2984,9,176,0,0,0.03194763,0,0
2985,9,177,0,0,0.01813587,0,0
2986,9,178,0,0,0.04185344,1,32
2987,9,179,0,0,0.02319433,0,0
2988,9,180,0,0,0.01479048,0,0
2989,9,181,0,0,0.03200274,0,0
2990,9,182,0,0,0.01862996,0,0
2991,9,183,0,0,0.02470818,0,0
2992,9,184,0,0,0.05095235,1,32
2993,9,185,0,0,0.07114679,1,31
2994,9,186,0,0,0.01666873,0,0
2995,9,187,0,0,0.03258701,0,0
2996,9,188,0,0,0.01871913,0,0
2997,9,189,0,0,0.04381109,1,32
2998,9,190,0,0,0.02462184,0,0
2999,9,191,0,0,0.01655912,0,0
3000,9,192,0,0,0.01751944,0,0
3001,9,193,0,0,0.04634841,1,32
3002,9,194,0,0,0.02877091,0,0
3003,9,195,0,0,0.06929208,1,31
3004,9,196,0,0,0.03793631,0,0
3005,9,197,0,0,0.03783432,0,0
3006,9,198,0,0,0.02892030,0,0
3007,9,199,0,0,0.06540547,1,32
3008,9,200,0,0,0.03371924,0,0
3009,9,201,0,0,0.02050722,0,0
3010,9,202,0,0,0.03520646,0,0
3011,9,203,0,0,0.04761777,1,32
3012,9,204,0,0,0.02853782,0,0
3013,9,205,0,0,0.05810630,1,32
3014,9,206,0,0,0.03641362,0,0
3015,9,207,0,0,0.07448839,1,32
3016,9,208,0,0,0.02751034,0,0
3017,9,209,0,0,0.04902379,1,32
3018,9,210,0,0,0.04443471,1,32
3019,9,211,0,0,0.04780143,1,32
3020,9,212,0,0,0.05948535,1,32
3021,9,213,0,0,0.01552358,0,0
3022,9,214,0,0,0.01871464,0,0
3023,9,215,0,0,0.03672068,0,0
3024,9,216,0,0,0.05006125,1,32
3025,9,217,0,0,0.01670989,0,0
3026,9,218,0,0,0.10886985,1,32
3027,9,219,0,0,0.02637063,0,0
3028,9,220,0,0,0.02392983,0,0
3029,9,221,0,0,0.07803148,1,32
3030,9,222,0,0,0.03982580,0,0
3031,9,223,0,0,0.02062168,0,0
3032,9,224,0,0,0.05615152,1,32
3033,9,225,0,0,0.02306955,0,0
3034,9,226,0,0,0.03303792,0,0
3035,9,227,0,0,0.02137544,0,0
3036,9,228,0,0,0.02218857,0,0
3037,9,229,0,0,0.03766088,0,0
3038,9,230,0,0,0.02498723,0,0
3039,9,231,0,0,0.02191313,0,0
3040,9,232,0,0,0.06579630,1,32
3041,9,233,0,0,0.01468183,0,0
3042,9,234,0,0,0.02298359,0,0
3043,9,235,0,0,0.05057687,1,32
3044,9,236,0,0,0.05603984,1,32
3045,9,237,0,0,0.06606738,1,32
3046,9,238,0,0,0.02081380,0,0
3047,9,239,0,0,0.01836039,0,0
3048,9,240,0,0,0.02617267,0,0
3049,9,241,0,0,0.04324618,1,32
3050,9,242,0,0,0.04333578,1,32
3051,9,243,0,0,0.03524831,0,0
3052,9,244,0,0,0.02106773,0,0
3053,9,245,0,0,0.05999533,1,32
3054,9,246,0,0,0.01669262,0,0
3055,9,247,0,0,0.02066628,0,0
3056,9,248,0,0,0.04956376,1,32
3057,9,249,0,0,0.05489272,1,32
3058,9,250,0,0,0.03659613,0,0
3059,9,251,0,0,0.02811969,0,0
3060,9,252,0,0,0.06194748,1,31
3061,9,253,0,0,0.01616158,0,0
3062,9,254,0,0,0.02296410,0,0
3063,9,255,0,0,0.03449764,0,0
3064,9,256,0,0,0.01520953,0,0
3065,9,257,0,0,0.04381449,1,32
3066,9,258,0,0,0.02459513,0,0
3067,9,259,0,0,0.01742414,0,0
3068,9,260,0,0,0.03211476,0,0
3069,9,261,0,0,0.03256628,0,0
3070,9,262,0,0,0.02385880,0,0
3071,9,263,0,0,0.03013176,0,0
3072,9,264,0,0,0.05007425,1,32
3073,9,265,0,0,0.01804271,0,0
3074,9,266,0,0,0.01893156,0,0
3075,9,267,0,0,0.01372896,0,0
3076,9,268,0,0,0.02350744,0,0
3077,9,269,0,0,0.05293334,1,32
3078,9,270,0,0,0.01538207,0,0
3079,9,271,0,0,0.03752537,0,0
3080,9,272,0,0,0.02455032,0,0
3081,9,273,0,0,0.02377288,0,0
3082,9,274,0,0,0.04496147,1,32
3083,9,275,0,0,0.04048219,1,32
3084,9,276,0,0,0.03796449,0,0
3085,9,277,0,0,0.01872103,0,0
3086,9,278,0,0,0.02230712,0,0
3087,9,279,0,0,0.02954124,0,0
3088,9,280,0,0,0.01086605,0,0
3089,9,281,0,0,0.06290652,1,32
3090,9,282,0,0,0.01188485,0,0
3091,9,283,0,0,0.04874988,1,32
3092,9,284,0,0,0.02235514,0,0
3093,9,285,0,0,0.02061315,0,0
3094,9,286,0,0,0.03502168,0,0
3095,9,287,0,0,0.04856355,1,32
3096,9,288,0,0,0.02844314,0,0
3097,9,289,0,0,0.02669845,0,0
3098,9,290,0,0,0.05418089,1,32
3099,9,291,0,0,0.03808527,0,0
3100,9,292,0,0,0.01971418,0,0
3101,9,293,0,0,0.01143970,0,0
3102,9,294,0,0,0.01649931,0,0
3103,9,295,0,0,0.01307297,0,0
3104,9,296,0,0,0.00885583,0,0
3105,9,297,0,0,0.03385225,0,0
3106,9,298,0,0,0.03137987,0,0
3107,9,299,0,0,0.06627353,1,32
3108,9,300,0,0,0.02523510,0,0
3109,9,301,0,0,0.03033734,0,0
3110,9,302,0,0,0.02197032,0,0
3111,9,303,0,0,0.02387670,0,0
3112,9,304,0,0,0.00697109,0,0
3113,9,305,0,0,0.03648503,0,0
3114,9,306,0,0,0.02973581,0,0
3115,9,307,0,0,0.02009569,0,0
3116,9,308,0,0,0.02369430,0,0
3117,9,309,0,0,0.02628091,0,0
3118,9,310,0,0,0.03440635,0,0
3119,9,311,0,0,0.03469415,0,0
3120,10,0,1,0,0.03187598,0,0
3121,10,1,0,0,0.01828216,0,0
3122,10,2,0,0,0.02755310,0,0
3123,10,3,0,0,0.04612331,1,32
3124,10,4,0,0,0.01272310,0,0
3125,10,5,0,0,0.01780851,0,0
3126,10,6,0,0,0.03419212,0,0
3127,10,7,0,0,0.06053121,1,32
3128,10,8,0,0,0.03314174,0,0
3129,10,9,0,0,0.08910886,1,16
3130,10,10,0,0,0.02279690,0,0
3131,10,11,0,0,0.02104655,0,0
3132,10,12,0,0,0.03819595,0,0
3133,10,13,0,0,0.04482421,1,32
3134,10,14,0,0,0.02207340,0,0
3135,10,15,0,0,0.01738748,0,0
3136,10,16,0,0,0.03090840,0,0
3137,10,17,0,0,0.02082812,0,0
3138,10,18,0,0,0.01568094,0,0
3139,10,19,0,0,0.02797105,0,0
3140,10,20,0,0,0.02092837,0,0
3141,10,21,0,0,0.00755725,0,0
3142,10,22,0,0,0.01500830,0,0
3143,10,23,0,0,0.04169116,1,32
3144,10,24,0,0,0.02761217,0,0
3145,10,25,0,0,0.02817367,0,0
3146,10,26,0,0,0.02575056,0,0
3147,10,27,0,0,0.03492091,0,0
3148,10,28,0,0,0.01676943,0,0
3149,10,29,0,0,0.02179470,0,0
3150,10,30,0,0,0.05056810,1,32
3151,10,31,0,0,0.01615607,0,0
3152,10,32,0,0,0.04737413,1,32
3153,10,33,0,0,0.05313336,1,32
3154,10,34,0,0,0.01578680,0,0
3155,10,35,0,0,0.03348144,0,0
3156,10,36,0,0,0.01707294,0,0
3157,10,37,0,0,0.05726720,1,32
3158,10,38,0,0,0.03025433,0,0
3159,10,39,0,0,0.02452801,0,0
3160,10,40,0,0,0.04986418,1,32
3161,10,41,0,0,0.10245492,1,32
3162,10,42,0,0,0.07026543,1,32
3163,10,43,0,0,0.02227784,0,0
3164,10,44,0,0,0.01190053,0,0
3165,10,45,0,0,0.01832087,0,0
3166,10,46,0,0,0.02440714,0,0
3167,10,47,0,0,0.02194353,0,0
3168,10,48,0,0,0.02147920,0,0
3169,10,49,0,0,0.03649125,0,0
3170,10,50,0,0,0.03238828,0,0
3171,10,51,0,0,0.02719837,0,0
3172,10,52,0,0,0.06394558,1,32
3173,10,53,0,0,0.01726198,0,0
3174,10,54,0,0,0.02495065,0,0
3175,10,55,0,0,0.01894653,0,0
3176,10,56,0,0,0.02239780,0,0
3177,10,57,0,0,0.06107178,1,31
3178,10,58,0,0,0.03926295,0,0
3179,10,59,0,0,0.06742323,1,32
3180,10,60,0,0,0.05056909,1,32
3181,10,61,0,0,0.03418249,0,0
3182,10,62,0,0,0.06845218,1,32
3183,10,63,0,0,0.02749808,0,0
3184,10,64,0,0,0.01778749,0,0
3185,10,65,0,0,0.03216933,0,0
3186,10,66,0,0,0.01842785,0,0
3187,10,67,0,0,0.01090499,0,0
3188,10,68,0,0,0.03440370,0,0
3189,10,69,0,0,0.03383847,0,0
3190,10,70,0,0,0.00418524,0,0
3191,10,71,0,0,0.03425889,0,0
3192,10,72,0,0,0.02732378,0,0
3193,10,73,0,0,0.02175552,0,0
3194,10,74,0,0,0.01834139,0,0
3195,10,75,0,0,0.06271327,1,32
3196,10,76,0,0,0.02888023,0,0
3197,10,77,0,0,0.05866748,1,32
3198,10,78,0,0,0.05833935,1,32
3199,10,79,0,0,0.05546610,1,32
3200,10,80,0,0,0.02391740,0,0
3201,10,81,0,0,0.01301452,0,0
3202,10,82,0,0,0.03886080,0,0
3203,10,83,0,0,0.01394161,0,0
3204,10,84,0,0,0.02658888,0,0
3205,10,85,0,0,0.02844503,0,0
3206,10,86,0,0,0.02498626,0,0
3207,10,87,0,0,0.02338902,0,0
3208,10,88,0,0,0.04622725,1,32
3209,10,89,0,0,0.01413230,0,0
3210,10,90,0,0,0.03717204,0,0
3211,10,91,0,0,0.01789875,0,0
3212,10,92,0,0,0.05819224,1,31
3213,10,93,0,0,0.04723156,1,32
3214,10,94,0,0,0.01462305,0,0
3215,10,95,0,0,0.02670368,0,0
3216,10,96,0,0,0.06163434,1,32
3217,10,97,0,0,0.00590034,0,0
3218,10,98,0,0,0.01813091,0,0
3219,10,99,0,0,0.02410951,0,0
3220,10,100,0,0,0.02044021,0,0
3221,10,101,0,0,0.02122726,0,0
3222,10,102,0,0,0.02959399,0,0
3223,10,103,0,0,0.05918960,1,32
3224,10,104,0,0,0.04720131,1,32
3225,10,105,0,0,0.02418999,0,0
3226,10,106,0,0,0.00836221,0,0
3227,10,107,0,0,0.01797640,0,0
3228,10,108,0,0,0.09164339,1,32
3229,10,109,0,0,0.01596777,0,0
3230,10,110,0,0,0.03092784,0,0
3231,10,111,0,0,0.02138791,0,0
3232,10,112,0,0,0.03124315,0,0
3233,10,113,0,0,0.05301529,1,32
3234,10,114,0,0,0.00494830,0,0
3235,10,115,0,0,0.04370494,1,32
3236,10,116,0,0,0.01064141,0,0
3237,10,117,0,0,0.05643699,1,32
3238,10,118,0,0,0.01370397,0,0
3239,10,119,0,0,0.05809360,1,31
3240,10,120,0,0,0.02884391,0,0
3241,10,121,0,0,0.03543622,0,0
3242,10,122,0,0,0.03972493,0,0
3243,10,123,0,0,0.04692636,1,32
3244,10,124,0,0,0.01585401,0,0
3245,10,125,0,0,0.01899860,0,0
3246,10,126,0,0,0.02868995,0,0
3247,10,127,0,0,0.01587753,0,0
3248,10,128,0,0,0.01591632,0,0
3249,10,129,0,0,0.04504349,1,31
3250,10,130,0,0,0.02067431,0,0
3251,10,131,0,0,0.03017827,0,0
3252,10,132,0,0,0.02282796,0,0
3253,10,133,0,0,0.02278954,0,0
3254,10,134,0,0,0.03107415,0,0
3255,10,135,0,0,0.01509871,0,0
3256,10,136,0,0,0.04499920,1,32
3257,10,137,0,0,0.03047202,0,0
3258,10,138,0,0,0.06446563,1,32
3259,10,139,0,0,0.02189482,0,0
3260,10,140,0,0,0.01737715,0,0
3261,10,141,0,0,0.09692603,1,32
3262,10,142,0,0,0.04102063,1,32
3263,10,143,0,0,0.01123997,0,0
3264,10,144,0,0,0.01190575,0,0
3265,10,145,0,0,0.01237930,0,0
3266,10,146,0,0,0.01772283,0,0
3267,10,147,0,0,0.01859528,0,0
3268,10,148,0,0,0.03317894,0,0
3269,10,149,0,0,0.00555538,0,0
3270,10,150,0,0,0.02685875,0,0
3271,10,151,0,0,0.02548869,0,0
3272,10,152,0,0,0.01944017,0,0
3273,10,153,0,0,0.01633408,0,0
3274,10,154,0,0,0.03869357,0,0
3275,10,155,0,0,0.04515586,1,32
3276,10,156,0,0,0.01296914,0,0
3277,10,157,0,0,0.02982831,0,0
3278,10,158,0,0,0.02386151,0,0
3279,10,159,0,0,0.02752631,0,0
3280,10,160,0,0,0.02417040,0,0
3281,10,161,0,0,0.02839672,0,0
3282,10,162,0,0,0.01143522,0,0
3283,10,163,0,0,0.01939722,0,0
3284,10,164,0,0,0.01288130,0,0
3285,10,165,0,0,0.02120256,0,0
3286,10,166,0,0,0.03202015,0,0
3287,10,167,0,0,0.01296324,0,0
3288,10,168,0,0,0.01774234,0,0
3289,10,169,0,0,0.05011725,1,32
3290,10,170,0,0,0.01703925,0,0
3291,10,171,0,0,0.03623807,0,0
3292,10,172,0,0,0.01659610,0,0
3293,10,173,0,0,0.02850563,0,0
3294,10,174,0,0,0.02807284,0,0
3295,10,175,0,0,0.02925386,0,0
3296,10,176,0,0,0.01214409,0,0
3297,10,177,0,0,0.03174913,0,0
3298,10,178,0,0,0.01817686,0,0
3299,10,179,0,0,0.04169700,1,32
3300,10,180,0,0,0.01473796,0,0
3301,10,181,0,0,0.01522608,0,0
3302,10,182,0,0,0.03250735,0,0
3303,10,183,0,0,0.02919618,0,0
3304,10,184,0,0,0.02444701,0,0
3305,10,185,0,0,0.05366950,1,32
3306,10,186,0,0,0.07251684,1,31
3307,10,187,0,0,0.01744087,0,0
3308,10,188,0,0,0.03138027,0,0
3309,10,189,0,0,0.01949281,0,0
3310,10,190,0,0,0.04422177,1,32
3311,10,191,0,0,0.02803619,0,0
3312,10,192,0,0,0.01704275,0,0
3313,10,193,0,0,0.01673603,0,0
3314,10,194,0,0,0.05608442,1,32
3315,10,195,0,0,0.02979263,0,0
3316,10,196,0,0,0.07233332,1,32
3317,10,197,0,0,0.03875857,0,0
3318,10,198,0,0,0.03941996,0,0
3319,10,199,0,0,0.03051716,0,0
3320,10,200,0,0,0.06545575,1,32
3321,10,201,0,0,0.03658364,0,0
3322,10,202,0,0,0.01972695,0,0
3323,10,203,0,0,0.03590946,0,0
3324,10,204,0,0,0.04795104,1,32
3325,10,205,0,0,0.02675384,0,0
3326,10,206,0,0,0.05815876,1,32
3327,10,207,0,0,0.03629855,0,0
3328,10,208,0,0,0.07393651,1,32
3329,10,209,0,0,0.02804322,0,0
3330,10,210,0,0,0.05153088,1,32
3331,10,211,0,0,0.04439558,1,32
3332,10,212,0,0,0.04830886,1,32
3333,10,213,0,0,0.06148338,1,32
3334,10,214,0,0,0.01540242,0,0
3335,10,215,0,0,0.02237989,0,0
3336,10,216,0,0,0.03382129,0,0
3337,10,217,0,0,0.05362272,1,32
3338,10,218,0,0,0.01631339,0,0
3339,10,219,0,0,0.10923087,1,32
3340,10,220,0,0,0.02631796,0,0
3341,10,221,0,0,0.02554562,0,0
3342,10,222,0,0,0.08116311,1,32
3343,10,223,0,0,0.04032851,1,32
3344,10,224,0,0,0.02014412,0,0
3345,10,225,0,0,0.05277024,1,32
3346,10,226,0,0,0.01901990,0,0
3347,10,227,0,0,0.02960742,0,0
3348,10,228,0,0,0.01478599,0,0
3349,10,229,0,0,0.02638444,0,0
3350,10,230,0,0,0.03572032,0,0
3351,10,231,0,0,0.02600516,0,0
3352,10,232,0,0,0.01998153,0,0
3353,10,233,0,0,0.06713390,1,32
3354,10,234,0,0,0.01596111,0,0
3355,10,235,0,0,0.02060660,0,0
3356,10,236,0,0,0.05077945,1,32
3357,10,237,0,0,0.05681908,1,32
3358,10,238,0,0,0.06444819,1,32
3359,10,239,0,0,0.02155942,0,0
3360,10,240,0,0,0.02199239,0,0
3361,10,241,0,0,0.02777433,0,0
3362,10,242,0,0,0.04280529,1,32
3363,10,243,0,0,0.04339308,1,32
3364,10,244,0,0,0.03622588,0,0
3365,10,245,0,0,0.02305425,0,0
3366,10,246,0,0,0.06517787,1,32
3367,10,247,0,0,0.01701055,0,0
3368,10,248,0,0,0.01979490,0,0
3369,10,249,0,0,0.05409513,1,32
3370,10,250,0,0,0.05507454,1,32
3371,10,251,0,0,0.03755376,0,0
3372,10,252,0,0,0.02782813,0,0
3373,10,253,0,0,0.06539445,1,32
3374,10,254,0,0,0.01497288,0,0
3375,10,255,0,0,0.02963659,0,0
3376,10,256,0,0,0.03478070,0,0
3377,10,257,0,0,0.01447336,0,0
3378,10,258,0,0,0.04426170,1,32
3379,10,259,0,0,0.02504503,0,0
3380,10,260,0,0,0.01728078,0,0
3381,10,261,0,0,0.03109106,0,0
3382,10,262,0,0,0.03168898,0,0
3383,10,263,0,0,0.02395682,0,0
3384,10,264,0,0,0.03312123,0,0
3385,10,265,0,0,0.04922626,1,32
3386,10,266,0,0,0.01937132,0,0
3387,10,267,0,0,0.01988200,0,0
3388,10,268,0,0,0.01609048,0,0
3389,10,269,0,0,0.02425611,0,0
3390,10,270,0,0,0.05297566,1,32
3391,10,271,0,0,0.01549254,0,0
3392,10,272,0,0,0.03755456,0,0
3393,10,273,0,0,0.01707685,0,0
3394,10,274,0,0,0.02371682,0,0
3395,10,275,0,0,0.04476114,1,32
3396,10,276,0,0,0.04138846,1,32
3397,10,277,0,0,0.03557708,0,0
3398,10,278,0,0,0.01442300,0,0
3399,10,279,0,0,0.02090185,0,0
3400,10,280,0,0,0.02845852,0,0
3401,10,281,0,0,0.01067732,0,0
3402,10,282,0,0,0.06124321,1,32
3403,10,283,0,0,0.01302458,0,0
3404,10,284,0,0,0.04611731,1,32
3405,10,285,0,0,0.02233348,0,0
3406,10,286,0,0,0.02320152,0,0
3407,10,287,0,0,0.03610330,0,0
3408,10,288,0,0,0.04824231,1,32
3409,10,289,0,0,0.04584634,1,32
3410,10,290,0,0,0.02943520,0,0
3411,10,291,0,0,0.05423241,1,32
3412,10,292,0,0,0.03231411,0,0
3413,10,293,0,0,0.01760361,0,0
3414,10,294,0,0,0.00997096,0,0
3415,10,295,0,0,0.01663706,0,0
3416,10,296,0,0,0.01507668,0,0
3417,10,297,0,0,0.00962360,0,0
3418,10,298,0,0,0.03326438,0,0
3419,10,299,0,0,0.03781349,0,0
3420,10,300,0,0,0.06685413,1,32
3421,10,301,0,0,0.02390871,0,0
3422,10,302,0,0,0.02796248,0,0
3423,10,303,0,0,0.02262184,0,0
3424,10,304,0,0,0.01813162,0,0
3425,10,305,0,0,0.00724261,0,0
3426,10,306,0,0,0.03773306,0,0
3427,10,307,0,0,0.04443571,1,31
3428,10,308,0,0,0.01908416,0,0
3429,10,309,0,0,0.02432801,0,0
3430,10,310,0,0,0.02653393,0,0
3431,10,311,0,0,0.03715878,0,0
3432,11,0,1,0,0.04105004,1,32
3433,11,1,0,0,0.02206895,0,0
3434,11,2,0,0,0.01348297,0,0
3435,11,3,0,0,0.02638301,0,0
3436,11,4,0,0,0.04838550,1,32
3437,11,5,0,0,0.01133024,0,0
3438,11,6,0,0,0.01700676,0,0
3439,11,7,0,0,0.03465879,0,0
3440,11,8,0,0,0.06350960,1,32
3441,11,9,0,0,0.02830290,0,0
3442,11,10,0,0,0.10514937,1,16
3443,11,11,0,0,0.02476363,0,0
3444,11,12,0,0,0.02143640,0,0
3445,11,13,0,0,0.04045383,1,32
3446,11,14,0,0,0.04549915,1,32
3447,11,15,0,0,0.02270842,0,0
3448,11,16,0,0,0.01687895,0,0
3449,11,17,0,0,0.02961197,0,0
3450,11,18,0,0,0.01975662,0,0
3451,11,19,0,0,0.01797808,0,0
3452,11,20,0,0,0.02769426,0,0
3453,11,21,0,0,0.02012204,0,0
3454,11,22,0,0,0.00710987,0,0
3455,11,23,0,0,0.01365050,0,0
3456,11,24,0,0,0.04654782,1,32
3457,11,25,0,0,0.02729913,0,0
3458,11,26,0,0,0.03144379,0,0
3459,11,27,0,0,0.02652441,0,0
3460,11,28,0,0,0.03457192,0,0
3461,11,29,0,0,0.01606643,0,0
3462,11,30,0,0,0.02202453,0,0
3463,11,31,0,0,0.05385151,1,32
3464,11,32,0,0,0.01914686,0,0
3465,11,33,0,0,0.04753002,1,32
3466,11,34,0,0,0.05301416,1,32
3467,11,35,0,0,0.02033723,0,0
3468,11,36,0,0,0.03247466,0,0
3469,11,37,0,0,0.02013295,0,0
3470,11,38,0,0,0.05561255,1,32
3471,11,39,0,0,0.03140980,0,0
3472,11,40,0,0,0.02402216,0,0
3473,11,41,0,0,0.04412683,1,32
3474,11,42,0,0,0.10469504,1,32
3475,11,43,0,0,0.07251173,1,32
3476,11,44,0,0,0.02447525,0,0
3477,11,45,0,0,0.01300637,0,0
3478,11,46,0,0,0.01652557,0,0
3479,11,47,0,0,0.02978364,0,0
3480,11,48,0,0,0.02026764,0,0
3481,11,49,0,0,0.02226849,0,0
3482,11,50,0,0,0.03859984,0,0
3483,11,51,0,0,0.03336199,0,0
3484,11,52,0,0,0.02641520,0,0
3485,11,53,0,0,0.06491418,1,32
3486,11,54,0,0,0.01595344,0,0
3487,11,55,0,0,0.02514485,0,0
3488,11,56,0,0,0.02064038,0,0
3489,11,57,0,0,0.02561225,0,0
3490,11,58,0,0,0.06448351,1,32
3491,11,59,0,0,0.03474825,0,0
3492,11,60,0,0,0.06843495,1,32
3493,11,61,0,0,0.04272566,1,32
3494,11,62,0,0,0.03496155,0,0
3495,11,63,0,0,0.06667925,1,32
3496,11,64,0,0,0.02744973,0,0
3497,11,65,0,0,0.01921450,0,0
3498,11,66,0,0,0.03008284,0,0
3499,11,67,0,0,0.01749176,0,0
3500,11,68,0,0,0.01116003,0,0
3501,11,69,0,0,0.03463829,0,0
3502,11,70,0,0,0.03127626,0,0
3503,11,71,0,0,0.00332588,0,0
3504,11,72,0,0,0.03483040,0,0
3505,11,73,0,0,0.03526289,0,0
3506,11,74,0,0,0.02067547,0,0
3507,11,75,0,0,0.01612476,0,0
3508,11,76,0,0,0.06532209,1,32
3509,11,77,0,0,0.02745000,0,0
3510,11,78,0,0,0.05889021,1,32
3511,11,79,0,0,0.05854997,1,32
3512,11,80,0,0,0.05321595,1,32
3513,11,81,0,0,0.02605436,0,0
3514,11,82,0,0,0.01300180,0,0
3515,11,83,0,0,0.03879430,0,0
3516,11,84,0,0,0.01462335,0,0
3517,11,85,0,0,0.02480335,0,0
3518,11,86,0,0,0.02870470,0,0
3519,11,87,0,0,0.02627577,0,0
3520,11,88,0,0,0.02016882,0,0
3521,11,89,0,0,0.04565034,1,32
3522,11,90,0,0,0.01342748,0,0
3523,11,91,0,0,0.03116374,0,0
3524,11,92,0,0,0.02039142,0,0
3525,11,93,0,0,0.05509892,1,31
3526,11,94,0,0,0.04692864,1,32
3527,11,95,0,0,0.01341982,0,0
3528,11,96,0,0,0.02833649,0,0
3529,11,97,0,0,0.06109293,1,32
3530,11,98,0,0,0.00681066,0,0
3531,11,99,0,0,0.02127660,0,0
3532,11,100,0,0,0.02452734,0,0
3533,11,101,0,0,0.02053843,0,0
3534,11,102,0,0,0.01999371,0,0
3535,11,103,0,0,0.03149600,0,0
3536,11,104,0,0,0.05868594,1,32
3537,11,105,0,0,0.04797656,1,32
3538,11,106,0,0,0.02337262,0,0
3539,11,107,0,0,0.00839120,0,0
3540,11,108,0,0,0.01887242,0,0
3541,11,109,0,0,0.09330170,1,32
3542,11,110,0,0,0.01535584,0,0
3543,11,111,0,0,0.02613993,0,0
3544,11,112,0,0,0.02101430,0,0
3545,11,113,0,0,0.03458088,0,0
3546,11,114,0,0,0.05228783,1,32
3547,11,115,0,0,0.00539412,0,0
3548,11,116,0,0,0.04380020,1,32
3549,11,117,0,0,0.00985428,0,0
3550,11,118,0,0,0.05560522,1,32
3551,11,119,0,0,0.01326796,0,0
3552,11,120,0,0,0.05543983,1,32
3553,11,121,0,0,0.03788520,0,0
3554,11,122,0,0,0.03588438,0,0
3555,11,123,0,0,0.04147789,1,32
3556,11,124,0,0,0.05051497,1,32
3557,11,125,0,0,0.01568107,0,0
3558,11,126,0,0,0.01482598,0,0
3559,11,127,0,0,0.02603543,0,0
3560,11,128,0,0,0.01448379,0,0
3561,11,129,0,0,0.01481453,0,0
3562,11,130,0,0,0.04415516,1,32
3563,11,131,0,0,0.01952273,0,0
3564,11,132,0,0,0.03097166,0,0
3565,11,133,0,0,0.02210145,0,0
3566,11,134,0,0,0.02256384,0,0
3567,11,135,0,0,0.03252741,0,0
3568,11,136,0,0,0.01525317,0,0
3569,11,137,0,0,0.04539799,1,32
3570,11,138,0,0,0.02867085,0,0
3571,11,139,0,0,0.06577218,1,32
3572,11,140,0,0,0.02392720,0,0
3573,11,141,0,0,0.01758965,0,0
3574,11,142,0,0,0.09790057,1,32
3575,11,143,0,0,0.04228016,1,32
3576,11,144,0,0,0.01215176,0,0
3577,11,145,0,0,0.01030058,0,0
3578,11,146,0,0,0.01534005,0,0
3579,11,147,0,0,0.01697232,0,0
3580,11,148,0,0,0.01894973,0,0
3581,11,149,0,0,0.03325634,0,0
3582,11,150,0,0,0.00446723,0,0
3583,11,151,0,0,0.02763350,0,0
3584,11,152,0,0,0.02564801,0,0
3585,11,153,0,0,0.01926772,0,0
3586,11,154,0,0,0.01653999,0,0
3587,11,155,0,0,0.04145135,1,32
3588,11,156,0,0,0.04447433,1,32
3589,11,157,0,0,0.01266816,0,0
3590,11,158,0,0,0.02831629,0,0
3591,11,159,0,0,0.02788578,0,0
3592,11,160,0,0,0.02672176,0,0
3593,11,161,0,0,0.02093399,0,0
3594,11,162,0,0,0.02401329,0,0
3595,11,163,0,0,0.01191201,0,0
3596,11,164,0,0,0.02192767,0,0
3597,11,165,0,0,0.01060013,0,0
3598,11,166,0,0,0.01511842,0,0
3599,11,167,0,0,0.03665492,0,0
3600,11,168,0,0,0.01617581,0,0
3601,11,169,0,0,0.01999136,0,0
3602,11,170,0,0,0.05022797,1,32
3603,11,171,0,0,0.02107022,0,0
3604,11,172,0,0,0.03033893,0,0
3605,11,173,0,0,0.01665045,0,0
3606,11,174,0,0,0.02987330,0,0
3607,11,175,0,0,0.02713767,0,0
3608,11,176,0,0,0.03004649,0,0
3609,11,177,0,0,0.01431204,0,0
3610,11,178,0,0,0.02743315,0,0
3611,11,179,0,0,0.01730447,0,0
3612,11,180,0,0,0.03986192,0,0
3613,11,181,0,0,0.01958657,0,0
3614,11,182,0,0,0.01522435,0,0
3615,11,183,0,0,0.03221535,0,0
3616,11,184,0,0,0.02167029,0,0
3617,11,185,0,0,0.02357408,0,0
3618,11,186,0,0,0.05827416,1,32
3619,11,187,0,0,0.08054426,1,32
3620,11,188,0,0,0.01716856,0,0
3621,11,189,0,0,0.03040688,0,0
3622,11,190,0,0,0.01844198,0,0
3623,11,191,0,0,0.04421339,1,32
3624,11,192,0,0,0.02487812,0,0
3625,11,193,0,0,0.01652617,0,0
3626,11,194,0,0,0.01978892,0,0
3627,11,195,0,0,0.05528096,1,32
3628,11,196,0,0,0.02915668,0,0
3629,11,197,0,0,0.07465154,1,32
3630,11,198,0,0,0.03530221,0,0
3631,11,199,0,0,0.04000268,1,32
3632,11,200,0,0,0.03012518,0,0
3633,11,201,0,0,0.05944714,1,32
3634,11,202,0,0,0.03525572,0,0
3635,11,203,0,0,0.01916365,0,0
3636,11,204,0,0,0.03512401,0,0
3637,11,205,0,0,0.04854890,1,32
3638,11,206,0,0,0.02911732,0,0
3639,11,207,0,0,0.05892442,1,32
3640,11,208,0,0,0.03729953,0,0
3641,11,209,0,0,0.07563323,1,32
3642,11,210,0,0,0.02812422,0,0
3643,11,211,0,0,0.05344344,1,32
3644,11,212,0,0,0.04430094,1,32
3645,11,213,0,0,0.04778685,1,32
3646,11,214,0,0,0.06210112,1,32
3647,11,215,0,0,0.01553937,0,0
3648,11,216,0,0,0.02419489,0,0
3649,11,217,0,0,0.03600056,0,0
3650,11,218,0,0,0.05228671,1,32
3651,11,219,0,0,0.01669953,0,0
3652,11,220,0,0,0.10910622,1,32
3653,11,221,0,0,0.02562751,0,0
3654,11,222,0,0,0.02842546,0,0
3655,11,223,0,0,0.08301466,1,32
3656,11,224,0,0,0.04096648,1,32
3657,11,225,0,0,0.01924820,0,0
3658,11,226,0,0,0.04923983,1,32
3659,11,227,0,0,0.02063940,0,0
3660,11,228,0,0,0.02825863,0,0
3661,11,229,0,0,0.01560184,0,0
3662,11,230,0,0,0.02486240,0,0
3663,11,231,0,0,0.03549514,0,0
3664,11,232,0,0,0.02377279,0,0
3665,11,233,0,0,0.02103128,0,0
3666,11,234,0,0,0.06421845,1,32
3667,11,235,0,0,0.01432791,0,0
3668,11,236,0,0,0.01806884,0,0
3669,11,237,0,0,0.05876543,1,32
3670,11,238,0,0,0.05581509,1,32
3671,11,239,0,0,0.07717377,1,32
3672,11,240,0,0,0.02118216,0,0
3673,11,241,0,0,0.01761129,0,0
3674,11,242,0,0,0.03021225,0,0
3675,11,243,0,0,0.04160038,1,32
3676,11,244,0,0,0.04413357,1,32
3677,11,245,0,0,0.03543298,0,0
3678,11,246,0,0,0.02317229,0,0
3679,11,247,0,0,0.06502301,1,32
3680,11,248,0,0,0.01659770,0,0
3681,11,249,0,0,0.01973611,0,0
3682,11,250,0,0,0.05201042,1,32
3683,11,251,0,0,0.05573149,1,32
3684,11,252,0,0,0.03234012,0,0
3685,11,253,0,0,0.02855920,0,0
3686,11,254,0,0,0.05990969,1,32
3687,11,255,0,0,0.01326121,0,0
3688,11,256,0,0,0.03017017,0,0
3689,11,257,0,0,0.03465899,0,0
3690,11,258,0,0,0.01409230,0,0
3691,11,259,0,0,0.04460464,1,32
3692,11,260,0,0,0.02489934,0,0
3693,11,261,0,0,0.01716033,0,0
3694,11,262,0,0,0.03017420,0,0
3695,11,263,0,0,0.03307327,0,0
3696,11,264,0,0,0.02357125,0,0
3697,11,265,0,0,0.02967741,0,0
3698,11,266,0,0,0.05093127,1,32
3699,11,267,0,0,0.01960268,0,0
3700,11,268,0,0,0.02250803,0,0
3701,11,269,0,0,0.01635128,0,0
3702,11,270,0,0,0.02601617,0,0
3703,11,271,0,0,0.05375884,1,32
3704,11,272,0,0,0.02213155,0,0
3705,11,273,0,0,0.03630834,0,0
3706,11,274,0,0,0.02285618,0,0
3707,11,275,0,0,0.02260990,0,0
3708,11,276,0,0,0.04697604,1,32
3709,11,277,0,0,0.03922250,0,0
3710,11,278,0,0,0.03668009,0,0
3711,11,279,0,0,0.01681788,0,0
3712,11,280,0,0,0.01970306,0,0
3713,11,281,0,0,0.02861305,0,0
3714,11,282,0,0,0.01102993,0,0
3715,11,283,0,0,0.05884160,1,32
3716,11,284,0,0,0.01246121,0,0
3717,11,285,0,0,0.05032650,1,32
3718,11,286,0,0,0.02140029,0,0
3719,11,287,0,0,0.01804878,0,0
3720,11,288,0,0,0.03625422,0,0
3721,11,289,0,0,0.04947364,1,32
3722,11,290,0,0,0.03966286,0,0
3723,11,291,0,0,0.02847169,0,0
3724,11,292,0,0,0.05524402,1,32
3725,11,293,0,0,0.04105370,1,32
3726,11,294,0,0,0.01723617,0,0
3727,11,295,0,0,0.00983070,0,0
3728,11,296,0,0,0.01708885,0,0
3729,11,297,0,0,0.01435494,0,0
3730,11,298,0,0,0.00931782,0,0
3731,11,299,0,0,0.03225013,0,0
3732,11,300,0,0,0.03480867,0,0
3733,11,301,0,0,0.06323498,1,32
3734,11,302,0,0,0.02351933,0,0
3735,11,303,0,0,0.02848318,0,0
3736,11,304,0,0,0.02032847,0,0
3737,11,305,0,0,0.01710489,0,0
3738,11,306,0,0,0.00758904,0,0
3739,11,307,0,0,0.03784066,0,0
3740,11,308,0,0,0.05779153,1,32
3741,11,309,0,0,0.01922470,0,0
3742,11,310,0,0,0.02458613,0,0
3743,11,311,0,0,0.02994004,0,0
3744,12,0,1,0,0.03290562,0,0
3745,12,1,0,0,0.02386325,0,0
3746,12,2,0,0,0.02314582,0,0
3747,12,3,0,0,0.01623783,0,0
3748,12,4,0,0,0.02621970,0,0
3749,12,5,0,0,0.04982125,1,32
3750,12,6,0,0,0.01094197,0,0
3751,12,7,0,0,0.01707351,0,0
3752,12,8,0,0,0.03415969,0,0
3753,12,9,0,0,0.06359954,1,32
3754,12,10,0,0,0.03282356,0,0
3755,12,11,0,0,0.11941595,1,16
3756,12,12,0,0,0.01653317,0,0
3757,12,13,0,0,0.02900665,0,0
3758,12,14,0,0,0.02385487,0,0
3759,12,15,0,0,0.04462274,1,32
3760,12,16,0,0,0.02517332,0,0
3761,12,17,0,0,0.01960962,0,0
3762,12,18,0,0,0.03738423,0,0
3763,12,19,0,0,0.01887260,0,0
3764,12,20,0,0,0.02787979,0,0
3765,12,21,0,0,0.03630114,0,0
3766,12,22,0,0,0.02189484,0,0
3767,12,23,0,0,0.01025628,0,0
3768,12,24,0,0,0.00985518,0,0
3769,12,25,0,0,0.03939582,0,0
3770,12,26,0,0,0.02891482,0,0
3771,12,27,0,0,0.01945022,0,0
3772,12,28,0,0,0.02854457,0,0
3773,12,29,0,0,0.03089359,0,0
3774,12,30,0,0,0.01735818,0,0
3775,12,31,0,0,0.01798464,0,0
3776,12,32,0,0,0.03600071,0,0
3777,12,33,0,0,0.02225864,0,0
3778,12,34,0,0,0.04197268,1,31
3779,12,35,0,0,0.06218142,1,32
3780,12,36,0,0,0.02129415,0,0
3781,12,37,0,0,0.02969051,0,0
3782,12,38,0,0,0.03188420,0,0
3783,12,39,0,0,0.05078884,1,32
3784,12,40,0,0,0.04192535,1,32
3785,12,41,0,0,0.00955404,0,0
3786,12,42,0,0,0.03508732,0,0
3787,12,43,0,0,0.06441335,1,32
3788,12,44,0,0,0.07000588,1,32
3789,12,45,0,0,0.02158013,0,0
3790,12,46,0,0,0.02127866,0,0
3791,12,47,0,0,0.01121003,0,0
3792,12,48,0,0,0.02422613,0,0
3793,12,49,0,0,0.01651225,0,0
3794,12,50,0,0,0.02020539,0,0
3795,12,51,0,0,0.04142595,1,32
3796,12,52,0,0,0.03284438,0,0
3797,12,53,0,0,0.02718121,0,0
3798,12,54,0,0,0.05139447,1,32
3799,12,55,0,0,0.01409051,0,0
3800,12,56,0,0,0.01814422,0,0
3801,12,57,0,0,0.01030979,0,0
3802,12,58,0,0,0.03298395,0,0
3803,12,59,0,0,0.03715329,0,0
3804,12,60,0,0,0.03364553,0,0
3805,12,61,0,0,0.04058832,1,32
3806,12,62,0,0,0.04019042,1,32
3807,12,63,0,0,0.03162857,0,0
3808,12,64,0,0,0.04743116,1,31
3809,12,65,0,0,0.02526273,0,0
3810,12,66,0,0,0.00880905,0,0
3811,12,67,0,0,0.02447771,0,0
3812,12,68,0,0,0.00869276,0,0
3813,12,69,0,0,0.01268198,0,0
3814,12,70,0,0,0.02183851,0,0
3815,12,71,0,0,0.01582029,0,0
3816,12,72,0,0,0.00323892,0,0
3817,12,73,0,0,0.03086002,0,0
3818,12,74,0,0,0.01412402,0,0
3819,12,75,0,0,0.02031626,0,0
3820,12,76,0,0,0.01785442,0,0
3821,12,77,0,0,0.04047325,1,32
3822,12,78,0,0,0.02719785,0,0
3823,12,79,0,0,0.03006082,0,0
3824,12,80,0,0,0.04858282,1,32
3825,12,81,0,0,0.05130268,1,31
3826,12,82,0,0,0.01905158,0,0
3827,12,83,0,0,0.00727466,0,0
3828,12,84,0,0,0.02358899,0,0
3829,12,85,0,0,0.01509804,0,0
3830,12,86,0,0,0.02064918,0,0
3831,12,87,0,0,0.02436426,0,0
3832,12,88,0,0,0.02264374,0,0
3833,12,89,0,0,0.02527802,0,0
3834,12,90,0,0,0.02484192,0,0
3835,12,91,0,0,0.01142338,0,0
3836,12,92,0,0,0.02446953,0,0
3837,12,93,0,0,0.02580414,0,0
3838,12,94,0,0,0.03658518,0,0
3839,12,95,0,0,0.04038016,1,32
3840,12,96,0,0,0.00913139,0,0
3841,12,97,0,0,0.02223499,0,0
3842,12,98,0,0,0.04475860,1,32
3843,12,99,0,0,0.00785282,0,0
3844,12,100,0,0,0.01707831,0,0
3845,12,101,0,0,0.02233162,0,0
3846,12,102,0,0,0.02658849,0,0
3847,12,103,0,0,0.01731896,0,0
3848,12,104,0,0,0.01664810,0,0
3849,12,105,0,0,0.04658416,1,32
3850,12,106,0,0,0.04604074,1,32
3851,12,107,0,0,0.01685096,0,0
3852,12,108,0,0,0.01651773,0,0
3853,12,109,0,0,0.01149078,0,0
3854,12,110,0,0,0.07299643,1,32
3855,12,111,0,0,0.02091087,0,0
3856,12,112,0,0,0.02436602,0,0
3857,12,113,0,0,0.02305534,0,0
3858,12,114,0,0,0.03351222,0,0
3859,12,115,0,0,0.04968313,1,32
3860,12,116,0,0,0.00556428,0,0
3861,12,117,0,0,0.04404623,1,32
3862,12,118,0,0,0.00938426,0,0
3863,12,119,0,0,0.04026838,1,31
3864,12,120,0,0,0.01694036,0,0
3865,12,121,0,0,0.04884959,1,32
3866,12,122,0,0,0.02905506,0,0
3867,12,123,0,0,0.02446086,0,0
3868,12,124,0,0,0.04121013,1,32
3869,12,125,0,0,0.03097276,0,0
3870,12,126,0,0,0.01119957,0,0
3871,12,127,0,0,0.01640818,0,0
3872,12,128,0,0,0.01282620,0,0
3873,12,129,0,0,0.01800319,0,0
3874,12,130,0,0,0.02611149,0,0
3875,12,131,0,0,0.03566443,0,0
3876,12,132,0,0,0.01994244,0,0
3877,12,133,0,0,0.02169174,0,0
3878,12,134,0,0,0.01396982,0,0
3879,12,135,0,0,0.02393860,0,0
3880,12,136,0,0,0.05369685,1,32
3881,12,137,0,0,0.01367059,0,0
3882,12,138,0,0,0.04537772,1,31
3883,12,139,0,0,0.01965204,0,0
3884,12,140,0,0,0.05708351,1,32
3885,12,141,0,0,0.02126653,0,0
3886,12,142,0,0,0.01651058,0,0
3887,12,143,0,0,0.08560789,1,32
3888,12,144,0,0,0.04443624,1,32
3889,12,145,0,0,0.01460467,0,0
3890,12,146,0,0,0.01260833,0,0
3891,12,147,0,0,0.01761823,0,0
3892,12,148,0,0,0.01485878,0,0
3893,12,149,0,0,0.01472951,0,0
3894,12,150,0,0,0.03332022,0,0
3895,12,151,0,0,0.00358370,0,0
3896,12,152,0,0,0.01555400,0,0
3897,12,153,0,0,0.02771571,0,0
3898,12,154,0,0,0.01829766,0,0
3899,12,155,0,0,0.01128155,0,0
3900,12,156,0,0,0.04013655,1,32
3901,12,157,0,0,0.03098449,0,0
3902,12,158,0,0,0.01226401,0,0
3903,12,159,0,0,0.02769721,0,0
3904,12,160,0,0,0.02763658,0,0
3905,12,161,0,0,0.01189584,0,0
3906,12,162,0,0,0.03405674,0,0
3907,12,163,0,0,0.02515931,0,0
3908,12,164,0,0,0.01119256,0,0
3909,12,165,0,0,0.02484835,0,0
3910,12,166,0,0,0.01669171,0,0
3911,12,167,0,0,0.01267238,0,0
3912,12,168,0,0,0.03406750,0,0
3913,12,169,0,0,0.01280525,0,0
3914,12,170,0,0,0.01599824,0,0
3915,12,171,0,0,0.02390464,0,0
3916,12,172,0,0,0.01744615,0,0
3917,12,173,0,0,0.04170152,1,32
3918,12,174,0,0,0.01853709,0,0
3919,12,175,0,0,0.05591078,1,31
3920,12,176,0,0,0.02872043,0,0
3921,12,177,0,0,0.03287804,0,0
3922,12,178,0,0,0.02082820,0,0
3923,12,179,0,0,0.02798279,0,0
3924,12,180,0,0,0.01898541,0,0
3925,12,181,0,0,0.03132683,0,0
3926,12,182,0,0,0.01566813,0,0
3927,12,183,0,0,0.01392335,0,0
3928,12,184,0,0,0.02642078,0,0
3929,12,185,0,0,0.01872059,0,0
3930,12,186,0,0,0.02686011,0,0
3931,12,187,0,0,0.04332474,1,32
3932,12,188,0,0,0.04445759,1,30
3933,12,189,0,0,0.01482236,0,0
3934,12,190,0,0,0.02370989,0,0
3935,12,191,0,0,0.01515349,0,0
3936,12,192,0,0,0.04355882,1,32
3937,12,193,0,0,0.02068578,0,0
3938,12,194,0,0,0.01770381,0,0
3939,12,195,0,0,0.02220684,0,0
3940,12,196,0,0,0.03149969,0,0
3941,12,197,0,0,0.03041911,0,0
3942,12,198,0,0,0.04090477,1,31
3943,12,199,0,0,0.02846972,0,0
3944,12,200,0,0,0.04080778,1,31
3945,12,201,0,0,0.02103879,0,0
3946,12,202,0,0,0.06086757,1,32
3947,12,203,0,0,0.03198683,0,0
3948,12,204,0,0,0.02216240,0,0
3949,12,205,0,0,0.05168643,1,32
3950,12,206,0,0,0.04117026,1,30
3951,12,207,0,0,0.01917522,0,0
3952,12,208,0,0,0.04648861,1,32
3953,12,209,0,0,0.03510807,0,0
3954,12,210,0,0,0.03551120,0,0
3955,12,211,0,0,0.02325324,0,0
3956,12,212,0,0,0.02376283,0,0
3957,12,213,0,0,0.04248247,1,32
3958,12,214,0,0,0.04293980,1,32
3959,12,215,0,0,0.03294547,0,0
3960,12,216,0,0,0.01666383,0,0
3961,12,217,0,0,0.01037780,0,0
3962,12,218,0,0,0.03144080,0,0
3963,12,219,0,0,0.05045591,1,31
3964,12,220,0,0,0.01663857,0,0
3965,12,221,0,0,0.08682701,1,32
3966,12,222,0,0,0.02406210,0,0
3967,12,223,0,0,0.01831069,0,0
3968,12,224,0,0,0.05582695,1,30
3969,12,225,0,0,0.02860073,0,0
3970,12,226,0,0,0.00951395,0,0
3971,12,227,0,0,0.02851717,0,0
3972,12,228,0,0,0.02226560,0,0
3973,12,229,0,0,0.02616968,0,0
3974,12,230,0,0,0.02069115,0,0
3975,12,231,0,0,0.01434670,0,0
3976,12,232,0,0,0.03359138,0,0
3977,12,233,0,0,0.02539044,0,0
3978,12,234,0,0,0.02787518,0,0
3979,12,235,0,0,0.05679600,1,32
3980,12,236,0,0,0.01227762,0,0
3981,12,237,0,0,0.02149435,0,0
3982,12,238,0,0,0.06031048,1,32
3983,12,239,0,0,0.04565506,1,32
3984,12,240,0,0,0.03984270,0,0
3985,12,241,0,0,0.01918022,0,0
3986,12,242,0,0,0.02276966,0,0
3987,12,243,0,0,0.02193192,0,0
3988,12,244,0,0,0.04801352,1,32
3989,12,245,0,0,0.03996726,0,0
3990,12,246,0,0,0.02523844,0,0
3991,12,247,0,0,0.01678915,0,0
3992,12,248,0,0,0.05607404,1,31
3993,12,249,0,0,0.01645605,0,0
3994,12,250,0,0,0.01749593,0,0
3995,12,251,0,0,0.05168471,1,32
3996,12,252,0,0,0.02899827,0,0
3997,12,253,0,0,0.04510247,1,32
3998,12,254,0,0,0.01668130,0,0
3999,12,255,0,0,0.03938922,0,0
4000,12,256,0,0,0.01318049,0,0
4001,12,257,0,0,0.02432000,0,0
4002,12,258,0,0,0.03438939,0,0
4003,12,259,0,0,0.01618781,0,0
4004,12,260,0,0,0.03367008,0,0
4005,12,261,0,0,0.01856430,0,0
4006,12,262,0,0,0.01442783,0,0
4007,12,263,0,0,0.02834756,0,0
4008,12,264,0,0,0.03300026,0,0
4009,12,265,0,0,0.01962756,0,0
4010,12,266,0,0,0.03589240,0,0
4011,12,267,0,0,0.03199690,0,0
4012,12,268,0,0,0.01370658,0,0
4013,12,269,0,0,0.02091707,0,0
4014,12,270,0,0,0.01640870,0,0
4015,12,271,0,0,0.01845642,0,0
4016,12,272,0,0,0.02952432,0,0
4017,12,273,0,0,0.01752718,0,0
4018,12,274,0,0,0.03562633,0,0
4019,12,275,0,0,0.01680228,0,0
4020,12,276,0,0,0.01779975,0,0
4021,12,277,0,0,0.04800155,1,32
4022,12,278,0,0,0.03600802,0,0
4023,12,279,0,0,0.02932399,0,0
4024,12,280,0,0,0.02535225,0,0
4025,12,281,0,0,0.02533685,0,0
4026,12,282,0,0,0.02868750,0,0
4027,12,283,0,0,0.00653692,0,0
4028,12,284,0,0,0.05714959,1,32
4029,12,285,0,0,0.01173328,0,0
4030,12,286,0,0,0.03734319,0,0
4031,12,287,0,0,0.02394631,0,0
4032,12,288,0,0,0.01530680,0,0
4033,12,289,0,0,0.03517414,0,0
4034,12,290,0,0,0.04778886,1,32
4035,12,291,0,0,0.02756745,0,0
4036,12,292,0,0,0.02291147,0,0
4037,12,293,0,0,0.02007363,0,0
4038,12,294,0,0,0.01991143,0,0
4039,12,295,0,0,0.01480057,0,0
4040,12,296,0,0,0.01115496,0,0
4041,12,297,0,0,0.01339179,0,0
4042,12,298,0,0,0.01390908,0,0
4043,12,299,0,0,0.00745137,0,0
4044,12,300,0,0,0.02739940,0,0
4045,12,301,0,0,0.03270781,0,0
4046,12,302,0,0,0.06580229,1,32
4047,12,303,0,0,0.02963763,0,0
4048,12,304,0,0,0.01134833,0,0
4049,12,305,0,0,0.02619718,0,0
4050,12,306,0,0,0.02432511,0,0
4051,12,307,0,0,0.00747858,0,0
4052,12,308,0,0,0.03503405,0,0
4053,12,309,0,0,0.02789765,0,0
4054,12,310,0,0,0.02368997,0,0
4055,12,311,0,0,0.02891424,0,0
4056,13,0,1,0,0.02420660,0,0
4057,13,1,0,0,0.02731890,0,0
4058,13,2,0,0,0.01441856,0,0
4059,13,3,0,0,0.03570838,0,0
4060,13,4,0,0,0.01754227,0,0
4061,13,5,0,0,0.02795430,0,0
4062,13,6,0,0,0.04304215,1,32
4063,13,7,0,0,0.01039817,0,0
4064,13,8,0,0,0.01398449,0,0
4065,13,9,0,0,0.02458990,0,0
4066,13,10,0,0,0.03300230,0,0
4067,13,11,0,0,0.01664799,0,0
4068,13,12,0,0,0.08439829,1,16
4069,13,13,0,0,0.02034148,0,0
4070,13,14,0,0,0.02039361,0,0
4071,13,15,0,0,0.03978649,0,0
4072,13,16,0,0,0.04688998,1,32
4073,13,17,0,0,0.01975816,0,0
4074,13,18,0,0,0.02416510,0,0
4075,13,19,0,0,0.02133817,0,0
4076,13,20,0,0,0.02152158,0,0
4077,13,21,0,0,0.01613077,0,0
4078,13,22,0,0,0.02969525,0,0
4079,13,23,0,0,0.02143630,0,0
4080,13,24,0,0,0.00942573,0,0
4081,13,25,0,0,0.01370515,0,0
4082,13,26,0,0,0.03072063,0,0
4083,13,27,0,0,0.02584471,0,0
4084,13,28,0,0,0.02683751,0,0
4085,13,29,0,0,0.02608130,0,0
4086,13,30,0,0,0.03205422,0,0
4087,13,31,0,0,0.01776942,0,0
4088,13,32,0,0,0.02179554,0,0
4089,13,33,0,0,0.03540307,0,0
4090,13,34,0,0,0.01419730,0,0
4091,13,35,0,0,0.04307997,1,32
4092,13,36,0,0,0.05268611,1,32
4093,13,37,0,0,0.02135390,0,0
4094,13,38,0,0,0.02884076,0,0
4095,13,39,0,0,0.01855296,0,0
4096,13,40,0,0,0.03468376,0,0
4097,13,41,0,0,0.02902458,0,0
4098,13,42,0,0,0.01910491,0,0
4099,13,43,0,0,0.04229603,1,32
4100,13,44,0,0,0.07018390,1,31
4101,13,45,0,0,0.06694257,1,31
4102,13,46,0,0,0.02391634,0,0
4103,13,47,0,0,0.01134961,0,0
4104,13,48,0,0,0.01783818,0,0
4105,13,49,0,0,0.02596917,0,0
4106,13,50,0,0,0.01896288,0,0
4107,13,51,0,0,0.01927146,0,0
4108,13,52,0,0,0.03043648,0,0
4109,13,53,0,0,0.03242353,0,0
4110,13,54,0,0,0.02621911,0,0
4111,13,55,0,0,0.03378987,0,0
4112,13,56,0,0,0.01498879,0,0
4113,13,57,0,0,0.04906463,1,31
4114,13,58,0,0,0.00993055,0,0
4115,13,59,0,0,0.01959534,0,0
4116,13,60,0,0,0.06581496,1,32
4117,13,61,0,0,0.03040455,0,0
4118,13,62,0,0,0.05054129,1,32
4119,13,63,0,0,0.04459247,1,32
4120,13,64,0,0,0.03291655,0,0
4121,13,65,0,0,0.06184254,1,32
4122,13,66,0,0,0.02554113,0,0
4123,13,67,0,0,0.01614548,0,0
4124,13,68,0,0,0.02467833,0,0
4125,13,69,0,0,0.00909710,0,0
4126,13,70,0,0,0.01041789,0,0
4127,13,71,0,0,0.03134798,0,0
4128,13,72,0,0,0.02410438,0,0
4129,13,73,0,0,0.00402288,0,0
4130,13,74,0,0,0.03339886,0,0
4131,13,75,0,0,0.02520251,0,0
4132,13,76,0,0,0.01925505,0,0
4133,13,77,0,0,0.01618881,0,0
4134,13,78,0,0,0.05697209,1,32
4135,13,79,0,0,0.01935277,0,0
4136,13,80,0,0,0.06248846,1,32
4137,13,81,0,0,0.05013550,1,32
4138,13,82,0,0,0.05293635,1,32
4139,13,83,0,0,0.02073590,0,0
4140,13,84,0,0,0.01341791,0,0
4141,13,85,0,0,0.03385593,0,0
4142,13,86,0,0,0.01481781,0,0
4143,13,87,0,0,0.02198656,0,0
4144,13,88,0,0,0.02948697,0,0
4145,13,89,0,0,0.02630050,0,0
4146,13,90,0,0,0.03006123,0,0
4147,13,91,0,0,0.03963201,0,0
4148,13,92,0,0,0.00898919,0,0
4149,13,93,0,0,0.03900455,0,0
4150,13,94,0,0,0.02199683,0,0
4151,13,95,0,0,0.02242762,0,0
4152,13,96,0,0,0.04365104,1,32
4153,13,97,0,0,0.00768909,0,0
4154,13,98,0,0,0.02886938,0,0
4155,13,99,0,0,0.05169548,1,31
4156,13,100,0,0,0.00746432,0,0
4157,13,101,0,0,0.01744930,0,0
4158,13,102,0,0,0.02683967,0,0
4159,13,103,0,0,0.02549520,0,0
4160,13,104,0,0,0.02146503,0,0
4161,13,105,0,0,0.04410879,1,31
4162,13,106,0,0,0.04772270,1,32
4163,13,107,0,0,0.03842106,0,0
4164,13,108,0,0,0.02876960,0,0
4165,13,109,0,0,0.00693376,0,0
4166,13,110,0,0,0.01911060,0,0
4167,13,111,0,0,0.06783658,1,31
4168,13,112,0,0,0.01019677,0,0
4169,13,113,0,0,0.02405192,0,0
4170,13,114,0,0,0.02127399,0,0
4171,13,115,0,0,0.03273163,0,0
4172,13,116,0,0,0.05203677,1,32
4173,13,117,0,0,0.00380731,0,0
4174,13,118,0,0,0.04204196,1,32
4175,13,119,0,0,0.00995638,0,0
4176,13,120,0,0,0.04558019,1,31
4177,13,121,0,0,0.01470809,0,0
4178,13,122,0,0,0.04467926,1,31
4179,13,123,0,0,0.03808655,0,0
4180,13,124,0,0,0.02880278,0,0
4181,13,125,0,0,0.03811289,0,0
4182,13,126,0,0,0.04949998,1,32
4183,13,127,0,0,0.01504478,0,0
4184,13,128,0,0,0.01743358,0,0
4185,13,129,0,0,0.01897439,0,0
4186,13,130,0,0,0.01620020,0,0
4187,13,131,0,0,0.01926602,0,0
4188,13,132,0,0,0.03680640,0,0
4189,13,133,0,0,0.01617179,0,0
4190,13,134,0,0,0.03959535,0,0
4191,13,135,0,0,0.01898575,0,0
4192,13,136,0,0,0.02150927,0,0
4193,13,137,0,0,0.03032896,0,0
4194,13,138,0,0,0.01273894,0,0
4195,13,139,0,0,0.06605688,1,32
4196,13,140,0,0,0.02329852,0,0
4197,13,141,0,0,0.05233021,1,31
4198,13,142,0,0,0.02757137,0,0
4199,13,143,0,0,0.01743307,0,0
4200,13,144,0,0,0.07963663,1,31
4201,13,145,0,0,0.03605966,0,0
4202,13,146,0,0,0.00691746,0,0
4203,13,147,0,0,0.00947816,0,0
4204,13,148,0,0,0.01678028,0,0
4205,13,149,0,0,0.01421615,0,0
4206,13,150,0,0,0.01867435,0,0
4207,13,151,0,0,0.03547694,0,0
4208,13,152,0,0,0.01058640,0,0
4209,13,153,0,0,0.02250444,0,0
4210,13,154,0,0,0.02448219,0,0
4211,13,155,0,0,0.02396897,0,0
4212,13,156,0,0,0.01162633,0,0
4213,13,157,0,0,0.03542082,0,0
4214,13,158,0,0,0.04258969,1,32
4215,13,159,0,0,0.01151915,0,0
4216,13,160,0,0,0.02582104,0,0
4217,13,161,0,0,0.02450576,0,0
4218,13,162,0,0,0.02193745,0,0
4219,13,163,0,0,0.03326808,0,0
4220,13,164,0,0,0.02281295,0,0
4221,13,165,0,0,0.01367930,0,0
4222,13,166,0,0,0.01689435,0,0
4223,13,167,0,0,0.01496417,0,0
4224,13,168,0,0,0.02051632,0,0
4225,13,169,0,0,0.04988735,1,32
4226,13,170,0,0,0.01977149,0,0
4227,13,171,0,0,0.01172524,0,0
4228,13,172,0,0,0.03272131,0,0
4229,13,173,0,0,0.01839524,0,0
4230,13,174,0,0,0.02023282,0,0
4231,13,175,0,0,0.01778836,0,0
4232,13,176,0,0,0.02244608,0,0
4233,13,177,0,0,0.02832644,0,0
4234,13,178,0,0,0.02908371,0,0
4235,13,179,0,0,0.01748607,0,0
4236,13,180,0,0,0.03402378,0,0
4237,13,181,0,0,0.01770615,0,0
4238,13,182,0,0,0.04085296,1,32
4239,13,183,0,0,0.01264487,0,0
4240,13,184,0,0,0.01408534,0,0
4241,13,185,0,0,0.02970070,0,0
4242,13,186,0,0,0.02766170,0,0
4243,13,187,0,0,0.01826874,0,0
4244,13,188,0,0,0.05467906,1,32
4245,13,189,0,0,0.07214631,1,32
4246,13,190,0,0,0.01112281,0,0
4247,13,191,0,0,0.01980425,0,0
4248,13,192,0,0,0.01871067,0,0
4249,13,193,0,0,0.03455568,0,0
4250,13,194,0,0,0.02226143,0,0
4251,13,195,0,0,0.01703552,0,0
4252,13,196,0,0,0.02031787,0,0
4253,13,197,0,0,0.03365520,0,0
4254,13,198,0,0,0.03241322,0,0
4255,13,199,0,0,0.05042691,1,31
4256,13,200,0,0,0.03442749,0,0
4257,13,201,0,0,0.03937235,0,0
4258,13,202,0,0,0.03162296,0,0
4259,13,203,0,0,0.05537463,1,32
4260,13,204,0,0,0.02453283,0,0
4261,13,205,0,0,0.01676917,0,0
4262,13,206,0,0,0.02356955,0,0
4263,13,207,0,0,0.04476371,1,32
4264,13,208,0,0,0.02512300,0,0
4265,13,209,0,0,0.05838497,1,32
4266,13,210,0,0,0.03210628,0,0
4267,13,211,0,0,0.07734615,1,32
4268,13,212,0,0,0.02665865,0,0
4269,13,213,0,0,0.04602378,1,32
4270,13,214,0,0,0.03989127,0,0
4271,13,215,0,0,0.04580056,1,32
4272,13,216,0,0,0.04905692,1,32
4273,13,217,0,0,0.01556491,0,0
4274,13,218,0,0,0.02702415,0,0
4275,13,219,0,0,0.02991502,0,0
4276,13,220,0,0,0.02977819,0,0
4277,13,221,0,0,0.01476465,0,0
4278,13,222,0,0,0.10107674,1,32
4279,13,223,0,0,0.02505698,0,0
4280,13,224,0,0,0.03216111,0,0
4281,13,225,0,0,0.06979924,1,31
4282,13,226,0,0,0.03482495,0,0
4283,13,227,0,0,0.01516676,0,0
4284,13,228,0,0,0.01792431,0,0
4285,13,229,0,0,0.01743541,0,0
4286,13,230,0,0,0.02626374,0,0
4287,13,231,0,0,0.01128567,0,0
4288,13,232,0,0,0.01866853,0,0
4289,13,233,0,0,0.02759255,0,0
4290,13,234,0,0,0.02459555,0,0
4291,13,235,0,0,0.02056598,0,0
4292,13,236,0,0,0.06556303,1,31
4293,13,237,0,0,0.01658716,0,0
4294,13,238,0,0,0.01584330,0,0
4295,13,239,0,0,0.05003672,1,32
4296,13,240,0,0,0.05572946,1,32
4297,13,241,0,0,0.06398936,1,32
4298,13,242,0,0,0.02129015,0,0
4299,13,243,0,0,0.01640890,0,0
4300,13,244,0,0,0.01845694,0,0
4301,13,245,0,0,0.04006143,1,32
4302,13,246,0,0,0.03134519,0,0
4303,13,247,0,0,0.02812551,0,0
4304,13,248,0,0,0.02531543,0,0
4305,13,249,0,0,0.03873642,0,0
4306,13,250,0,0,0.01850450,0,0
4307,13,251,0,0,0.01986802,0,0
4308,13,252,0,0,0.04829916,1,32
4309,13,253,0,0,0.03983682,0,0
4310,13,254,0,0,0.02904647,0,0
4311,13,255,0,0,0.03010779,0,0
4312,13,256,0,0,0.04418838,1,32
4313,13,257,0,0,0.01299734,0,0
4314,13,258,0,0,0.02076388,0,0
4315,13,259,0,0,0.02532523,0,0
4316,13,260,0,0,0.01603487,0,0
4317,13,261,0,0,0.04294696,1,32
4318,13,262,0,0,0.01708011,0,0
4319,13,263,0,0,0.01549400,0,0
4320,13,264,0,0,0.03155439,0,0
4321,13,265,0,0,0.03225876,0,0
4322,13,266,0,0,0.03031890,0,0
4323,13,267,0,0,0.03568889,0,0
4324,13,268,0,0,0.06076392,1,32
4325,13,269,0,0,0.02348491,0,0
4326,13,270,0,0,0.02022626,0,0
4327,13,271,0,0,0.01632309,0,0
4328,13,272,0,0,0.02443588,0,0
4329,13,273,0,0,0.05124089,1,32
4330,13,274,0,0,0.01495427,0,0
4331,13,275,0,0,0.03645317,0,0
4332,13,276,0,0,0.00869458,0,0
4333,13,277,0,0,0.01562463,0,0
4334,13,278,0,0,0.04903367,1,32
4335,13,279,0,0,0.03289476,0,0
4336,13,280,0,0,0.03535363,0,0
4337,13,281,0,0,0.02762975,0,0
4338,13,282,0,0,0.02171347,0,0
4339,13,283,0,0,0.02448305,0,0
4340,13,284,0,0,0.01051296,0,0
4341,13,285,0,0,0.05387501,1,32
4342,13,286,0,0,0.01236527,0,0
4343,13,287,0,0,0.04436863,1,32
4344,13,288,0,0,0.02058513,0,0
4345,13,289,0,0,0.02493182,0,0
4346,13,290,0,0,0.03057186,0,0
4347,13,291,0,0,0.02928389,0,0
4348,13,292,0,0,0.03754460,0,0
4349,13,293,0,0,0.01790387,0,0
4350,13,294,0,0,0.02438018,0,0
4351,13,295,0,0,0.02686426,0,0
4352,13,296,0,0,0.01951876,0,0
4353,13,297,0,0,0.00979472,0,0
4354,13,298,0,0,0.01743399,0,0
4355,13,299,0,0,0.01922459,0,0
4356,13,300,0,0,0.00865496,0,0
4357,13,301,0,0,0.04112539,1,32
4358,13,302,0,0,0.02811700,0,0
4359,13,303,0,0,0.05290318,1,32
4360,13,304,0,0,0.01992878,0,0
4361,13,305,0,0,0.01788604,0,0
4362,13,306,0,0,0.01526728,0,0
4363,13,307,0,0,0.01366867,0,0
4364,13,308,0,0,0.00603285,0,0
4365,13,309,0,0,0.02890905,0,0
4366,13,310,0,0,0.04247507,1,31
4367,13,311,0,0,0.01946181,0,0
4368,14,0,1,0,0.02219130,0,0
4369,14,1,0,0,0.02632529,0,0
4370,14,2,0,0,0.02689935,0,0
4371,14,3,0,0,0.03866504,0,0
4372,14,4,0,0,0.04986583,1,32
4373,14,5,0,0,0.02023239,0,0
4374,14,6,0,0,0.02761661,0,0
4375,14,7,0,0,0.03265948,0,0
4376,14,8,0,0,0.01335787,0,0
4377,14,9,0,0,0.02008260,0,0
4378,14,10,0,0,0.03179213,0,0
4379,14,11,0,0,0.05375268,1,32
4380,14,12,0,0,0.03374204,0,0
4381,14,13,0,0,0.10129301,1,16
4382,14,14,0,0,0.02169042,0,0
4383,14,15,0,0,0.01573443,0,0
4384,14,16,0,0,0.02679804,0,0
4385,14,17,0,0,0.04203996,1,31
4386,14,18,0,0,0.01016729,0,0
4387,14,19,0,0,0.02650312,0,0
4388,14,20,0,0,0.02318141,0,0
4389,14,21,0,0,0.01703952,0,0
4390,14,22,0,0,0.01391400,0,0
4391,14,23,0,0,0.02636545,0,0
4392,14,24,0,0,0.01550413,0,0
4393,14,25,0,0,0.01290550,0,0
4394,14,26,0,0,0.03487483,0,0
4395,14,27,0,0,0.02591903,0,0
4396,14,28,0,0,0.02540705,0,0
4397,14,29,0,0,0.01532106,0,0
4398,14,30,0,0,0.03529537,0,0
4399,14,31,0,0,0.03118559,0,0
4400,14,32,0,0,0.01057887,0,0
4401,14,33,0,0,0.02228407,0,0
4402,14,34,0,0,0.04636091,1,31
4403,14,35,0,0,0.01400485,0,0
4404,14,36,0,0,0.02285640,0,0
4405,14,37,0,0,0.03607408,0,0
4406,14,38,0,0,0.02054335,0,0
4407,14,39,0,0,0.02529639,0,0
4408,14,40,0,0,0.01278958,0,0
4409,14,41,0,0,0.03373054,0,0
4410,14,42,0,0,0.02943461,0,0
4411,14,43,0,0,0.00935137,0,0
4412,14,44,0,0,0.02549567,0,0
4413,14,45,0,0,0.03399887,0,0
4414,14,46,0,0,0.09014219,1,31
4415,14,47,0,0,0.02137698,0,0
4416,14,48,0,0,0.01028078,0,0
4417,14,49,0,0,0.01603172,0,0
4418,14,50,0,0,0.03007861,0,0
4419,14,51,0,0,0.02099875,0,0
4420,14,52,0,0,0.02525264,0,0
4421,14,53,0,0,0.02537117,0,0
4422,14,54,0,0,0.02552675,0,0
4423,14,55,0,0,0.00885350,0,0
4424,14,56,0,0,0.03066650,0,0
4425,14,57,0,0,0.01847053,0,0
4426,14,58,0,0,0.01941114,0,0
4427,14,59,0,0,0.02129063,0,0
4428,14,60,0,0,0.01745258,0,0
4429,14,61,0,0,0.04004705,1,31
4430,14,62,0,0,0.02734328,0,0
4431,14,63,0,0,0.03105976,0,0
4432,14,64,0,0,0.05337271,1,32
4433,14,65,0,0,0.03636763,0,0
4434,14,66,0,0,0.04034045,1,32
4435,14,67,0,0,0.02896751,0,0
4436,14,68,0,0,0.00804933,0,0
4437,14,69,0,0,0.01563065,0,0
4438,14,70,0,0,0.00599064,0,0
4439,14,71,0,0,0.00695693,0,0
4440,14,72,0,0,0.02772062,0,0
4441,14,73,0,0,0.02369618,0,0
4442,14,74,0,0,0.01305498,0,0
4443,14,75,0,0,0.02879286,0,0
4444,14,76,0,0,0.01764598,0,0
4445,14,77,0,0,0.00939994,0,0
4446,14,78,0,0,0.02372863,0,0
4447,14,79,0,0,0.04692811,1,32
4448,14,80,0,0,0.02201597,0,0
4449,14,81,0,0,0.02859069,0,0
4450,14,82,0,0,0.04845060,1,31
4451,14,83,0,0,0.05907115,1,31
4452,14,84,0,0,0.01730217,0,0
4453,14,85,0,0,0.01211932,0,0
4454,14,86,0,0,0.03018485,0,0
4455,14,87,0,0,0.01163851,0,0
4456,14,88,0,0,0.01528842,0,0
4457,14,89,0,0,0.01749781,0,0
4458,14,90,0,0,0.02609929,0,0
4459,14,91,0,0,0.02487545,0,0
4460,14,92,0,0,0.01585705,0,0
4461,14,93,0,0,0.00802780,0,0
4462,14,94,0,0,0.02856201,0,0
4463,14,95,0,0,0.01900856,0,0
4464,14,96,0,0,0.01667847,0,0
4465,14,97,0,0,0.04196753,1,32
4466,14,98,0,0,0.01616938,0,0
4467,14,99,0,0,0.01149368,0,0
4468,14,100,0,0,0.05337232,1,32
4469,14,101,0,0,0.00658406,0,0
4470,14,102,0,0,0.00697558,0,0
4471,14,103,0,0,0.01418829,0,0
4472,14,104,0,0,0.00889877,0,0
4473,14,105,0,0,0.02089686,0,0
4474,14,106,0,0,0.01591459,0,0
4475,14,107,0,0,0.02101597,0,0
4476,14,108,0,0,0.03349682,0,0
4477,14,109,0,0,0.02011077,0,0
4478,14,110,0,0,0.00733611,0,0
4479,14,111,0,0,0.02787798,0,0
4480,14,112,0,0,0.05122047,1,28
4481,14,113,0,0,0.01992672,0,0
4482,14,114,0,0,0.01979460,0,0
4483,14,115,0,0,0.01482952,0,0
4484,14,116,0,0,0.01438230,0,0
4485,14,117,0,0,0.02163079,0,0
4486,14,118,0,0,0.00879945,0,0
4487,14,119,0,0,0.01756604,0,0
4488,14,120,0,0,0.00531917,0,0
4489,14,121,0,0,0.04749593,1,32
4490,14,122,0,0,0.01221786,0,0
4491,14,123,0,0,0.05524971,1,30
4492,14,124,0,0,0.04251491,1,32
4493,14,125,0,0,0.02104105,0,0
4494,14,126,0,0,0.02307291,0,0
4495,14,127,0,0,0.02207175,0,0
4496,14,128,0,0,0.01563245,0,0
4497,14,129,0,0,0.01051695,0,0
4498,14,130,0,0,0.02370669,0,0
4499,14,131,0,0,0.03258067,0,0
4500,14,132,0,0,0.01520216,0,0
4501,14,133,0,0,0.00711378,0,0
4502,14,134,0,0,0.02232508,0,0
4503,14,135,0,0,0.02252806,0,0
4504,14,136,0,0,0.02251101,0,0
4505,14,137,0,0,0.00931184,0,0
4506,14,138,0,0,0.01743756,0,0
4507,14,139,0,0,0.01285373,0,0
4508,14,140,0,0,0.03897823,0,0
4509,14,141,0,0,0.01751028,0,0
4510,14,142,0,0,0.04510881,1,28
4511,14,143,0,0,0.02149974,0,0
4512,14,144,0,0,0.02181856,0,0
4513,14,145,0,0,0.06375732,1,31
4514,14,146,0,0,0.02470110,0,0
4515,14,147,0,0,0.01313442,0,0
4516,14,148,0,0,0.00382140,0,0
4517,14,149,0,0,0.01411778,0,0
4518,14,150,0,0,0.02258561,0,0
4519,14,151,0,0,0.01997864,0,0
4520,14,152,0,0,0.03145292,0,0
4521,14,153,0,0,0.00959330,0,0
4522,14,154,0,0,0.01941978,0,0
4523,14,155,0,0,0.01154234,0,0
4524,14,156,0,0,0.00765629,0,0
4525,14,157,0,0,0.00899323,0,0
4526,14,158,0,0,0.02579843,0,0
4527,14,159,0,0,0.01692040,0,0
4528,14,160,0,0,0.01181659,0,0
4529,14,161,0,0,0.02077464,0,0
4530,14,162,0,0,0.02666533,0,0
4531,14,163,0,0,0.01657551,0,0
4532,14,164,0,0,0.03147249,0,0
4533,14,165,0,0,0.01812752,0,0
4534,14,166,0,0,0.00612875,0,0
4535,14,167,0,0,0.01285107,0,0
4536,14,168,0,0,0.01320542,0,0
4537,14,169,0,0,0.01011685,0,0
4538,14,170,0,0,0.01961324,0,0
4539,14,171,0,0,0.01591318,0,0
4540,14,172,0,0,0.01426477,0,0
4541,14,173,0,0,0.03030783,0,0
4542,14,174,0,0,0.01729896,0,0
4543,14,175,0,0,0.02922630,0,0
4544,14,176,0,0,0.01247551,0,0
4545,14,177,0,0,0.01866718,0,0
4546,14,178,0,0,0.02747049,0,0
4547,14,179,0,0,0.01986993,0,0
4548,14,180,0,0,0.02142207,0,0
4549,14,181,0,0,0.01832644,0,0
4550,14,182,0,0,0.01080500,0,0
4551,14,183,0,0,0.03716940,0,0
4552,14,184,0,0,0.01916482,0,0
4553,14,185,0,0,0.01421322,0,0
4554,14,186,0,0,0.01897428,0,0
4555,14,187,0,0,0.01458974,0,0
4556,14,188,0,0,0.01389350,0,0
4557,14,189,0,0,0.04916875,1,32
4558,14,190,0,0,0.03961288,0,0
4559,14,191,0,0,0.01407574,0,0
4560,14,192,0,0,0.02736212,0,0
4561,14,193,0,0,0.02001448,0,0
4562,14,194,0,0,0.02556804,0,0
4563,14,195,0,0,0.01872254,0,0
4564,14,196,0,0,0.02215150,0,0
4565,14,197,0,0,0.01597351,0,0
4566,14,198,0,0,0.02525497,0,0
4567,14,199,0,0,0.04529032,1,32
4568,14,200,0,0,0.03296410,0,0
4569,14,201,0,0,0.02009130,0,0
4570,14,202,0,0,0.01317627,0,0
4571,14,203,0,0,0.01601059,0,0
4572,14,204,0,0,0.03173845,0,0
4573,14,205,0,0,0.01356809,0,0
4574,14,206,0,0,0.01668941,0,0
4575,14,207,0,0,0.02045266,0,0
4576,14,208,0,0,0.03837312,0,0
4577,14,209,0,0,0.01728926,0,0
4578,14,210,0,0,0.03232709,0,0
4579,14,211,0,0,0.01913529,0,0
4580,14,212,0,0,0.05088284,1,32
4581,14,213,0,0,0.02160979,0,0
4582,14,214,0,0,0.04105652,1,31
4583,14,215,0,0,0.02673585,0,0
4584,14,216,0,0,0.03332438,0,0
4585,14,217,0,0,0.05469823,1,30
4586,14,218,0,0,0.01035123,0,0
4587,14,219,0,0,0.01105867,0,0
4588,14,220,0,0,0.03546301,0,0
4589,14,221,0,0,0.04642263,1,32
4590,14,222,0,0,0.01166902,0,0
4591,14,223,0,0,0.08313318,1,32
4592,14,224,0,0,0.02071366,0,0
4593,14,225,0,0,0.02796039,0,0
4594,14,226,0,0,0.04989204,1,31
4595,14,227,0,0,0.03002356,0,0
4596,14,228,0,0,0.01398949,0,0
4597,14,229,0,0,0.01462621,0,0
4598,14,230,0,0,0.01552058,0,0
4599,14,231,0,0,0.02907532,0,0
4600,14,232,0,0,0.00986224,0,0
4601,14,233,0,0,0.01223607,0,0
4602,14,234,0,0,0.01347381,0,0
4603,14,235,0,0,0.01613265,0,0
4604,14,236,0,0,0.01537049,0,0
4605,14,237,0,0,0.04401346,1,32
4606,14,238,0,0,0.01369434,0,0
4607,14,239,0,0,0.01678305,0,0
4608,14,240,0,0,0.03188487,0,0
4609,14,241,0,0,0.04333829,1,31
4610,14,242,0,0,0.03588766,0,0
4611,14,243,0,0,0.02470491,0,0
4612,14,244,0,0,0.02517762,0,0
4613,14,245,0,0,0.02626286,0,0
4614,14,246,0,0,0.01904289,0,0
4615,14,247,0,0,0.02704680,0,0
4616,14,248,0,0,0.02593265,0,0
4617,14,249,0,0,0.02088247,0,0
4618,14,250,0,0,0.01890808,0,0
4619,14,251,0,0,0.01042545,0,0
4620,14,252,0,0,0.02346565,0,0
4621,14,253,0,0,0.02442714,0,0
4622,14,254,0,0,0.01739090,0,0
4623,14,255,0,0,0.03623545,0,0
4624,14,256,0,0,0.01760003,0,0
4625,14,257,0,0,0.03457753,0,0
4626,14,258,0,0,0.01556753,0,0
4627,14,259,0,0,0.01065818,0,0
4628,14,260,0,0,0.02264518,0,0
4629,14,261,0,0,0.02231922,0,0
4630,14,262,0,0,0.03062433,0,0
4631,14,263,0,0,0.01985759,0,0
4632,14,264,0,0,0.01466608,0,0
4633,14,265,0,0,0.02680975,0,0
4634,14,266,0,0,0.02241315,0,0
4635,14,267,0,0,0.02168708,0,0
4636,14,268,0,0,0.02193500,0,0
4637,14,269,0,0,0.03962719,0,0
4638,14,270,0,0,0.01478223,0,0
4639,14,271,0,0,0.01622697,0,0
4640,14,272,0,0,0.01324960,0,0
4641,14,273,0,0,0.01232125,0,0
4642,14,274,0,0,0.01742975,0,0
4643,14,275,0,0,0.01389350,0,0
4644,14,276,0,0,0.03807943,0,0
4645,14,277,0,0,0.00985560,0,0
4646,14,278,0,0,0.02329849,0,0
4647,14,279,0,0,0.03529847,0,0
4648,14,280,0,0,0.01487834,0,0
4649,14,281,0,0,0.01293726,0,0
4650,14,282,0,0,0.01273022,0,0
4651,14,283,0,0,0.01789292,0,0
4652,14,284,0,0,0.02747820,0,0
4653,14,285,0,0,0.01471293,0,0
4654,14,286,0,0,0.02890186,0,0
4655,14,287,0,0,0.00628271,0,0
4656,14,288,0,0,0.03324409,0,0
4657,14,289,0,0,0.03762920,0,0
4658,14,290,0,0,0.01430323,0,0
4659,14,291,0,0,0.03240519,0,0
4660,14,292,0,0,0.01044324,0,0
4661,14,293,0,0,0.04308800,1,31
4662,14,294,0,0,0.03185694,0,0
4663,14,295,0,0,0.04169703,1,32
4664,14,296,0,0,0.01997176,0,0
4665,14,297,0,0,0.01602797,0,0
4666,14,298,0,0,0.01150744,0,0
4667,14,299,0,0,0.01785478,0,0
4668,14,300,0,0,0.00906721,0,0
4669,14,301,0,0,0.01126488,0,0
4670,14,302,0,0,0.02479002,0,0
4671,14,303,0,0,0.00910846,0,0
4672,14,304,0,0,0.03305559,0,0
4673,14,305,0,0,0.01421806,0,0
4674,14,306,0,0,0.01119528,0,0
4675,14,307,0,0,0.01787653,0,0
4676,14,308,0,0,0.01887193,0,0
4677,14,309,0,0,0.00878542,0,0
4678,14,310,0,0,0.01909771,0,0
4679,14,311,0,0,0.03188768,0,0
4680,15,0,1,1,0.01770840,0,0
4681,15,1,0,0,0.02098062,0,0
4682,15,2,0,0,0.01137653,0,0
4683,15,3,0,0,0.02983487,0,0
4684,15,4,0,0,0.01396222,0,0
4685,15,5,0,0,0.01601543,0,0
4686,15,6,0,0,0.01263530,0,0
4687,15,7,0,0,0.01430448,0,0
4688,15,8,0,0,0.04088902,1,29
4689,15,9,0,0,0.01665269,0,0
4690,15,10,0,0,0.00730433,0,0
4691,15,11,0,0,0.03229609,0,0
4692,15,12,0,0,0.01633978,0,0
4693,15,13,0,0,0.01295641,0,0
4694,15,14,0,0,0.08981211,1,16
4695,15,15,0,0,0.02058004,0,0
4696,15,16,0,0,0.02779313,0,0
4697,15,17,0,0,0.01995157,0,0
4698,15,18,0,0,0.02001987,0,0
4699,15,19,0,0,0.01781765,0,0
4700,15,20,0,0,0.01383919,0,0
4701,15,21,0,0,0.02471521,0,0
4702,15,22,0,0,0.01953619,0,0
4703,15,23,0,0,0.01603388,0,0
4704,15,24,0,0,0.01476505,0,0
4705,15,25,0,0,0.01766257,0,0
4706,15,26,0,0,0.01087377,0,0
4707,15,27,0,0,0.01471384,0,0
4708,15,28,0,0,0.01929753,0,0
4709,15,29,0,0,0.02996998,0,0
4710,15,30,0,0,0.01649603,0,0
4711,15,31,0,0,0.01732704,0,0
4712,15,32,0,0,0.02189576,0,0
4713,15,33,0,0,0.00742304,0,0
4714,15,34,0,0,0.01496410,0,0
4715,15,35,0,0,0.02751521,0,0
4716,15,36,0,0,0.01753741,0,0
4717,15,37,0,0,0.02099588,0,0
4718,15,38,0,0,0.03355896,0,0
4719,15,39,0,0,0.01357330,0,0
4720,15,40,0,0,0.01907074,0,0
4721,15,41,0,0,0.01547019,0,0
4722,15,42,0,0,0.03948586,0,0
4723,15,43,0,0,0.03240178,0,0
4724,15,44,0,0,0.01824712,0,0
4725,15,45,0,0,0.04621920,1,28
4726,15,46,0,0,0.03176821,0,0
4727,15,47,0,0,0.02819540,0,0
4728,15,48,0,0,0.02054031,0,0
4729,15,49,0,0,0.00860327,0,0
4730,15,50,0,0,0.01514094,0,0
4731,15,51,0,0,0.02338722,0,0
4732,15,52,0,0,0.01039413,0,0
4733,15,53,0,0,0.02230787,0,0
4734,15,54,0,0,0.04294223,1,30
4735,15,55,0,0,0.01376520,0,0
4736,15,56,0,0,0.02079394,0,0
4737,15,57,0,0,0.01419955,0,0
4738,15,58,0,0,0.01602918,0,0
4739,15,59,0,0,0.02315253,0,0
4740,15,60,0,0,0.01266328,0,0
4741,15,61,0,0,0.03591526,0,0
4742,15,62,0,0,0.01391333,0,0
4743,15,63,0,0,0.01577537,0,0
4744,15,64,0,0,0.02744484,0,0
4745,15,65,0,0,0.02862467,0,0
4746,15,66,0,0,0.01857489,0,0
4747,15,67,0,0,0.03076778,0,0
4748,15,68,0,0,0.01824795,0,0
4749,15,69,0,0,0.01615993,0,0
4750,15,70,0,0,0.02105796,0,0
4751,15,71,0,0,0.01041994,0,0
4752,15,72,0,0,0.00961435,0,0
4753,15,73,0,0,0.02553649,0,0
4754,15,74,0,0,0.01577482,0,0
4755,15,75,0,0,0.00796868,0,0
4756,15,76,0,0,0.02044237,0,0
4757,15,77,0,0,0.02231291,0,0
4758,15,78,0,0,0.02567678,0,0
4759,15,79,0,0,0.03017157,0,0
4760,15,80,0,0,0.04182807,1,30
4761,15,81,0,0,0.02244395,0,0
4762,15,82,0,0,0.00474960,0,0
4763,15,83,0,0,0.03721820,0,0
4764,15,84,0,0,0.04653066,1,30
4765,15,85,0,0,0.01750850,0,0
4766,15,86,0,0,0.01481870,0,0
4767,15,87,0,0,0.02028550,0,0
4768,15,88,0,0,0.01337083,0,0
4769,15,89,0,0,0.03683542,0,0
4770,15,90,0,0,0.03559956,0,0
4771,15,91,0,0,0.01617967,0,0
4772,15,92,0,0,0.01141860,0,0
4773,15,93,0,0,0.02485892,0,0
4774,15,94,0,0,0.00552909,0,0
4775,15,95,0,0,0.03168941,0,0
4776,15,96,0,0,0.02688399,0,0
4777,15,97,0,0,0.02695547,0,0
4778,15,98,0,0,0.02808654,0,0
4779,15,99,0,0,0.01061116,0,0
4780,15,100,0,0,0.01731694,0,0
4781,15,101,0,0,0.02936973,0,0
4782,15,102,0,0,0.01227060,0,0
4783,15,103,0,0,0.01389100,0,0
4784,15,104,0,0,0.02730780,0,0
4785,15,105,0,0,0.01579410,0,0
4786,15,106,0,0,0.02605879,0,0
4787,15,107,0,0,0.02029902,0,0
4788,15,108,0,0,0.03024726,0,0
4789,15,109,0,0,0.03985770,0,0
4790,15,110,0,0,0.01792432,0,0
4791,15,111,0,0,0.00677188,0,0
4792,15,112,0,0,0.02036896,0,0
4793,15,113,0,0,0.02780135,0,0
4794,15,114,0,0,0.01067527,0,0
4795,15,115,0,0,0.02086813,0,0
4796,15,116,0,0,0.00983080,0,0
4797,15,117,0,0,0.03121028,0,0
4798,15,118,0,0,0.02370452,0,0
4799,15,119,0,0,0.00371801,0,0
4800,15,120,0,0,0.01888620,0,0
4801,15,121,0,0,0.01479907,0,0
4802,15,122,0,0,0.03166961,0,0
4803,15,123,0,0,0.01321026,0,0
4804,15,124,0,0,0.03120269,0,0
4805,15,125,0,0,0.02317296,0,0
4806,15,126,0,0,0.03537555,0,0
4807,15,127,0,0,0.04224647,1,30
4808,15,128,0,0,0.03735581,0,0
4809,15,129,0,0,0.01678693,0,0
4810,15,130,0,0,0.01678636,0,0
4811,15,131,0,0,0.01107681,0,0
4812,15,132,0,0,0.01373008,0,0
4813,15,133,0,0,0.01805379,0,0
4814,15,134,0,0,0.00862356,0,0
4815,15,135,0,0,0.01579222,0,0
4816,15,136,0,0,0.02586304,0,0
4817,15,137,0,0,0.02297534,0,0
4818,15,138,0,0,0.03335993,0,0
4819,15,139,0,0,0.03160952,0,0
4820,15,140,0,0,0.01724797,0,0
4821,15,141,0,0,0.04590466,1,31
4822,15,142,0,0,0.03945900,0,0
4823,15,143,0,0,0.02180095,0,0
4824,15,144,0,0,0.02838622,0,0
4825,15,145,0,0,0.02385241,0,0
4826,15,146,0,0,0.05478488,1,30
4827,15,147,0,0,0.02070450,0,0
4828,15,148,0,0,0.01054142,0,0
4829,15,149,0,0,0.00969688,0,0
4830,15,150,0,0,0.01737782,0,0
4831,15,151,0,0,0.00892021,0,0
4832,15,152,0,0,0.01181472,0,0
4833,15,153,0,0,0.02052280,0,0
4834,15,154,0,0,0.01008676,0,0
4835,15,155,0,0,0.01572112,0,0
4836,15,156,0,0,0.01821942,0,0
4837,15,157,0,0,0.00335484,0,0
4838,15,158,0,0,0.01398360,0,0
4839,15,159,0,0,0.02097632,0,0
4840,15,160,0,0,0.02625126,0,0
4841,15,161,0,0,0.01097023,0,0
4842,15,162,0,0,0.02485694,0,0
4843,15,163,0,0,0.02167325,0,0
4844,15,164,0,0,0.02332510,0,0
4845,15,165,0,0,0.00771785,0,0
4846,15,166,0,0,0.02239224,0,0
4847,15,167,0,0,0.03085109,0,0
4848,15,168,0,0,0.01565358,0,0
4849,15,169,0,0,0.01371043,0,0
4850,15,170,0,0,0.01229822,0,0
4851,15,171,0,0,0.01900454,0,0
4852,15,172,0,0,0.01931700,0,0
4853,15,173,0,0,0.01086417,0,0
4854,15,174,0,0,0.02155843,0,0
4855,15,175,0,0,0.02379340,0,0
4856,15,176,0,0,0.04012211,1,31
4857,15,177,0,0,0.01288068,0,0
4858,15,178,0,0,0.02373770,0,0
4859,15,179,0,0,0.01325912,0,0
4860,15,180,0,0,0.01661455,0,0
4861,15,181,0,0,0.01598634,0,0
4862,15,182,0,0,0.01940178,0,0
4863,15,183,0,0,0.01564363,0,0
4864,15,184,0,0,0.01289234,0,0
4865,15,185,0,0,0.01942138,0,0
4866,15,186,0,0,0.01236140,0,0
4867,15,187,0,0,0.01769081,0,0
4868,15,188,0,0,0.01747093,0,0
4869,15,189,0,0,0.02010464,0,0
4870,15,190,0,0,0.02388035,0,0
4871,15,191,0,0,0.03619269,0,0
4872,15,192,0,0,0.02426225,0,0
4873,15,193,0,0,0.01623872,0,0
4874,15,194,0,0,0.01503869,0,0
4875,15,195,0,0,0.02952455,0,0
4876,15,196,0,0,0.01407485,0,0
4877,15,197,0,0,0.01288300,0,0
4878,15,198,0,0,0.02127762,0,0
4879,15,199,0,0,0.01751614,0,0
4880,15,200,0,0,0.02237602,0,0
4881,15,201,0,0,0.02863220,0,0
4882,15,202,0,0,0.02526950,0,0
4883,15,203,0,0,0.01753672,0,0
4884,15,204,0,0,0.01128072,0,0
4885,15,205,0,0,0.01960175,0,0
4886,15,206,0,0,0.03210188,0,0
4887,15,207,0,0,0.02129583,0,0
4888,15,208,0,0,0.02997180,0,0
4889,15,209,0,0,0.02137214,0,0
4890,15,210,0,0,0.01336187,0,0
4891,15,211,0,0,0.02732882,0,0
4892,15,212,0,0,0.01488256,0,0
4893,15,213,0,0,0.05139646,1,32
4894,15,214,0,0,0.01791104,0,0
4895,15,215,0,0,0.05310279,1,32
4896,15,216,0,0,0.01763752,0,0
4897,15,217,0,0,0.02975395,0,0
4898,15,218,0,0,0.04734274,1,30
4899,15,219,0,0,0.01317295,0,0
4900,15,220,0,0,0.01311743,0,0
4901,15,221,0,0,0.02174881,0,0
4902,15,222,0,0,0.05247965,1,29
4903,15,223,0,0,0.01479461,0,0
4904,15,224,0,0,0.06217475,1,30
4905,15,225,0,0,0.01723563,0,0
4906,15,226,0,0,0.02987250,0,0
4907,15,227,0,0,0.04450144,1,32
4908,15,228,0,0,0.01535789,0,0
4909,15,229,0,0,0.01159133,0,0
4910,15,230,0,0,0.00962062,0,0
4911,15,231,0,0,0.02784191,0,0
4912,15,232,0,0,0.01296642,0,0
4913,15,233,0,0,0.03739998,0,0
4914,15,234,0,0,0.02505849,0,0
4915,15,235,0,0,0.02326172,0,0
4916,15,236,0,0,0.02575309,0,0
4917,15,237,0,0,0.02037198,0,0
4918,15,238,0,0,0.03050988,0,0
4919,15,239,0,0,0.01814419,0,0
4920,15,240,0,0,0.01346684,0,0
4921,15,241,0,0,0.01265569,0,0
4922,15,242,0,0,0.04633721,1,31
4923,15,243,0,0,0.03223811,0,0
4924,15,244,0,0,0.02165192,0,0
4925,15,245,0,0,0.01743446,0,0
4926,15,246,0,0,0.01884387,0,0
4927,15,247,0,0,0.02578424,0,0
4928,15,248,0,0,0.04686883,1,32
4929,15,249,0,0,0.01660742,0,0
4930,15,250,0,0,0.01857906,0,0
4931,15,251,0,0,0.02736903,0,0
4932,15,252,0,0,0.00707768,0,0
4933,15,253,0,0,0.03508713,0,0
4934,15,254,0,0,0.02645960,0,0
4935,15,255,0,0,0.02939941,0,0
4936,15,256,0,0,0.00890490,0,0
4937,15,257,0,0,0.03735004,0,0
4938,15,258,0,0,0.03731992,0,0
4939,15,259,0,0,0.01656631,0,0
4940,15,260,0,0,0.03553042,0,0
4941,15,261,0,0,0.02078158,0,0
4942,15,262,0,0,0.01017024,0,0
4943,15,263,0,0,0.02172261,0,0
4944,15,264,0,0,0.01927907,0,0
4945,15,265,0,0,0.01507104,0,0
4946,15,266,0,0,0.01952877,0,0
4947,15,267,0,0,0.01576728,0,0
4948,15,268,0,0,0.01474731,0,0
4949,15,269,0,0,0.02659756,0,0
4950,15,270,0,0,0.01796775,0,0
4951,15,271,0,0,0.00739172,0,0
4952,15,272,0,0,0.01592496,0,0
4953,15,273,0,0,0.01356360,0,0
4954,15,274,0,0,0.01760421,0,0
4955,15,275,0,0,0.03166396,0,0
4956,15,276,0,0,0.01774143,0,0
4957,15,277,0,0,0.03307027,0,0
4958,15,278,0,0,0.01380212,0,0
4959,15,279,0,0,0.01072288,0,0
4960,15,280,0,0,0.01821674,0,0
4961,15,281,0,0,0.02250090,0,0
4962,15,282,0,0,0.02016479,0,0
4963,15,283,0,0,0.02469048,0,0
4964,15,284,0,0,0.01888764,0,0
4965,15,285,0,0,0.03276658,0,0
4966,15,286,0,0,0.01613711,0,0
4967,15,287,0,0,0.01681994,0,0
4968,15,288,0,0,0.01071880,0,0
4969,15,289,0,0,0.01405703,0,0
4970,15,290,0,0,0.01963861,0,0
4971,15,291,0,0,0.01044485,0,0
4972,15,292,0,0,0.04940476,1,30
4973,15,293,0,0,0.02320122,0,0
4974,15,294,0,0,0.01537076,0,0
4975,15,295,0,0,0.02141972,0,0
4976,15,296,0,0,0.01659233,0,0
4977,15,297,0,0,0.01130839,0,0
4978,15,298,0,0,0.01499606,0,0
4979,15,299,0,0,0.01066674,0,0
4980,15,300,0,0,0.00663332,0,0
4981,15,301,0,0,0.01169538,0,0
4982,15,302,0,0,0.00872228,0,0
4983,15,303,0,0,0.02241439,0,0
4984,15,304,0,0,0.02151744,0,0
4985,15,305,0,0,0.01369407,0,0
4986,15,306,0,0,0.02184158,0,0
4987,15,307,0,0,0.01925990,0,0
4988,15,308,0,0,0.01721622,0,0
4989,15,309,0,0,0.01267182,0,0
4990,15,310,0,0,0.00670702,0,0
4991,15,311,0,0,0.02092598,0,0
4992,16,0,1,0,0.02441363,0,0
4993,16,1,0,0,0.01407370,0,0
4994,16,2,0,0,0.01245801,0,0
4995,16,3,0,0,0.02111330,0,0
4996,16,4,0,0,0.02021302,0,0
4997,16,5,0,0,0.01344677,0,0
4998,16,6,0,0,0.02565257,0,0
4999,16,7,0,0,0.01413693,0,0
5000,16,8,0,0,0.01310562,0,0
5001,16,9,0,0,0.02644679,0,0
5002,16,10,0,0,0.01755265,0,0
5003,16,11,0,0,0.02236106,0,0
5004,16,12,0,0,0.03386146,0,0
5005,16,13,0,0,0.01531433,0,0
5006,16,14,0,0,0.01417308,0,0
5007,16,15,0,0,0.02368064,0,0
5008,16,16,0,0,0.02085884,0,0
5009,16,17,0,0,0.02137350,0,0
5010,16,18,0,0,0.02384822,0,0
5011,16,19,0,0,0.03694943,0,0
5012,16,20,0,0,0.00812865,0,0
5013,16,21,0,0,0.01865366,0,0
5014,16,22,0,0,0.01432510,0,0
5015,16,23,0,0,0.02062273,0,0
5016,16,24,0,0,0.00986406,0,0
5017,16,25,0,0,0.02111478,0,0
5018,16,26,0,0,0.02159570,0,0
5019,16,27,0,0,0.01773356,0,0
5020,16,28,0,0,0.01404918,0,0
5021,16,29,0,0,0.02317557,0,0
5022,16,30,0,0,0.03972908,0,0
5023,16,31,0,0,0.02365678,0,0
5024,16,32,0,0,0.03050563,0,0
5025,16,33,0,0,0.02977559,0,0
5026,16,34,0,0,0.00977432,0,0
5027,16,35,0,0,0.00969318,0,0
5028,16,36,0,0,0.01948063,0,0
5029,16,37,0,0,0.00759774,0,0
5030,16,38,0,0,0.02567257,0,0
5031,16,39,0,0,0.03808874,0,0
5032,16,40,0,0,0.02211409,0,0
5033,16,41,0,0,0.02694270,0,0
5034,16,42,0,0,0.01098505,0,0
5035,16,43,0,0,0.04316811,1,31
5036,16,44,0,0,0.02284498,0,0
5037,16,45,0,0,0.01367943,0,0
5038,16,46,0,0,0.04154338,1,32
5039,16,47,0,0,0.08181282,1,32
5040,16,48,0,0,0.05573082,1,31
5041,16,49,0,0,0.03146656,0,0
5042,16,50,0,0,0.00995729,0,0
5043,16,51,0,0,0.00822674,0,0
5044,16,52,0,0,0.03789379,0,0
5045,16,53,0,0,0.00977939,0,0
5046,16,54,0,0,0.01906717,0,0
5047,16,55,0,0,0.03239447,0,0
5048,16,56,0,0,0.02310027,0,0
5049,16,57,0,0,0.02402477,0,0
5050,16,58,0,0,0.03193537,0,0
5051,16,59,0,0,0.01314604,0,0
5052,16,60,0,0,0.03404960,0,0
5053,16,61,0,0,0.02664433,0,0
5054,16,62,0,0,0.02298992,0,0
5055,16,63,0,0,0.04315032,1,31
5056,16,64,0,0,0.02343254,0,0
5057,16,65,0,0,0.05868115,1,31
5058,16,66,0,0,0.01929680,0,0
5059,16,67,0,0,0.02972267,0,0
5060,16,68,0,0,0.03559098,0,0
5061,16,69,0,0,0.02420801,0,0
5062,16,70,0,0,0.01000833,0,0
5063,16,71,0,0,0.03985935,0,0
5064,16,72,0,0,0.01120908,0,0
5065,16,73,0,0,0.01519547,0,0
5066,16,74,0,0,0.03110546,0,0
5067,16,75,0,0,0.02996311,0,0
5068,16,76,0,0,0.00411458,0,0
5069,16,77,0,0,0.02067963,0,0
5070,16,78,0,0,0.01213945,0,0
5071,16,79,0,0,0.01550614,0,0
5072,16,80,0,0,0.02465814,0,0
5073,16,81,0,0,0.07182076,1,32
5074,16,82,0,0,0.02269024,0,0
5075,16,83,0,0,0.01885809,0,0
5076,16,84,0,0,0.04384867,1,32
5077,16,85,0,0,0.05435090,1,32
5078,16,86,0,0,0.01697151,0,0
5079,16,87,0,0,0.01985654,0,0
5080,16,88,0,0,0.01751256,0,0
5081,16,89,0,0,0.01879613,0,0
5082,16,90,0,0,0.02216436,0,0
5083,16,91,0,0,0.02336708,0,0
5084,16,92,0,0,0.02193001,0,0
5085,16,93,0,0,0.01405628,0,0
5086,16,94,0,0,0.03056502,0,0
5087,16,95,0,0,0.01239466,0,0
5088,16,96,0,0,0.01710365,0,0
5089,16,97,0,0,0.01201940,0,0
5090,16,98,0,0,0.02689770,0,0
5091,16,99,0,0,0.03890903,0,0
5092,16,100,0,0,0.01240568,0,0
5093,16,101,0,0,0.01978418,0,0
5094,16,102,0,0,0.03015536,0,0
5095,16,103,0,0,0.00807315,0,0
5096,16,104,0,0,0.02465218,0,0
5097,16,105,0,0,0.02273004,0,0
5098,16,106,0,0,0.01550253,0,0
5099,16,107,0,0,0.02128470,0,0
5100,16,108,0,0,0.01725712,0,0
5101,16,109,0,0,0.04553613,1,32
5102,16,110,0,0,0.04138129,1,32
5103,16,111,0,0,0.01971230,0,0
5104,16,112,0,0,0.01245910,0,0
5105,16,113,0,0,0.02593014,0,0
5106,16,114,0,0,0.07542533,1,31
5107,16,115,0,0,0.00959888,0,0
5108,16,116,0,0,0.02922942,0,0
5109,16,117,0,0,0.01601380,0,0
5110,16,118,0,0,0.02150454,0,0
5111,16,119,0,0,0.02568303,0,0
5112,16,120,0,0,0.00678540,0,0
5113,16,121,0,0,0.01746656,0,0
5114,16,122,0,0,0.01501731,0,0
5115,16,123,0,0,0.04381211,1,31
5116,16,124,0,0,0.01180178,0,0
5117,16,125,0,0,0.02304695,0,0
5118,16,126,0,0,0.05354823,1,31
5119,16,127,0,0,0.01735427,0,0
5120,16,128,0,0,0.04014584,1,32
5121,16,129,0,0,0.02961360,0,0
5122,16,130,0,0,0.01322401,0,0
5123,16,131,0,0,0.02063395,0,0
5124,16,132,0,0,0.01275941,0,0
5125,16,133,0,0,0.02290402,0,0
5126,16,134,0,0,0.02016541,0,0
5127,16,135,0,0,0.03021917,0,0
5128,16,136,0,0,0.02028588,0,0
5129,16,137,0,0,0.05991819,1,31
5130,16,138,0,0,0.02744197,0,0
5131,16,139,0,0,0.02490414,0,0
5132,16,140,0,0,0.04712550,1,32
5133,16,141,0,0,0.01057743,0,0
5134,16,142,0,0,0.05726987,1,32
5135,16,143,0,0,0.02457741,0,0
5136,16,144,0,0,0.04320055,1,31
5137,16,145,0,0,0.01902197,0,0
5138,16,146,0,0,0.02399023,0,0
5139,16,147,0,0,0.06805266,1,32
5140,16,148,0,0,0.03035259,0,0
5141,16,149,0,0,0.00946079,0,0
5142,16,150,0,0,0.00938725,0,0
5143,16,151,0,0,0.01584161,0,0
5144,16,152,0,0,0.03104121,0,0
5145,16,153,0,0,0.01869497,0,0
5146,16,154,0,0,0.02913354,0,0
5147,16,155,0,0,0.00666364,0,0
5148,16,156,0,0,0.02739009,0,0
5149,16,157,0,0,0.01533508,0,0
5150,16,158,0,0,0.00906604,0,0
5151,16,159,0,0,0.02062484,0,0
5152,16,160,0,0,0.02169665,0,0
5153,16,161,0,0,0.02845848,0,0
5154,16,162,0,0,0.00978398,0,0
5155,16,163,0,0,0.02415362,0,0
5156,16,164,0,0,0.02509192,0,0
5157,16,165,0,0,0.02430478,0,0
5158,16,166,0,0,0.02165457,0,0
5159,16,167,0,0,0.01718210,0,0
5160,16,168,0,0,0.00828950,0,0
5161,16,169,0,0,0.01955898,0,0
5162,16,170,0,0,0.01701901,0,0
5163,16,171,0,0,0.02014247,0,0
5164,16,172,0,0,0.03299854,0,0
5165,16,173,0,0,0.02122214,0,0
5166,16,174,0,0,0.01153772,0,0
5167,16,175,0,0,0.02696443,0,0
5168,16,176,0,0,0.01159980,0,0
5169,16,177,0,0,0.04479468,1,31
5170,16,178,0,0,0.01805681,0,0
5171,16,179,0,0,0.04826387,1,32
5172,16,180,0,0,0.01942029,0,0
5173,16,181,0,0,0.01312147,0,0
5174,16,182,0,0,0.01911463,0,0
5175,16,183,0,0,0.03058038,0,0
5176,16,184,0,0,0.01820139,0,0
5177,16,185,0,0,0.03239473,0,0
5178,16,186,0,0,0.02163621,0,0
5179,16,187,0,0,0.02103586,0,0
5180,16,188,0,0,0.01265547,0,0
5181,16,189,0,0,0.02696303,0,0
5182,16,190,0,0,0.01272152,0,0
5183,16,191,0,0,0.02663425,0,0
5184,16,192,0,0,0.06270387,1,32
5185,16,193,0,0,0.01927785,0,0
5186,16,194,0,0,0.02164980,0,0
5187,16,195,0,0,0.01019986,0,0
5188,16,196,0,0,0.03079138,0,0
5189,16,197,0,0,0.02377590,0,0
5190,16,198,0,0,0.01823156,0,0
5191,16,199,0,0,0.01930284,0,0
5192,16,200,0,0,0.01591039,0,0
5193,16,201,0,0,0.03430634,0,0
5194,16,202,0,0,0.02734699,0,0
5195,16,203,0,0,0.03246837,0,0
5196,16,204,0,0,0.02798002,0,0
5197,16,205,0,0,0.02865545,0,0
5198,16,206,0,0,0.05701251,1,32
5199,16,207,0,0,0.03716727,0,0
5200,16,208,0,0,0.02064884,0,0
5201,16,209,0,0,0.02749491,0,0
5202,16,210,0,0,0.04741471,1,32
5203,16,211,0,0,0.01434960,0,0
5204,16,212,0,0,0.02788934,0,0
5205,16,213,0,0,0.02396983,0,0
5206,16,214,0,0,0.05497887,1,31
5207,16,215,0,0,0.02177437,0,0
5208,16,216,0,0,0.04055997,1,31
5209,16,217,0,0,0.05645413,1,32
5210,16,218,0,0,0.04199048,1,32
5211,16,219,0,0,0.05479686,1,31
5212,16,220,0,0,0.01279941,0,0
5213,16,221,0,0,0.01218135,0,0
5214,16,222,0,0,0.02632322,0,0
5215,16,223,0,0,0.05368094,1,32
5216,16,224,0,0,0.01693944,0,0
5217,16,225,0,0,0.06831439,1,32
5218,16,226,0,0,0.02267562,0,0
5219,16,227,0,0,0.01739318,0,0
5220,16,228,0,0,0.05482247,1,32
5221,16,229,0,0,0.03914329,0,0
5222,16,230,0,0,0.02002296,0,0
5223,16,231,0,0,0.01928653,0,0
5224,16,232,0,0,0.02282465,0,0
5225,16,233,0,0,0.02569371,0,0
5226,16,234,0,0,0.01845818,0,0
5227,16,235,0,0,0.01558313,0,0
5228,16,236,0,0,0.02339144,0,0
5229,16,237,0,0,0.01357511,0,0
5230,16,238,0,0,0.02242655,0,0
5231,16,239,0,0,0.03578443,0,0
5232,16,240,0,0,0.02380573,0,0
5233,16,241,0,0,0.01173729,0,0
5234,16,242,0,0,0.04395942,1,32
5235,16,243,0,0,0.05515541,1,32
5236,16,244,0,0,0.05097750,1,32
5237,16,245,0,0,0.02397805,0,0
5238,16,246,0,0,0.02485003,0,0
5239,16,247,0,0,0.02078607,0,0
5240,16,248,0,0,0.02461797,0,0
5241,16,249,0,0,0.03900841,0,0
5242,16,250,0,0,0.02111435,0,0
5243,16,251,0,0,0.01385867,0,0
5244,16,252,0,0,0.04882339,1,31
5245,16,253,0,0,0.01364359,0,0
5246,16,254,0,0,0.02022376,0,0
5247,16,255,0,0,0.04155853,1,32
5248,16,256,0,0,0.04906633,1,32
5249,16,257,0,0,0.02007133,0,0
5250,16,258,0,0,0.02302293,0,0
5251,16,259,0,0,0.03147996,0,0
5252,16,260,0,0,0.02510969,0,0
5253,16,261,0,0,0.02990064,0,0
5254,16,262,0,0,0.02450524,0,0
5255,16,263,0,0,0.01084404,0,0
5256,16,264,0,0,0.03380135,0,0
5257,16,265,0,0,0.01967604,0,0
5258,16,266,0,0,0.01703650,0,0
5259,16,267,0,0,0.02043183,0,0
5260,16,268,0,0,0.02936798,0,0
5261,16,269,0,0,0.02319629,0,0
5262,16,270,0,0,0.03918514,0,0
5263,16,271,0,0,0.03910200,0,0
5264,16,272,0,0,0.02265612,0,0
5265,16,273,0,0,0.02826906,0,0
5266,16,274,0,0,0.01943284,0,0
5267,16,275,0,0,0.01653356,0,0
5268,16,276,0,0,0.02434693,0,0
5269,16,277,0,0,0.01268574,0,0
5270,16,278,0,0,0.03946150,0,0
5271,16,279,0,0,0.01405261,0,0
5272,16,280,0,0,0.01664443,0,0
5273,16,281,0,0,0.02132212,0,0
5274,16,282,0,0,0.02697537,0,0
5275,16,283,0,0,0.01953379,0,0
5276,16,284,0,0,0.01061402,0,0
5277,16,285,0,0,0.03711998,0,0
5278,16,286,0,0,0.02513649,0,0
5279,16,287,0,0,0.01043186,0,0
5280,16,288,0,0,0.03034449,0,0
5281,16,289,0,0,0.00948406,0,0
5282,16,290,0,0,0.02993093,0,0
5283,16,291,0,0,0.01978570,0,0
5284,16,292,0,0,0.01084150,0,0
5285,16,293,0,0,0.01679283,0,0
5286,16,294,0,0,0.02698220,0,0
5287,16,295,0,0,0.03348530,0,0
5288,16,296,0,0,0.01770312,0,0
5289,16,297,0,0,0.01958853,0,0
5290,16,298,0,0,0.02258234,0,0
5291,16,299,0,0,0.01939978,0,0
5292,16,300,0,0,0.01843129,0,0
5293,16,301,0,0,0.01069754,0,0
5294,16,302,0,0,0.01207845,0,0
5295,16,303,0,0,0.00967436,0,0
5296,16,304,0,0,0.05193193,1,32
5297,16,305,0,0,0.02238742,0,0
5298,16,306,0,0,0.03566526,0,0
5299,16,307,0,0,0.02019121,0,0
5300,16,308,0,0,0.01008780,0,0
5301,16,309,0,0,0.01354155,0,0
5302,16,310,0,0,0.01419780,0,0
5303,16,311,0,0,0.01134852,0,0
5304,17,0,1,0,0.03128514,0,0
5305,17,1,0,0,0.04518343,1,32
5306,17,2,0,0,0.01583771,0,0
5307,17,3,0,0,0.02513644,0,0
5308,17,4,0,0,0.03773383,0,0
5309,17,5,0,0,0.02520957,0,0
5310,17,6,0,0,0.01909345,0,0
5311,17,7,0,0,0.04047339,1,32
5312,17,8,0,0,0.01001066,0,0
5313,17,9,0,0,0.01970699,0,0
5314,17,10,0,0,0.04165884,1,32
5315,17,11,0,0,0.01140605,0,0
5316,17,12,0,0,0.00540128,0,0
5317,17,13,0,0,0.02007197,0,0
5318,17,14,0,0,0.05145451,1,32
5319,17,15,0,0,0.01198011,0,0
5320,17,16,0,0,0.08020780,1,15
5321,17,17,0,0,0.02184994,0,0
5322,17,18,0,0,0.02558522,0,0
5323,17,19,0,0,0.03268558,0,0
5324,17,20,0,0,0.03451534,0,0
5325,17,21,0,0,0.02792383,0,0
5326,17,22,0,0,0.02140122,0,0
5327,17,23,0,0,0.02827162,0,0
5328,17,24,0,0,0.02386815,0,0
5329,17,25,0,0,0.02310494,0,0
5330,17,26,0,0,0.02698223,0,0
5331,17,27,0,0,0.01155704,0,0
5332,17,28,0,0,0.01250384,0,0
5333,17,29,0,0,0.02450187,0,0
5334,17,30,0,0,0.03110781,0,0
5335,17,31,0,0,0.02491127,0,0
5336,17,32,0,0,0.02462344,0,0
5337,17,33,0,0,0.03086386,0,0
5338,17,34,0,0,0.02887714,0,0
5339,17,35,0,0,0.01350939,0,0
5340,17,36,0,0,0.02483967,0,0
5341,17,37,0,0,0.04576034,1,32
5342,17,38,0,0,0.01067547,0,0
5343,17,39,0,0,0.02858178,0,0
5344,17,40,0,0,0.05946074,1,32
5345,17,41,0,0,0.00988880,0,0
5346,17,42,0,0,0.02787525,0,0
5347,17,43,0,0,0.01416792,0,0
5348,17,44,0,0,0.03131121,0,0
5349,17,45,0,0,0.02314429,0,0
5350,17,46,0,0,0.00583190,0,0
5351,17,47,0,0,0.02292643,0,0
5352,17,48,0,0,0.06471417,1,30
5353,17,49,0,0,0.03562086,0,0
5354,17,50,0,0,0.02325623,0,0
5355,17,51,0,0,0.01271164,0,0
5356,17,52,0,0,0.02706420,0,0
5357,17,53,0,0,0.04220350,1,32
5358,17,54,0,0,0.01097445,0,0
5359,17,55,0,0,0.01973261,0,0
5360,17,56,0,0,0.03066980,0,0
5361,17,57,0,0,0.02262678,0,0
5362,17,58,0,0,0.03237045,0,0
5363,17,59,0,0,0.03787808,0,0
5364,17,60,0,0,0.01374253,0,0
5365,17,61,0,0,0.04814877,1,32
5366,17,62,0,0,0.03386302,0,0
5367,17,63,0,0,0.01772265,0,0
5368,17,64,0,0,0.02762065,0,0
5369,17,65,0,0,0.02367047,0,0
5370,17,66,0,0,0.03653046,0,0
5371,17,67,0,0,0.05205568,1,32
5372,17,68,0,0,0.02650295,0,0
5373,17,69,0,0,0.04617611,1,31
5374,17,70,0,0,0.02507220,0,0
5375,17,71,0,0,0.01549495,0,0
5376,17,72,0,0,0.04032174,1,32
5377,17,73,0,0,0.00949820,0,0
5378,17,74,0,0,0.01090211,0,0
5379,17,75,0,0,0.02338282,0,0
5380,17,76,0,0,0.02161143,0,0
5381,17,77,0,0,0.00650757,0,0
5382,17,78,0,0,0.03294400,0,0
5383,17,79,0,0,0.03800923,0,0
5384,17,80,0,0,0.01585048,0,0
5385,17,81,0,0,0.01784959,0,0
5386,17,82,0,0,0.05351455,1,32
5387,17,83,0,0,0.01110452,0,0
5388,17,84,0,0,0.02281731,0,0
5389,17,85,0,0,0.03829326,0,0
5390,17,86,0,0,0.05108456,1,31
5391,17,87,0,0,0.02332105,0,0
5392,17,88,0,0,0.02018506,0,0
5393,17,89,0,0,0.02955563,0,0
5394,17,90,0,0,0.02169444,0,0
5395,17,91,0,0,0.02073482,0,0
5396,17,92,0,0,0.02363003,0,0
5397,17,93,0,0,0.01559789,0,0
5398,17,94,0,0,0.02398789,0,0
5399,17,95,0,0,0.03120858,0,0
5400,17,96,0,0,0.00980357,0,0
5401,17,97,0,0,0.03718383,0,0
5402,17,98,0,0,0.02459146,0,0
5403,17,99,0,0,0.01684014,0,0
5404,17,100,0,0,0.03633248,0,0
5405,17,101,0,0,0.01331761,0,0
5406,17,102,0,0,0.01539081,0,0
5407,17,103,0,0,0.05986498,1,32
5408,17,104,0,0,0.00711833,0,0
5409,17,105,0,0,0.01638772,0,0
5410,17,106,0,0,0.02562159,0,0
5411,17,107,0,0,0.01032919,0,0
5412,17,108,0,0,0.01733411,0,0
5413,17,109,0,0,0.00934391,0,0
5414,17,110,0,0,0.04763866,1,29
5415,17,111,0,0,0.05509381,1,32
5416,17,112,0,0,0.00769278,0,0
5417,17,113,0,0,0.01033117,0,0
5418,17,114,0,0,0.01261772,0,0
5419,17,115,0,0,0.06714776,1,32
5420,17,116,0,0,0.02347372,0,0
5421,17,117,0,0,0.02166954,0,0
5422,17,118,0,0,0.02125853,0,0
5423,17,119,0,0,0.01820667,0,0
5424,17,120,0,0,0.03479104,0,0
5425,17,121,0,0,0.01049916,0,0
5426,17,122,0,0,0.01583524,0,0
5427,17,123,0,0,0.01186983,0,0
5428,17,124,0,0,0.03831499,0,0
5429,17,125,0,0,0.01867393,0,0
5430,17,126,0,0,0.01622440,0,0
5431,17,127,0,0,0.04514895,1,32
5432,17,128,0,0,0.02603703,0,0
5433,17,129,0,0,0.03223584,0,0
5434,17,130,0,0,0.06111373,1,31
5435,17,131,0,0,0.01299925,0,0
5436,17,132,0,0,0.01621098,0,0
5437,17,133,0,0,0.01344774,0,0
5438,17,134,0,0,0.02423378,0,0
5439,17,135,0,0,0.01560216,0,0
5440,17,136,0,0,0.04019729,1,30
5441,17,137,0,0,0.01962644,0,0
5442,17,138,0,0,0.05017256,1,31
5443,17,139,0,0,0.00975048,0,0
5444,17,140,0,0,0.00819740,0,0
5445,17,141,0,0,0.03673829,0,0
5446,17,142,0,0,0.00594458,0,0
5447,17,143,0,0,0.05357765,1,31
5448,17,144,0,0,0.03224882,0,0
5449,17,145,0,0,0.04488723,1,30
5450,17,146,0,0,0.02005924,0,0
5451,17,147,0,0,0.01999034,0,0
5452,17,148,0,0,0.06726479,1,31
5453,17,149,0,0,0.02262328,0,0
5454,17,150,0,0,0.01014216,0,0
5455,17,151,0,0,0.01358397,0,0
5456,17,152,0,0,0.01378630,0,0
5457,17,153,0,0,0.00971219,0,0
5458,17,154,0,0,0.02208808,0,0
5459,17,155,0,0,0.03599075,0,0
5460,17,156,0,0,0.00993394,0,0
5461,17,157,0,0,0.02926612,0,0
5462,17,158,0,0,0.02149669,0,0
5463,17,159,0,0,0.02058186,0,0
5464,17,160,0,0,0.01207133,0,0
5465,17,161,0,0,0.03376004,0,0
5466,17,162,0,0,0.03116326,0,0
5467,17,163,0,0,0.01261219,0,0
5468,17,164,0,0,0.01656679,0,0
5469,17,165,0,0,0.02917128,0,0
5470,17,166,0,0,0.01320811,0,0
5471,17,167,0,0,0.01656558,0,0
5472,17,168,0,0,0.02547849,0,0
5473,17,169,0,0,0.00591818,0,0
5474,17,170,0,0,0.01136449,0,0
5475,17,171,0,0,0.01110380,0,0
5476,17,172,0,0,0.01327240,0,0
5477,17,173,0,0,0.05070789,1,31
5478,17,174,0,0,0.01777493,0,0
5479,17,175,0,0,0.01451630,0,0
5480,17,176,0,0,0.01961166,0,0
5481,17,177,0,0,0.02671913,0,0
5482,17,178,0,0,0.04293190,1,31
5483,17,179,0,0,0.01947169,0,0
5484,17,180,0,0,0.04604680,1,32
5485,17,181,0,0,0.03377233,0,0
5486,17,182,0,0,0.04521131,1,30
5487,17,183,0,0,0.01435106,0,0
5488,17,184,0,0,0.02791601,0,0
5489,17,185,0,0,0.02596879,0,0
5490,17,186,0,0,0.05434708,1,32
5491,17,187,0,0,0.04143478,1,32
5492,17,188,0,0,0.01459208,0,0
5493,17,189,0,0,0.02730011,0,0
5494,17,190,0,0,0.01916037,0,0
5495,17,191,0,0,0.01332623,0,0
5496,17,192,0,0,0.01429103,0,0
5497,17,193,0,0,0.05975830,1,31
5498,17,194,0,0,0.00902794,0,0
5499,17,195,0,0,0.01436011,0,0
5500,17,196,0,0,0.02573080,0,0
5501,17,197,0,0,0.03476546,0,0
5502,17,198,0,0,0.01191938,0,0
5503,17,199,0,0,0.01597324,0,0
5504,17,200,0,0,0.01738187,0,0
5505,17,201,0,0,0.02078624,0,0
5506,17,202,0,0,0.02886185,0,0
5507,17,203,0,0,0.03750429,0,0
5508,17,204,0,0,0.02769619,0,0
5509,17,205,0,0,0.03110094,0,0
5510,17,206,0,0,0.02528757,0,0
5511,17,207,0,0,0.02606545,0,0
5512,17,208,0,0,0.03489008,0,0
5513,17,209,0,0,0.01574171,0,0
5514,17,210,0,0,0.04646723,1,32
5515,17,211,0,0,0.04425329,1,32
5516,17,212,0,0,0.01593539,0,0
5517,17,213,0,0,0.03519629,0,0
5518,17,214,0,0,0.02940529,0,0
5519,17,215,0,0,0.04606736,1,31
5520,17,216,0,0,0.01933737,0,0
5521,17,217,0,0,0.04987701,1,32
5522,17,218,0,0,0.04843201,1,31
5523,17,219,0,0,0.04307941,1,32
5524,17,220,0,0,0.04224583,1,31
5525,17,221,0,0,0.01878460,0,0
5526,17,222,0,0,0.01629446,0,0
5527,17,223,0,0,0.02792386,0,0
5528,17,224,0,0,0.03799415,0,0
5529,17,225,0,0,0.01210267,0,0
5530,17,226,0,0,0.07236117,1,30
5531,17,227,0,0,0.02420553,0,0
5532,17,228,0,0,0.02847204,0,0
5533,17,229,0,0,0.04810828,1,31
5534,17,230,0,0,0.03849812,0,0
5535,17,231,0,0,0.01313488,0,0
5536,17,232,0,0,0.01577640,0,0
5537,17,233,0,0,0.02560925,0,0
5538,17,234,0,0,0.01821540,0,0
5539,17,235,0,0,0.02358203,0,0
5540,17,236,0,0,0.01306024,0,0
5541,17,237,0,0,0.03283828,0,0
5542,17,238,0,0,0.00855932,0,0
5543,17,239,0,0,0.01686681,0,0
5544,17,240,0,0,0.04492122,1,32
5545,17,241,0,0,0.01152875,0,0
5546,17,242,0,0,0.01953238,0,0
5547,17,243,0,0,0.02500731,0,0
5548,17,244,0,0,0.05437104,1,32
5549,17,245,0,0,0.04144855,1,31
5550,17,246,0,0,0.01533189,0,0
5551,17,247,0,0,0.01846015,0,0
5552,17,248,0,0,0.02248495,0,0
5553,17,249,0,0,0.02347440,0,0
5554,17,250,0,0,0.04393530,1,32
5555,17,251,0,0,0.02785743,0,0
5556,17,252,0,0,0.01577101,0,0
5557,17,253,0,0,0.07572504,1,32
5558,17,254,0,0,0.00383478,0,0
5559,17,255,0,0,0.03718819,0,0
5560,17,256,0,0,0.02811797,0,0
5561,17,257,0,0,0.04720698,1,32
5562,17,258,0,0,0.02050420,0,0
5563,17,259,0,0,0.02054679,0,0
5564,17,260,0,0,0.03070184,0,0
5565,17,261,0,0,0.00733137,0,0
5566,17,262,0,0,0.01664051,0,0
5567,17,263,0,0,0.02140138,0,0
5568,17,264,0,0,0.00951300,0,0
5569,17,265,0,0,0.02725966,0,0
5570,17,266,0,0,0.02126838,0,0
5571,17,267,0,0,0.01335774,0,0
5572,17,268,0,0,0.03166996,0,0
5573,17,269,0,0,0.02429494,0,0
5574,17,270,0,0,0.01715524,0,0
5575,17,271,0,0,0.02715999,0,0
5576,17,272,0,0,0.04351820,1,32
5577,17,273,0,0,0.01815499,0,0
5578,17,274,0,0,0.02063856,0,0
5579,17,275,0,0,0.01219547,0,0
5580,17,276,0,0,0.02291384,0,0
5581,17,277,0,0,0.04117286,1,32
5582,17,278,0,0,0.01177206,0,0
5583,17,279,0,0,0.03841652,0,0
5584,17,280,0,0,0.01835402,0,0
5585,17,281,0,0,0.02318355,0,0
5586,17,282,0,0,0.02733343,0,0
5587,17,283,0,0,0.01908709,0,0
5588,17,284,0,0,0.02487807,0,0
5589,17,285,0,0,0.02434092,0,0
5590,17,286,0,0,0.03328998,0,0
5591,17,287,0,0,0.01871249,0,0
5592,17,288,0,0,0.00887755,0,0
5593,17,289,0,0,0.04482889,1,32
5594,17,290,0,0,0.01674113,0,0
5595,17,291,0,0,0.03757555,0,0
5596,17,292,0,0,0.01606821,0,0
5597,17,293,0,0,0.03264402,0,0
5598,17,294,0,0,0.03670717,0,0
5599,17,295,0,0,0.04706648,1,32
5600,17,296,0,0,0.04118074,1,32
5601,17,297,0,0,0.02140362,0,0
5602,17,298,0,0,0.02136406,0,0
5603,17,299,0,0,0.04163145,1,32
5604,17,300,0,0,0.01536915,0,0
5605,17,301,0,0,0.02000666,0,0
5606,17,302,0,0,0.01524837,0,0
5607,17,303,0,0,0.00778552,0,0
5608,17,304,0,0,0.00937301,0,0
5609,17,305,0,0,0.02468415,0,0
5610,17,306,0,0,0.02253956,0,0
5611,17,307,0,0,0.04386850,1,32
5612,17,308,0,0,0.03108520,0,0
5613,17,309,0,0,0.00642831,0,0
5614,17,310,0,0,0.01315222,0,0
5615,17,311,0,0,0.01779705,0,0
5616,18,0,1,0,0.00688933,0,0
5617,18,1,0,0,0.02216462,0,0
5618,18,2,0,0,0.03311215,0,0
5619,18,3,0,0,0.01433764,0,0
5620,18,4,0,0,0.01993318,0,0
5621,18,5,0,0,0.02667870,0,0
5622,18,6,0,0,0.02260827,0,0
5623,18,7,0,0,0.04180320,1,32
5624,18,8,0,0,0.03553317,0,0
5625,18,9,0,0,0.01707104,0,0
5626,18,10,0,0,0.01824319,0,0
5627,18,11,0,0,0.03969885,0,0
5628,18,12,0,0,0.01872602,0,0
5629,18,13,0,0,0.01601756,0,0
5630,18,14,0,0,0.02409379,0,0
5631,18,15,0,0,0.03510605,0,0
5632,18,16,0,0,0.01475659,0,0
5633,18,17,0,0,0.09552404,1,16
5634,18,18,0,0,0.02055649,0,0
5635,18,19,0,0,0.02098976,0,0
5636,18,20,0,0,0.03956084,0,0
5637,18,21,0,0,0.04151055,1,32
5638,18,22,0,0,0.02126846,0,0
5639,18,23,0,0,0.01526485,0,0
5640,18,24,0,0,0.02942092,0,0
5641,18,25,0,0,0.02604764,0,0
5642,18,26,0,0,0.02677798,0,0
5643,18,27,0,0,0.03160472,0,0
5644,18,28,0,0,0.02273368,0,0
5645,18,29,0,0,0.00840707,0,0
5646,18,30,0,0,0.01029813,0,0
5647,18,31,0,0,0.03088833,0,0
5648,18,32,0,0,0.02296832,0,0
5649,18,33,0,0,0.02570203,0,0
5650,18,34,0,0,0.02010665,0,0
5651,18,35,0,0,0.03483873,0,0
5652,18,36,0,0,0.01316921,0,0
5653,18,37,0,0,0.02352491,0,0
5654,18,38,0,0,0.05336431,1,32
5655,18,39,0,0,0.01710014,0,0
5656,18,40,0,0,0.04530416,1,32
5657,18,41,0,0,0.06100491,1,32
5658,18,42,0,0,0.02348398,0,0
5659,18,43,0,0,0.03328087,0,0
5660,18,44,0,0,0.02333108,0,0
5661,18,45,0,0,0.05256939,1,32
5662,18,46,0,0,0.03356251,0,0
5663,18,47,0,0,0.01350224,0,0
5664,18,48,0,0,0.04865191,1,32
5665,18,49,0,0,0.10189441,1,32
5666,18,50,0,0,0.06967245,1,32
5667,18,51,0,0,0.01898349,0,0
5668,18,52,0,0,0.01510974,0,0
5669,18,53,0,0,0.02482148,0,0
5670,18,54,0,0,0.05788074,1,32
5671,18,55,0,0,0.01488350,0,0
5672,18,56,0,0,0.02217775,0,0
5673,18,57,0,0,0.03619610,0,0
5674,18,58,0,0,0.03721897,0,0
5675,18,59,0,0,0.02336517,0,0
5676,18,60,0,0,0.06408087,1,32
5677,18,61,0,0,0.01705282,0,0
5678,18,62,0,0,0.02745491,0,0
5679,18,63,0,0,0.01904714,0,0
5680,18,64,0,0,0.02000630,0,0
5681,18,65,0,0,0.05771410,1,31
5682,18,66,0,0,0.03072141,0,0
5683,18,67,0,0,0.04353147,1,32
5684,18,68,0,0,0.05234356,1,32
5685,18,69,0,0,0.03086308,0,0
5686,18,70,0,0,0.06696668,1,32
5687,18,71,0,0,0.02780927,0,0
5688,18,72,0,0,0.01620292,0,0
5689,18,73,0,0,0.02647356,0,0
5690,18,74,0,0,0.01615326,0,0
5691,18,75,0,0,0.01279177,0,0
5692,18,76,0,0,0.04170595,1,32
5693,18,77,0,0,0.03205847,0,0
5694,18,78,0,0,0.00479483,0,0
5695,18,79,0,0,0.03299722,0,0
5696,18,80,0,0,0.01655813,0,0
5697,18,81,0,0,0.02434346,0,0
5698,18,82,0,0,0.01958962,0,0
5699,18,83,0,0,0.05698602,1,32
5700,18,84,0,0,0.02425903,0,0
5701,18,85,0,0,0.04409824,1,32
5702,18,86,0,0,0.05762752,1,32
5703,18,87,0,0,0.05247682,1,32
5704,18,88,0,0,0.02303294,0,0
5705,18,89,0,0,0.01119162,0,0
5706,18,90,0,0,0.03924320,0,0
5707,18,91,0,0,0.01446891,0,0
5708,18,92,0,0,0.02305418,0,0
5709,18,93,0,0,0.02498953,0,0
5710,18,94,0,0,0.02251645,0,0
5711,18,95,0,0,0.02165128,0,0
5712,18,96,0,0,0.04356952,1,32
5713,18,97,0,0,0.00865652,0,0
5714,18,98,0,0,0.02955616,0,0
5715,18,99,0,0,0.01673748,0,0
5716,18,100,0,0,0.03529583,0,0
5717,18,101,0,0,0.04570683,1,32
5718,18,102,0,0,0.01097611,0,0
5719,18,103,0,0,0.02631020,0,0
5720,18,104,0,0,0.05664773,1,32
5721,18,105,0,0,0.00547888,0,0
5722,18,106,0,0,0.01867499,0,0
5723,18,107,0,0,0.02681542,0,0
5724,18,108,0,0,0.02517536,0,0
5725,18,109,0,0,0.02079026,0,0
5726,18,110,0,0,0.01723103,0,0
5727,18,111,0,0,0.05870411,1,32
5728,18,112,0,0,0.04432426,1,32
5729,18,113,0,0,0.02603366,0,0
5730,18,114,0,0,0.01471948,0,0
5731,18,115,0,0,0.01809543,0,0
5732,18,116,0,0,0.06908453,1,32
5733,18,117,0,0,0.01501101,0,0
5734,18,118,0,0,0.02433985,0,0
5735,18,119,0,0,0.01911798,0,0
5736,18,120,0,0,0.03226771,0,0
5737,18,121,0,0,0.05221924,1,32
5738,18,122,0,0,0.00577353,0,0
5739,18,123,0,0,0.04293258,1,32
5740,18,124,0,0,0.01195042,0,0
5741,18,125,0,0,0.04968935,1,32
5742,18,126,0,0,0.01340557,0,0
5743,18,127,0,0,0.05021139,1,32
5744,18,128,0,0,0.03559082,0,0
5745,18,129,0,0,0.02517249,0,0
5746,18,130,0,0,0.03820836,0,0
5747,18,131,0,0,0.04993634,1,32
5748,18,132,0,0,0.01615892,0,0
5749,18,133,0,0,0.01658421,0,0
5750,18,134,0,0,0.01594658,0,0
5751,18,135,0,0,0.01955152,0,0
5752,18,136,0,0,0.01991886,0,0
5753,18,137,0,0,0.03767140,0,0
5754,18,138,0,0,0.02189784,0,0
5755,18,139,0,0,0.04010428,1,31
5756,18,140,0,0,0.02283147,0,0
5757,18,141,0,0,0.01772993,0,0
5758,18,142,0,0,0.03053693,0,0
5759,18,143,0,0,0.01250374,0,0
5760,18,144,0,0,0.04372280,1,32
5761,18,145,0,0,0.02355780,0,0
5762,18,146,0,0,0.06242448,1,32
5763,18,147,0,0,0.02092233,0,0
5764,18,148,0,0,0.01612337,0,0
5765,18,149,0,0,0.09561785,1,32
5766,18,150,0,0,0.02587422,0,0
5767,18,151,0,0,0.01607230,0,0
5768,18,152,0,0,0.01505673,0,0
5769,18,153,0,0,0.02038435,0,0
5770,18,154,0,0,0.01586226,0,0
5771,18,155,0,0,0.01729364,0,0
5772,18,156,0,0,0.03599529,0,0
5773,18,157,0,0,0.00501459,0,0
5774,18,158,0,0,0.02985325,0,0
5775,18,159,0,0,0.02434642,0,0
5776,18,160,0,0,0.02366159,0,0
5777,18,161,0,0,0.01715549,0,0
5778,18,162,0,0,0.03643184,0,0
5779,18,163,0,0,0.03231419,0,0
5780,18,164,0,0,0.01398102,0,0
5781,18,165,0,0,0.02626883,0,0
5782,18,166,0,0,0.02865971,0,0
5783,18,167,0,0,0.02137705,0,0
5784,18,168,0,0,0.01818091,0,0
5785,18,169,0,0,0.02449117,0,0
5786,18,170,0,0,0.01313711,0,0
5787,18,171,0,0,0.01522612,0,0
5788,18,172,0,0,0.01547154,0,0
5789,18,173,0,0,0.02308337,0,0
5790,18,174,0,0,0.04923782,1,32
5791,18,175,0,0,0.01517931,0,0
5792,18,176,0,0,0.01740395,0,0
5793,18,177,0,0,0.06176792,1,32
5794,18,178,0,0,0.01936838,0,0
5795,18,179,0,0,0.03957751,0,0
5796,18,180,0,0,0.01852185,0,0
5797,18,181,0,0,0.02480722,0,0
5798,18,182,0,0,0.03077706,0,0
5799,18,183,0,0,0.02972363,0,0
5800,18,184,0,0,0.01584832,0,0
5801,18,185,0,0,0.02341390,0,0
5802,18,186,0,0,0.01646472,0,0
5803,18,187,0,0,0.04426569,1,32
5804,18,188,0,0,0.03670224,0,0
5805,18,189,0,0,0.01405700,0,0
5806,18,190,0,0,0.03081506,0,0
5807,18,191,0,0,0.04506946,1,32
5808,18,192,0,0,0.02310899,0,0
5809,18,193,0,0,0.05617988,1,32
5810,18,194,0,0,0.07955271,1,32
5811,18,195,0,0,0.01814884,0,0
5812,18,196,0,0,0.02204272,0,0
5813,18,197,0,0,0.02237183,0,0
5814,18,198,0,0,0.04421653,1,32
5815,18,199,0,0,0.02142531,0,0
5816,18,200,0,0,0.01781545,0,0
5817,18,201,0,0,0.01593401,0,0
5818,18,202,0,0,0.02640428,0,0
5819,18,203,0,0,0.02671347,0,0
5820,18,204,0,0,0.04497790,1,31
5821,18,205,0,0,0.03391671,0,0
5822,18,206,0,0,0.04019419,1,32
5823,18,207,0,0,0.05205955,1,32
5824,18,208,0,0,0.05983352,1,32
5825,18,209,0,0,0.03083996,0,0
5826,18,210,0,0,0.01778149,0,0
5827,18,211,0,0,0.03405453,0,0
5828,18,212,0,0,0.04804871,1,32
5829,18,213,0,0,0.03162800,0,0
5830,18,214,0,0,0.05427356,1,32
5831,18,215,0,0,0.03369596,0,0
5832,18,216,0,0,0.07285738,1,32
5833,18,217,0,0,0.03163753,0,0
5834,18,218,0,0,0.05101101,1,32
5835,18,219,0,0,0.04334996,1,32
5836,18,220,0,0,0.04666964,1,32
5837,18,221,0,0,0.06432034,1,32
5838,18,222,0,0,0.01555749,0,0
5839,18,223,0,0,0.01413196,0,0
5840,18,224,0,0,0.03083657,0,0
5841,18,225,0,0,0.04560052,1,32
5842,18,226,0,0,0.01576867,0,0
5843,18,227,0,0,0.10573723,1,32
5844,18,228,0,0,0.02315609,0,0
5845,18,229,0,0,0.02563870,0,0
5846,18,230,0,0,0.08695798,1,32
5847,18,231,0,0,0.03275232,0,0
5848,18,232,0,0,0.01990072,0,0
5849,18,233,0,0,0.05031178,1,32
5850,18,234,0,0,0.02026599,0,0
5851,18,235,0,0,0.02382233,0,0
5852,18,236,0,0,0.02274808,0,0
5853,18,237,0,0,0.01968315,0,0
5854,18,238,0,0,0.03257000,0,0
5855,18,239,0,0,0.02405106,0,0
5856,18,240,0,0,0.02200123,0,0
5857,18,241,0,0,0.05634769,1,31
5858,18,242,0,0,0.01460348,0,0
5859,18,243,0,0,0.01715540,0,0
5860,18,244,0,0,0.04101485,1,32
5861,18,245,0,0,0.05605046,1,32
5862,18,246,0,0,0.06562845,1,32
5863,18,247,0,0,0.02351243,0,0
5864,18,248,0,0,0.01851809,0,0
5865,18,249,0,0,0.03211338,0,0
5866,18,250,0,0,0.04022804,1,32
5867,18,251,0,0,0.04555419,1,32
5868,18,252,0,0,0.03660329,0,0
5869,18,253,0,0,0.01817871,0,0
5870,18,254,0,0,0.06049709,1,32
5871,18,255,0,0,0.01701924,0,0
5872,18,256,0,0,0.02046377,0,0
5873,18,257,0,0,0.04621578,1,32
5874,18,258,0,0,0.04898971,1,32
5875,18,259,0,0,0.02995181,0,0
5876,18,260,0,0,0.02726348,0,0
5877,18,261,0,0,0.05794957,1,32
5878,18,262,0,0,0.01099594,0,0
5879,18,263,0,0,0.02748982,0,0
5880,18,264,0,0,0.03115583,0,0
5881,18,265,0,0,0.01189679,0,0
5882,18,266,0,0,0.04027432,1,31
5883,18,267,0,0,0.02509236,0,0
5884,18,268,0,0,0.01642472,0,0
5885,18,269,0,0,0.03333841,0,0
5886,18,270,0,0,0.03187323,0,0
5887,18,271,0,0,0.02261784,0,0
5888,18,272,0,0,0.03320192,0,0
5889,18,273,0,0,0.05020220,1,32
5890,18,274,0,0,0.01706661,0,0
5891,18,275,0,0,0.02001689,0,0
5892,18,276,0,0,0.01667298,0,0
5893,18,277,0,0,0.01703230,0,0
5894,18,278,0,0,0.05128041,1,32
5895,18,279,0,0,0.02266692,0,0
5896,18,280,0,0,0.04616936,1,31
5897,18,281,0,0,0.01799019,0,0
5898,18,282,0,0,0.02292155,0,0
5899,18,283,0,0,0.04746312,1,32
5900,18,284,0,0,0.03354623,0,0
5901,18,285,0,0,0.03780117,0,0
5902,18,286,0,0,0.02459257,0,0
5903,18,287,0,0,0.02118241,0,0
5904,18,288,0,0,0.02713503,0,0
5905,18,289,0,0,0.01223843,0,0
5906,18,290,0,0,0.05866957,1,32
5907,18,291,0,0,0.01217744,0,0
5908,18,292,0,0,0.05111288,1,32
5909,18,293,0,0,0.02141078,0,0
5910,18,294,0,0,0.01716907,0,0
5911,18,295,0,0,0.03644820,0,0
5912,18,296,0,0,0.05218669,1,32
5913,18,297,0,0,0.02570819,0,0
5914,18,298,0,0,0.02878626,0,0
5915,18,299,0,0,0.04567912,1,32
5916,18,300,0,0,0.02357195,0,0
5917,18,301,0,0,0.01746213,0,0
5918,18,302,0,0,0.01035112,0,0
5919,18,303,0,0,0.01567113,0,0
5920,18,304,0,0,0.01438310,0,0
5921,18,305,0,0,0.00875341,0,0
5922,18,306,0,0,0.03485079,0,0
5923,18,307,0,0,0.03433760,0,0
5924,18,308,0,0,0.06302902,1,32
5925,18,309,0,0,0.02415707,0,0
5926,18,310,0,0,0.01432344,0,0
5927,18,311,0,0,0.02101216,0,0
5928,19,0,1,0,0.01565352,0,0
5929,19,1,0,0,0.00641947,0,0
5930,19,2,0,0,0.03450887,0,0
5931,19,3,0,0,0.06123231,1,32
5932,19,4,0,0,0.01815352,0,0
5933,19,5,0,0,0.02277531,0,0
5934,19,6,0,0,0.03180814,0,0
5935,19,7,0,0,0.03652100,0,0
5936,19,8,0,0,0.03848490,0,0
5937,19,9,0,0,0.02571438,0,0
5938,19,10,0,0,0.01856814,0,0
5939,19,11,0,0,0.02926240,0,0
5940,19,12,0,0,0.05123424,1,32
5941,19,13,0,0,0.01239617,0,0
5942,19,14,0,0,0.02050405,0,0
5943,19,15,0,0,0.02955504,0,0
5944,19,16,0,0,0.03076633,0,0
5945,19,17,0,0,0.03043444,0,0
5946,19,18,0,0,0.12363844,1,16
5947,19,19,0,0,0.02011294,0,0
5948,19,20,0,0,0.03296696,0,0
5949,19,21,0,0,0.01159545,0,0
5950,19,22,0,0,0.03535019,0,0
5951,19,23,0,0,0.01411610,0,0
5952,19,24,0,0,0.00656722,0,0
5953,19,25,0,0,0.05694127,1,30
5954,19,26,0,0,0.03934624,0,0
5955,19,27,0,0,0.01148085,0,0
5956,19,28,0,0,0.02126773,0,0
5957,19,29,0,0,0.01291940,0,0
5958,19,30,0,0,0.01227588,0,0
5959,19,31,0,0,0.01006122,0,0
5960,19,32,0,0,0.01066119,0,0
5961,19,33,0,0,0.02033842,0,0
5962,19,34,0,0,0.02220355,0,0
5963,19,35,0,0,0.02220621,0,0
5964,19,36,0,0,0.02522958,0,0
5965,19,37,0,0,0.01370158,0,0
5966,19,38,0,0,0.02091246,0,0
5967,19,39,0,0,0.01948273,0,0
5968,19,40,0,0,0.01200553,0,0
5969,19,41,0,0,0.02152175,0,0
5970,19,42,0,0,0.04597499,1,31
5971,19,43,0,0,0.01926469,0,0
5972,19,44,0,0,0.01910946,0,0
5973,19,45,0,0,0.01657995,0,0
5974,19,46,0,0,0.04048426,1,31
5975,19,47,0,0,0.02928303,0,0
5976,19,48,0,0,0.00479979,0,0
5977,19,49,0,0,0.04244694,1,30
5978,19,50,0,0,0.04339465,1,31
5979,19,51,0,0,0.05068083,1,30
5980,19,52,0,0,0.01541064,0,0
5981,19,53,0,0,0.01428606,0,0
5982,19,54,0,0,0.02003287,0,0
5983,19,55,0,0,0.01720759,0,0
5984,19,56,0,0,0.01094783,0,0
5985,19,57,0,0,0.01935513,0,0
5986,19,58,0,0,0.01271341,0,0
5987,19,59,0,0,0.02153428,0,0
5988,19,60,0,0,0.02778568,0,0
5989,19,61,0,0,0.05368729,1,32
5990,19,62,0,0,0.02000485,0,0
5991,19,63,0,0,0.02081900,0,0
5992,19,64,0,0,0.03624443,0,0
5993,19,65,0,0,0.01811755,0,0
5994,19,66,0,0,0.04063616,1,29
5995,19,67,0,0,0.03448444,0,0
5996,19,68,0,0,0.05699843,1,31
5997,19,69,0,0,0.00974286,0,0
5998,19,70,0,0,0.03356425,0,0
5999,19,71,0,0,0.04587311,1,32
6000,19,72,0,0,0.01113094,0,0
6001,19,73,0,0,0.00419233,0,0
6002,19,74,0,0,0.03236526,0,0
6003,19,75,0,0,0.00965770,0,0
6004,19,76,0,0,0.00939962,0,0
6005,19,77,0,0,0.00815711,0,0
6006,19,78,0,0,0.01199017,0,0
6007,19,79,0,0,0.00536145,0,0
6008,19,80,0,0,0.02658451,0,0
6009,19,81,0,0,0.01577330,0,0
6010,19,82,0,0,0.02277333,0,0
6011,19,83,0,0,0.00848927,0,0
6012,19,84,0,0,0.02246656,0,0
6013,19,85,0,0,0.01034424,0,0
6014,19,86,0,0,0.02147880,0,0
6015,19,87,0,0,0.02085749,0,0
6016,19,88,0,0,0.04399023,1,32
6017,19,89,0,0,0.01723937,0,0
6018,19,90,0,0,0.01057427,0,0
6019,19,91,0,0,0.01499050,0,0
6020,19,92,0,0,0.01107085,0,0
6021,19,93,0,0,0.00530746,0,0
6022,19,94,0,0,0.02437520,0,0
6023,19,95,0,0,0.01866627,0,0
6024,19,96,0,0,0.00694656,0,0
6025,19,97,0,0,0.01735728,0,0
6026,19,98,0,0,0.01107921,0,0
6027,19,99,0,0,0.02154401,0,0
6028,19,100,0,0,0.01835600,0,0
6029,19,101,0,0,0.01165094,0,0
6030,19,102,0,0,0.03875634,0,0
6031,19,103,0,0,0.02062945,0,0
6032,19,104,0,0,0.00874434,0,0
6033,19,105,0,0,0.02344864,0,0
6034,19,106,0,0,0.01249051,0,0
6035,19,107,0,0,0.01457691,0,0
6036,19,108,0,0,0.01053437,0,0
6037,19,109,0,0,0.01220807,0,0
6038,19,110,0,0,0.01813725,0,0
6039,19,111,0,0,0.05474149,1,30
6040,19,112,0,0,0.01113669,0,0
6041,19,113,0,0,0.02895061,0,0
6042,19,114,0,0,0.02663692,0,0
6043,19,115,0,0,0.01384835,0,0
6044,19,116,0,0,0.00833578,0,0
6045,19,117,0,0,0.01771801,0,0
6046,19,118,0,0,0.01175981,0,0
6047,19,119,0,0,0.01720756,0,0
6048,19,120,0,0,0.03620647,0,0
6049,19,121,0,0,0.01331990,0,0
6050,19,122,0,0,0.01059873,0,0
6051,19,123,0,0,0.00669215,0,0
6052,19,124,0,0,0.01173439,0,0
6053,19,125,0,0,0.00805342,0,0
6054,19,126,0,0,0.02877599,0,0
6055,19,127,0,0,0.00726741,0,0
6056,19,128,0,0,0.04732572,1,30
6057,19,129,0,0,0.03833969,0,0
6058,19,130,0,0,0.01468533,0,0
6059,19,131,0,0,0.03244346,0,0
6060,19,132,0,0,0.01008976,0,0
6061,19,133,0,0,0.01223104,0,0
6062,19,134,0,0,0.02381449,0,0
6063,19,135,0,0,0.02029308,0,0
6064,19,136,0,0,0.01202453,0,0
6065,19,137,0,0,0.01064602,0,0
6066,19,138,0,0,0.01120336,0,0
6067,19,139,0,0,0.01623522,0,0
6068,19,140,0,0,0.02917414,0,0
6069,19,141,0,0,0.01927219,0,0
6070,19,142,0,0,0.01123697,0,0
6071,19,143,0,0,0.01592245,0,0
6072,19,144,0,0,0.00651591,0,0
6073,19,145,0,0,0.03176421,0,0
6074,19,146,0,0,0.02011064,0,0
6075,19,147,0,0,0.03731861,0,0
6076,19,148,0,0,0.02560825,0,0
6077,19,149,0,0,0.01048072,0,0
6078,19,150,0,0,0.05430874,1,31
6079,19,151,0,0,0.02508295,0,0
6080,19,152,0,0,0.01406146,0,0
6081,19,153,0,0,0.01159261,0,0
6082,19,154,0,0,0.02458392,0,0
6083,19,155,0,0,0.02046995,0,0
6084,19,156,0,0,0.01634188,0,0
6085,19,157,0,0,0.02448917,0,0
6086,19,158,0,0,0.00905164,0,0
6087,19,159,0,0,0.01877456,0,0
6088,19,160,0,0,0.02606792,0,0
6089,19,161,0,0,0.00602966,0,0
6090,19,162,0,0,0.02085862,0,0
6091,19,163,0,0,0.01728327,0,0
6092,19,164,0,0,0.01376161,0,0
6093,19,165,0,0,0.01177090,0,0
6094,19,166,0,0,0.00849433,0,0
6095,19,167,0,0,0.01259435,0,0
6096,19,168,0,0,0.01491095,0,0
6097,19,169,0,0,0.02439556,0,0
6098,19,170,0,0,0.01317219,0,0
6099,19,171,0,0,0.00780122,0,0
6100,19,172,0,0,0.01325718,0,0
6101,19,173,0,0,0.00153465,0,0
6102,19,174,0,0,0.01440655,0,0
6103,19,175,0,0,0.03277837,0,0
6104,19,176,0,0,0.01468203,0,0
6105,19,177,0,0,0.01570047,0,0
6106,19,178,0,0,0.01140703,0,0
6107,19,179,0,0,0.01696922,0,0
6108,19,180,0,0,0.03188073,0,0
6109,19,181,0,0,0.02938106,0,0
6110,19,182,0,0,0.02515011,0,0
6111,19,183,0,0,0.01811624,0,0
6112,19,184,0,0,0.01637727,0,0
6113,19,185,0,0,0.00458868,0,0
6114,19,186,0,0,0.01290287,0,0
6115,19,187,0,0,0.03944322,0,0
6116,19,188,0,0,0.02631707,0,0
6117,19,189,0,0,0.01865557,0,0
6118,19,190,0,0,0.01041149,0,0
6119,19,191,0,0,0.02644488,0,0
6120,19,192,0,0,0.02690116,0,0
6121,19,193,0,0,0.02041391,0,0
6122,19,194,0,0,0.02205151,0,0
6123,19,195,0,0,0.04752675,1,31
6124,19,196,0,0,0.00667169,0,0
6125,19,197,0,0,0.01374761,0,0
6126,19,198,0,0,0.02076305,0,0
6127,19,199,0,0,0.02609622,0,0
6128,19,200,0,0,0.01759569,0,0
6129,19,201,0,0,0.02477231,0,0
6130,19,202,0,0,0.01178405,0,0
6131,19,203,0,0,0.01542982,0,0
6132,19,204,0,0,0.02154959,0,0
6133,19,205,0,0,0.01117492,0,0
6134,19,206,0,0,0.00688279,0,0
6135,19,207,0,0,0.02627452,0,0
6136,19,208,0,0,0.01538998,0,0
6137,19,209,0,0,0.02627330,0,0
6138,19,210,0,0,0.01504540,0,0
6139,19,211,0,0,0.01964852,0,0
6140,19,212,0,0,0.02837987,0,0
6141,19,213,0,0,0.06000735,1,30
6142,19,214,0,0,0.01767891,0,0
6143,19,215,0,0,0.03868019,0,0
6144,19,216,0,0,0.05232463,1,30
6145,19,217,0,0,0.04681722,1,30
6146,19,218,0,0,0.00968072,0,0
6147,19,219,0,0,0.02495876,0,0
6148,19,220,0,0,0.01691211,0,0
6149,19,221,0,0,0.02284636,0,0
6150,19,222,0,0,0.04903200,1,32
6151,19,223,0,0,0.01666271,0,0
6152,19,224,0,0,0.01995170,0,0
6153,19,225,0,0,0.02515722,0,0
6154,19,226,0,0,0.02786894,0,0
6155,19,227,0,0,0.01444716,0,0
6156,19,228,0,0,0.03787518,0,0
6157,19,229,0,0,0.01830052,0,0
6158,19,230,0,0,0.00740535,0,0
6159,19,231,0,0,0.03860780,0,0
6160,19,232,0,0,0.01526412,0,0
6161,19,233,0,0,0.01321878,0,0
6162,19,234,0,0,0.01386302,0,0
6163,19,235,0,0,0.01301485,0,0
6164,19,236,0,0,0.01500487,0,0
6165,19,237,0,0,0.03099489,0,0
6166,19,238,0,0,0.02745335,0,0
6167,19,239,0,0,0.00564398,0,0
6168,19,240,0,0,0.01416978,0,0
6169,19,241,0,0,0.01764395,0,0
6170,19,242,0,0,0.04052798,1,31
6171,19,243,0,0,0.01723294,0,0
6172,19,244,0,0,0.01037508,0,0
6173,19,245,0,0,0.03671590,0,0
6174,19,246,0,0,0.04481757,1,32
6175,19,247,0,0,0.02349157,0,0
6176,19,248,0,0,0.02227204,0,0
6177,19,249,0,0,0.01140541,0,0
6178,19,250,0,0,0.01103204,0,0
6179,19,251,0,0,0.02278552,0,0
6180,19,252,0,0,0.02325702,0,0
6181,19,253,0,0,0.01864229,0,0
6182,19,254,0,0,0.03027253,0,0
6183,19,255,0,0,0.04606682,1,32
6184,19,256,0,0,0.00988708,0,0
6185,19,257,0,0,0.01326037,0,0
6186,19,258,0,0,0.01694524,0,0
6187,19,259,0,0,0.02381669,0,0
6188,19,260,0,0,0.02749614,0,0
6189,19,261,0,0,0.01020096,0,0
6190,19,262,0,0,0.03291207,0,0
6191,19,263,0,0,0.01378402,0,0
6192,19,264,0,0,0.03200184,0,0
6193,19,265,0,0,0.02213368,0,0
6194,19,266,0,0,0.01009706,0,0
6195,19,267,0,0,0.01384813,0,0
6196,19,268,0,0,0.00978977,0,0
6197,19,269,0,0,0.01745035,0,0
6198,19,270,0,0,0.03876197,0,0
6199,19,271,0,0,0.01950457,0,0
6200,19,272,0,0,0.00554510,0,0
6201,19,273,0,0,0.01926143,0,0
6202,19,274,0,0,0.02772157,0,0
6203,19,275,0,0,0.02242948,0,0
6204,19,276,0,0,0.00943069,0,0
6205,19,277,0,0,0.00443120,0,0
6206,19,278,0,0,0.01670029,0,0
6207,19,279,0,0,0.01289113,0,0
6208,19,280,0,0,0.01922071,0,0
6209,19,281,0,0,0.02357809,0,0
6210,19,282,0,0,0.00904809,0,0
6211,19,283,0,0,0.01638073,0,0
6212,19,284,0,0,0.02404087,0,0
6213,19,285,0,0,0.03394954,0,0
6214,19,286,0,0,0.01604106,0,0
6215,19,287,0,0,0.01974087,0,0
6216,19,288,0,0,0.02525295,0,0
6217,19,289,0,0,0.03421175,0,0
6218,19,290,0,0,0.00491636,0,0
6219,19,291,0,0,0.01113379,0,0
6220,19,292,0,0,0.01851491,0,0
6221,19,293,0,0,0.02131510,0,0
6222,19,294,0,0,0.02636080,0,0
6223,19,295,0,0,0.01653662,0,0
6224,19,296,0,0,0.01853765,0,0
6225,19,297,0,0,0.02068299,0,0
6226,19,298,0,0,0.01886334,0,0
6227,19,299,0,0,0.00649069,0,0
6228,19,300,0,0,0.02194690,0,0
6229,19,301,0,0,0.04508556,1,31
6230,19,302,0,0,0.01736659,0,0
6231,19,303,0,0,0.00676816,0,0
6232,19,304,0,0,0.01336068,0,0
6233,19,305,0,0,0.00661412,0,0
6234,19,306,0,0,0.00441775,0,0
6235,19,307,0,0,0.01121624,0,0
6236,19,308,0,0,0.02312535,0,0
6237,19,309,0,0,0.02858928,0,0
6238,19,310,0,0,0.02291852,0,0
6239,19,311,0,0,0.00913402,0,0
6240,20,0,1,0,0.01893910,0,0
6241,20,1,0,0,0.00582221,0,0
6242,20,2,0,0,0.01074613,0,0
6243,20,3,0,0,0.02502168,0,0
6244,20,4,0,0,0.03960030,0,0
6245,20,5,0,0,0.00822727,0,0
6246,20,6,0,0,0.00877246,0,0
6247,20,7,0,0,0.01660849,0,0
6248,20,8,0,0,0.01841877,0,0
6249,20,9,0,0,0.01013283,0,0
6250,20,10,0,0,0.02088918,0,0
6251,20,11,0,0,0.01187946,0,0
6252,20,12,0,0,0.01305576,0,0
6253,20,13,0,0,0.02169486,0,0
6254,20,14,0,0,0.01134520,0,0
6255,20,15,0,0,0.01115570,0,0
6256,20,16,0,0,0.03043828,0,0
6257,20,17,0,0,0.00888855,0,0
6258,20,18,0,0,0.02604434,0,0
6259,20,19,0,0,0.10242692,1,15
6260,20,20,0,0,0.01823793,0,0
6261,20,21,0,0,0.01935178,0,0
6262,20,22,0,0,0.02710836,0,0
6263,20,23,0,0,0.03964165,0,0
6264,20,24,0,0,0.01392955,0,0
6265,20,25,0,0,0.01587148,0,0
6266,20,26,0,0,0.03389412,0,0
6267,20,27,0,0,0.04732136,1,32
6268,20,28,0,0,0.02371642,0,0
6269,20,29,0,0,0.02466543,0,0
6270,20,30,0,0,0.01821960,0,0
6271,20,31,0,0,0.01341895,0,0
6272,20,32,0,0,0.01491454,0,0
6273,20,33,0,0,0.02788742,0,0
6274,20,34,0,0,0.03650633,0,0
6275,20,35,0,0,0.03621468,0,0
6276,20,36,0,0,0.01784221,0,0
6277,20,37,0,0,0.03378601,0,0
6278,20,38,0,0,0.00996821,0,0
6279,20,39,0,0,0.01972120,0,0
6280,20,40,0,0,0.05538750,1,32
6281,20,41,0,0,0.01286041,0,0
6282,20,42,0,0,0.02433190,0,0
6283,20,43,0,0,0.05742639,1,32
6284,20,44,0,0,0.01260643,0,0
6285,20,45,0,0,0.02600985,0,0
6286,20,46,0,0,0.02035406,0,0
6287,20,47,0,0,0.04655162,1,32
6288,20,48,0,0,0.03189695,0,0
6289,20,49,0,0,0.00981487,0,0
6290,20,50,0,0,0.04493231,1,31
6291,20,51,0,0,0.07789863,1,32
6292,20,52,0,0,0.06564943,1,31
6293,20,53,0,0,0.02574531,0,0
6294,20,54,0,0,0.01324893,0,0
6295,20,55,0,0,0.01643990,0,0
6296,20,56,0,0,0.03916823,0,0
6297,20,57,0,0,0.01961921,0,0
6298,20,58,0,0,0.01954721,0,0
6299,20,59,0,0,0.04389172,1,32
6300,20,60,0,0,0.02963271,0,0
6301,20,61,0,0,0.03343160,0,0
6302,20,62,0,0,0.06595394,1,32
6303,20,63,0,0,0.01562950,0,0
6304,20,64,0,0,0.02775517,0,0
6305,20,65,0,0,0.01907525,0,0
6306,20,66,0,0,0.01280360,0,0
6307,20,67,0,0,0.04343484,1,31
6308,20,68,0,0,0.02035573,0,0
6309,20,69,0,0,0.06354848,1,32
6310,20,70,0,0,0.04314381,1,32
6311,20,71,0,0,0.03268351,0,0
6312,20,72,0,0,0.05341082,1,31
6313,20,73,0,0,0.02986647,0,0
6314,20,74,0,0,0.01310706,0,0
6315,20,75,0,0,0.03472134,0,0
6316,20,76,0,0,0.01315320,0,0
6317,20,77,0,0,0.01017628,0,0
6318,20,78,0,0,0.03711601,0,0
6319,20,79,0,0,0.02232358,0,0
6320,20,80,0,0,0.00460277,0,0
6321,20,81,0,0,0.02855817,0,0
6322,20,82,0,0,0.01281344,0,0
6323,20,83,0,0,0.02426630,0,0
6324,20,84,0,0,0.01434163,0,0
6325,20,85,0,0,0.03536715,0,0
6326,20,86,0,0,0.02559016,0,0
6327,20,87,0,0,0.04709273,1,32
6328,20,88,0,0,0.04727825,1,32
6329,20,89,0,0,0.05009728,1,29
6330,20,90,0,0,0.01573485,0,0
6331,20,91,0,0,0.01416630,0,0
6332,20,92,0,0,0.03770574,0,0
6333,20,93,0,0,0.02069739,0,0
6334,20,94,0,0,0.01870804,0,0
6335,20,95,0,0,0.02529185,0,0
6336,20,96,0,0,0.01978999,0,0
6337,20,97,0,0,0.01755057,0,0
6338,20,98,0,0,0.03858659,0,0
6339,20,99,0,0,0.00791746,0,0
6340,20,100,0,0,0.03078109,0,0
6341,20,101,0,0,0.02494257,0,0
6342,20,102,0,0,0.02753119,0,0
6343,20,103,0,0,0.03485532,0,0
6344,20,104,0,0,0.02106399,0,0
6345,20,105,0,0,0.03792606,0,0
6346,20,106,0,0,0.05507229,1,32
6347,20,107,0,0,0.00534263,0,0
6348,20,108,0,0,0.01329660,0,0
6349,20,109,0,0,0.02471448,0,0
6350,20,110,0,0,0.01901358,0,0
6351,20,111,0,0,0.02412674,0,0
6352,20,112,0,0,0.02614740,0,0
6353,20,113,0,0,0.04860312,1,31
6354,20,114,0,0,0.02056571,0,0
6355,20,115,0,0,0.01884495,0,0
6356,20,116,0,0,0.00969604,0,0
6357,20,117,0,0,0.01110825,0,0
6358,20,118,0,0,0.08314560,1,32
6359,20,119,0,0,0.00868669,0,0
6360,20,120,0,0,0.02144102,0,0
6361,20,121,0,0,0.01996432,0,0
6362,20,122,0,0,0.02765735,0,0
6363,20,123,0,0,0.04663480,1,32
6364,20,124,0,0,0.01111832,0,0
6365,20,125,0,0,0.02522619,0,0
6366,20,126,0,0,0.00435415,0,0
6367,20,127,0,0,0.08124246,1,32
6368,20,128,0,0,0.02056983,0,0
6369,20,129,0,0,0.03629674,0,0
6370,20,130,0,0,0.04435512,1,32
6371,20,131,0,0,0.03006656,0,0
6372,20,132,0,0,0.05544891,1,32
6373,20,133,0,0,0.03380661,0,0
6374,20,134,0,0,0.01263892,0,0
6375,20,135,0,0,0.01869050,0,0
6376,20,136,0,0,0.01761704,0,0
6377,20,137,0,0,0.01003495,0,0
6378,20,138,0,0,0.02674504,0,0
6379,20,139,0,0,0.03337434,0,0
6380,20,140,0,0,0.02182855,0,0
6381,20,141,0,0,0.03237199,0,0
6382,20,142,0,0,0.01713452,0,0
6383,20,143,0,0,0.01448386,0,0
6384,20,144,0,0,0.03342861,0,0
6385,20,145,0,0,0.01921010,0,0
6386,20,146,0,0,0.06775656,1,32
6387,20,147,0,0,0.02742639,0,0
6388,20,148,0,0,0.05021215,1,32
6389,20,149,0,0,0.02185998,0,0
6390,20,150,0,0,0.01543187,0,0
6391,20,151,0,0,0.05430555,1,32
6392,20,152,0,0,0.03359488,0,0
6393,20,153,0,0,0.02292350,0,0
6394,20,154,0,0,0.01792094,0,0
6395,20,155,0,0,0.01245744,0,0
6396,20,156,0,0,0.00869935,0,0
6397,20,157,0,0,0.01640896,0,0
6398,20,158,0,0,0.03456222,0,0
6399,20,159,0,0,0.00723932,0,0
6400,20,160,0,0,0.01773650,0,0
6401,20,161,0,0,0.02234436,0,0
6402,20,162,0,0,0.01124551,0,0
6403,20,163,0,0,0.01698046,0,0
6404,20,164,0,0,0.02339364,0,0
6405,20,165,0,0,0.02978848,0,0
6406,20,166,0,0,0.01820907,0,0
6407,20,167,0,0,0.01548265,0,0
6408,20,168,0,0,0.02526093,0,0
6409,20,169,0,0,0.01525109,0,0
6410,20,170,0,0,0.02470899,0,0
6411,20,171,0,0,0.01881161,0,0
6412,20,172,0,0,0.00696810,0,0
6413,20,173,0,0,0.01929303,0,0
6414,20,174,0,0,0.02229925,0,0
6415,20,175,0,0,0.01183647,0,0
6416,20,176,0,0,0.01829325,0,0
6417,20,177,0,0,0.01805663,0,0
6418,20,178,0,0,0.01539505,0,0
6419,20,179,0,0,0.02843110,0,0
6420,20,180,0,0,0.02504440,0,0
6421,20,181,0,0,0.01669711,0,0
6422,20,182,0,0,0.01982441,0,0
6423,20,183,0,0,0.03482458,0,0
6424,20,184,0,0,0.02579681,0,0
6425,20,185,0,0,0.02814960,0,0
6426,20,186,0,0,0.01405182,0,0
6427,20,187,0,0,0.02359275,0,0
6428,20,188,0,0,0.01256454,0,0
6429,20,189,0,0,0.04184492,1,32
6430,20,190,0,0,0.01555460,0,0
6431,20,191,0,0,0.01459862,0,0
6432,20,192,0,0,0.03016594,0,0
6433,20,193,0,0,0.04466203,1,32
6434,20,194,0,0,0.01288209,0,0
6435,20,195,0,0,0.05210333,1,32
6436,20,196,0,0,0.07342071,1,31
6437,20,197,0,0,0.00984349,0,0
6438,20,198,0,0,0.02378192,0,0
6439,20,199,0,0,0.01847544,0,0
6440,20,200,0,0,0.04455326,1,32
6441,20,201,0,0,0.01915854,0,0
6442,20,202,0,0,0.01540517,0,0
6443,20,203,0,0,0.00892208,0,0
6444,20,204,0,0,0.03630070,0,0
6445,20,205,0,0,0.02890304,0,0
6446,20,206,0,0,0.06173019,1,32
6447,20,207,0,0,0.03447078,0,0
6448,20,208,0,0,0.02365717,0,0
6449,20,209,0,0,0.01254041,0,0
6450,20,210,0,0,0.03644944,0,0
6451,20,211,0,0,0.03983325,0,0
6452,20,212,0,0,0.01743639,0,0
6453,20,213,0,0,0.02775133,0,0
6454,20,214,0,0,0.04713298,1,32
6455,20,215,0,0,0.02108935,0,0
6456,20,216,0,0,0.05090616,1,32
6457,20,217,0,0,0.03060913,0,0
6458,20,218,0,0,0.06659213,1,32
6459,20,219,0,0,0.01994995,0,0
6460,20,220,0,0,0.04477754,1,32
6461,20,221,0,0,0.02344918,0,0
6462,20,222,0,0,0.02603504,0,0
6463,20,223,0,0,0.05300719,1,32
6464,20,224,0,0,0.01321989,0,0
6465,20,225,0,0,0.01000424,0,0
6466,20,226,0,0,0.01045308,0,0
6467,20,227,0,0,0.04940910,1,31
6468,20,228,0,0,0.01502760,0,0
6469,20,229,0,0,0.07180083,1,32
6470,20,230,0,0,0.02081630,0,0
6471,20,231,0,0,0.01672637,0,0
6472,20,232,0,0,0.07073823,1,32
6473,20,233,0,0,0.02762838,0,0
6474,20,234,0,0,0.02475024,0,0
6475,20,235,0,0,0.03296917,0,0
6476,20,236,0,0,0.02340739,0,0
6477,20,237,0,0,0.03639119,0,0
6478,20,238,0,0,0.03486219,0,0
6479,20,239,0,0,0.01046825,0,0
6480,20,240,0,0,0.01835107,0,0
6481,20,241,0,0,0.02380347,0,0
6482,20,242,0,0,0.02192619,0,0
6483,20,243,0,0,0.04426519,1,32
6484,20,244,0,0,0.01135215,0,0
6485,20,245,0,0,0.01563207,0,0
6486,20,246,0,0,0.04279248,1,32
6487,20,247,0,0,0.05353308,1,32
6488,20,248,0,0,0.05121524,1,31
6489,20,249,0,0,0.02707433,0,0
6490,20,250,0,0,0.01314637,0,0
6491,20,251,0,0,0.02061187,0,0
6492,20,252,0,0,0.03492299,0,0
6493,20,253,0,0,0.03556906,0,0
6494,20,254,0,0,0.03440635,0,0
6495,20,255,0,0,0.01687112,0,0
6496,20,256,0,0,0.05372092,1,32
6497,20,257,0,0,0.01571356,0,0
6498,20,258,0,0,0.02262784,0,0
6499,20,259,0,0,0.05730031,1,32
6500,20,260,0,0,0.03238444,0,0
6501,20,261,0,0,0.03186514,0,0
6502,20,262,0,0,0.02257796,0,0
6503,20,263,0,0,0.01625559,0,0
6504,20,264,0,0,0.01138994,0,0
6505,20,265,0,0,0.03281224,0,0
6506,20,266,0,0,0.02852506,0,0
6507,20,267,0,0,0.00955709,0,0
6508,20,268,0,0,0.03479687,0,0
6509,20,269,0,0,0.02051660,0,0
6510,20,270,0,0,0.01870438,0,0
6511,20,271,0,0,0.03868347,0,0
6512,20,272,0,0,0.02858670,0,0
6513,20,273,0,0,0.02623270,0,0
6514,20,274,0,0,0.02157906,0,0
6515,20,275,0,0,0.04715132,1,32
6516,20,276,0,0,0.01587182,0,0
6517,20,277,0,0,0.01890262,0,0
6518,20,278,0,0,0.00914793,0,0
6519,20,279,0,0,0.01780251,0,0
6520,20,280,0,0,0.03364773,0,0
6521,20,281,0,0,0.01543055,0,0
6522,20,282,0,0,0.03370034,0,0
6523,20,283,0,0,0.02273572,0,0
6524,20,284,0,0,0.01899298,0,0
6525,20,285,0,0,0.04638930,1,32
6526,20,286,0,0,0.02471322,0,0
6527,20,287,0,0,0.03194555,0,0
6528,20,288,0,0,0.02203567,0,0
6529,20,289,0,0,0.01745395,0,0
6530,20,290,0,0,0.02654260,0,0
6531,20,291,0,0,0.01194784,0,0
6532,20,292,0,0,0.04118957,1,31
6533,20,293,0,0,0.01393341,0,0
6534,20,294,0,0,0.04299534,1,30
6535,20,295,0,0,0.01320428,0,0
6536,20,296,0,0,0.02595925,0,0
6537,20,297,0,0,0.04466970,1,32
6538,20,298,0,0,0.04902792,1,32
6539,20,299,0,0,0.01979355,0,0
6540,20,300,0,0,0.02868162,0,0
6541,20,301,0,0,0.02655335,0,0
6542,20,302,0,0,0.02713018,0,0
6543,20,303,0,0,0.01097205,0,0
6544,20,304,0,0,0.01078562,0,0
6545,20,305,0,0,0.01551525,0,0
6546,20,306,0,0,0.01294266,0,0
6547,20,307,0,0,0.01056754,0,0
6548,20,308,0,0,0.05180833,1,32
6549,20,309,0,0,0.03184849,0,0
6550,20,310,0,0,0.06647260,1,32
6551,20,311,0,0,0.02635365,0,0
6552,21,0,1,0,0.01145787,0,0
6553,21,1,0,0,0.01571045,0,0
6554,21,2,0,0,0.01637416,0,0
6555,21,3,0,0,0.00393846,0,0
6556,21,4,0,0,0.02620081,0,0
6557,21,5,0,0,0.05276958,1,32
6558,21,6,0,0,0.01527772,0,0
6559,21,7,0,0,0.02018679,0,0
6560,21,8,0,0,0.02089549,0,0
6561,21,9,0,0,0.02587596,0,0
6562,21,10,0,0,0.01345515,0,0
6563,21,11,0,0,0.04890301,1,32
6564,21,12,0,0,0.01562963,0,0
6565,21,13,0,0,0.02949543,0,0
6566,21,14,0,0,0.04189673,1,32
6567,21,15,0,0,0.01401406,0,0
6568,21,16,0,0,0.03411232,0,0
6569,21,17,0,0,0.02482750,0,0
6570,21,18,0,0,0.04497037,1,30
6571,21,19,0,0,0.02553419,0,0
6572,21,20,0,0,0.07810007,1,16
6573,21,21,0,0,0.01864894,0,0
6574,21,22,0,0,0.02818946,0,0
6575,21,23,0,0,0.03559112,0,0
6576,21,24,0,0,0.04435930,1,32
6577,21,25,0,0,0.02336532,0,0
6578,21,26,0,0,0.01703175,0,0
6579,21,27,0,0,0.03373668,0,0
6580,21,28,0,0,0.03194361,0,0
6581,21,29,0,0,0.01550545,0,0
6582,21,30,0,0,0.02772372,0,0
6583,21,31,0,0,0.02212669,0,0
6584,21,32,0,0,0.00845271,0,0
6585,21,33,0,0,0.01397382,0,0
6586,21,34,0,0,0.02305483,0,0
6587,21,35,0,0,0.02953675,0,0
6588,21,36,0,0,0.03006833,0,0
6589,21,37,0,0,0.02006323,0,0
6590,21,38,0,0,0.03684286,0,0
6591,21,39,0,0,0.01440180,0,0
6592,21,40,0,0,0.01946025,0,0
6593,21,41,0,0,0.03980938,0,0
6594,21,42,0,0,0.01287578,0,0
6595,21,43,0,0,0.03550088,0,0
6596,21,44,0,0,0.06409408,1,32
6597,21,45,0,0,0.02568240,0,0
6598,21,46,0,0,0.02930174,0,0
6599,21,47,0,0,0.00981412,0,0
6600,21,48,0,0,0.05529790,1,32
6601,21,49,0,0,0.03404959,0,0
6602,21,50,0,0,0.01279310,0,0
6603,21,51,0,0,0.04451865,1,32
6604,21,52,0,0,0.05906944,1,31
6605,21,53,0,0,0.05656496,1,31
6606,21,54,0,0,0.02606953,0,0
6607,21,55,0,0,0.01930729,0,0
6608,21,56,0,0,0.01630314,0,0
6609,21,57,0,0,0.03592630,0,0
6610,21,58,0,0,0.01235187,0,0
6611,21,59,0,0,0.01965941,0,0
6612,21,60,0,0,0.04318218,1,32
6613,21,61,0,0,0.02783725,0,0
6614,21,62,0,0,0.02962009,0,0
6615,21,63,0,0,0.06294472,1,32
6616,21,64,0,0,0.01257113,0,0
6617,21,65,0,0,0.03422832,0,0
6618,21,66,0,0,0.01803022,0,0
6619,21,67,0,0,0.03177951,0,0
6620,21,68,0,0,0.05370019,1,32
6621,21,69,0,0,0.03728642,0,0
6622,21,70,0,0,0.04082121,1,32
6623,21,71,0,0,0.03997611,0,0
6624,21,72,0,0,0.03156325,0,0
6625,21,73,0,0,0.03865591,0,0
6626,21,74,0,0,0.02544583,0,0
6627,21,75,0,0,0.01567582,0,0
6628,21,76,0,0,0.02647398,0,0
6629,21,77,0,0,0.01554183,0,0
6630,21,78,0,0,0.01350874,0,0
6631,21,79,0,0,0.03579585,0,0
6632,21,80,0,0,0.03113049,0,0
6633,21,81,0,0,0.00548834,0,0
6634,21,82,0,0,0.03135515,0,0
6635,21,83,0,0,0.00954878,0,0
6636,21,84,0,0,0.02786120,0,0
6637,21,85,0,0,0.01804819,0,0
6638,21,86,0,0,0.03498445,0,0
6639,21,87,0,0,0.01844592,0,0
6640,21,88,0,0,0.05013278,1,32
6641,21,89,0,0,0.05530462,1,32
6642,21,90,0,0,0.03886413,0,0
6643,21,91,0,0,0.01854949,0,0
6644,21,92,0,0,0.01370922,0,0
6645,21,93,0,0,0.02515405,0,0
6646,21,94,0,0,0.01500949,0,0
6647,21,95,0,0,0.02062032,0,0
6648,21,96,0,0,0.02332023,0,0
6649,21,97,0,0,0.02283802,0,0
6650,21,98,0,0,0.02094335,0,0
6651,21,99,0,0,0.03785122,0,0
6652,21,100,0,0,0.00567162,0,0
6653,21,101,0,0,0.03833904,0,0
6654,21,102,0,0,0.01709419,0,0
6655,21,103,0,0,0.02590530,0,0
6656,21,104,0,0,0.03965887,0,0
6657,21,105,0,0,0.01350450,0,0
6658,21,106,0,0,0.02799487,0,0
6659,21,107,0,0,0.04240680,1,32
6660,21,108,0,0,0.00666212,0,0
6661,21,109,0,0,0.01137216,0,0
6662,21,110,0,0,0.02100008,0,0
6663,21,111,0,0,0.02385928,0,0
6664,21,112,0,0,0.02702133,0,0
6665,21,113,0,0,0.02489736,0,0
6666,21,114,0,0,0.05387552,1,32
6667,21,115,0,0,0.04203061,1,32
6668,21,116,0,0,0.01590608,0,0
6669,21,117,0,0,0.01436428,0,0
6670,21,118,0,0,0.01502928,0,0
6671,21,119,0,0,0.08772984,1,32
6672,21,120,0,0,0.01152621,0,0
6673,21,121,0,0,0.02372699,0,0
6674,21,122,0,0,0.02283120,0,0
6675,21,123,0,0,0.03154542,0,0
6676,21,124,0,0,0.04121036,1,32
6677,21,125,0,0,0.00820217,0,0
6678,21,126,0,0,0.03361620,0,0
6679,21,127,0,0,0.01479588,0,0
6680,21,128,0,0,0.04918693,1,32
6681,21,129,0,0,0.01367323,0,0
6682,21,130,0,0,0.03422348,0,0
6683,21,131,0,0,0.03226493,0,0
6684,21,132,0,0,0.02838523,0,0
6685,21,133,0,0,0.04762434,1,32
6686,21,134,0,0,0.04301530,1,32
6687,21,135,0,0,0.01399984,0,0
6688,21,136,0,0,0.01662447,0,0
6689,21,137,0,0,0.00947089,0,0
6690,21,138,0,0,0.01255703,0,0
6691,21,139,0,0,0.02053112,0,0
6692,21,140,0,0,0.04085481,1,32
6693,21,141,0,0,0.02289934,0,0
6694,21,142,0,0,0.02230259,0,0
6695,21,143,0,0,0.02109921,0,0
6696,21,144,0,0,0.01569016,0,0
6697,21,145,0,0,0.03456335,0,0
6698,21,146,0,0,0.01089382,0,0
6699,21,147,0,0,0.04798644,1,32
6700,21,148,0,0,0.03360854,0,0
6701,21,149,0,0,0.05140264,1,32
6702,21,150,0,0,0.02364730,0,0
6703,21,151,0,0,0.01784695,0,0
6704,21,152,0,0,0.07937817,1,32
6705,21,153,0,0,0.03631822,0,0
6706,21,154,0,0,0.01352683,0,0
6707,21,155,0,0,0.01925469,0,0
6708,21,156,0,0,0.04082223,1,32
6709,21,157,0,0,0.01488335,0,0
6710,21,158,0,0,0.01585145,0,0
6711,21,159,0,0,0.03192205,0,0
6712,21,160,0,0,0.00931374,0,0
6713,21,161,0,0,0.02954100,0,0
6714,21,162,0,0,0.02016601,0,0
6715,21,163,0,0,0.02829577,0,0
6716,21,164,0,0,0.01724639,0,0
6717,21,165,0,0,0.03174516,0,0
6718,21,166,0,0,0.03159384,0,0
6719,21,167,0,0,0.01527116,0,0
6720,21,168,0,0,0.02380826,0,0
6721,21,169,0,0,0.03015756,0,0
6722,21,170,0,0,0.01459111,0,0
6723,21,171,0,0,0.01568119,0,0
6724,21,172,0,0,0.02331957,0,0
6725,21,173,0,0,0.01284690,0,0
6726,21,174,0,0,0.01444559,0,0
6727,21,175,0,0,0.01678962,0,0
6728,21,176,0,0,0.02462851,0,0
6729,21,177,0,0,0.04562274,1,32
6730,21,178,0,0,0.00783034,0,0
6731,21,179,0,0,0.01313838,0,0
6732,21,180,0,0,0.03452109,0,0
6733,21,181,0,0,0.01998154,0,0
6734,21,182,0,0,0.03489315,0,0
6735,21,183,0,0,0.01649434,0,0
6736,21,184,0,0,0.02231721,0,0
6737,21,185,0,0,0.03995006,0,0
6738,21,186,0,0,0.02799967,0,0
6739,21,187,0,0,0.01737326,0,0
6740,21,188,0,0,0.03091750,0,0
6741,21,189,0,0,0.01471371,0,0
6742,21,190,0,0,0.04066506,1,32
6743,21,191,0,0,0.02440359,0,0
6744,21,192,0,0,0.01312256,0,0
6745,21,193,0,0,0.02860425,0,0
6746,21,194,0,0,0.04476369,1,32
6747,21,195,0,0,0.01605361,0,0
6748,21,196,0,0,0.04496228,1,32
6749,21,197,0,0,0.05320691,1,32
6750,21,198,0,0,0.01548586,0,0
6751,21,199,0,0,0.02236879,0,0
6752,21,200,0,0,0.02186359,0,0
6753,21,201,0,0,0.04436736,1,32
6754,21,202,0,0,0.01373450,0,0
6755,21,203,0,0,0.01653279,0,0
6756,21,204,0,0,0.02443814,0,0
6757,21,205,0,0,0.02011657,0,0
6758,21,206,0,0,0.01776865,0,0
6759,21,207,0,0,0.04995194,1,32
6760,21,208,0,0,0.03392710,0,0
6761,21,209,0,0,0.03903455,0,0
6762,21,210,0,0,0.05513351,1,32
6763,21,211,0,0,0.05800970,1,32
6764,21,212,0,0,0.03301313,0,0
6765,21,213,0,0,0.01932385,0,0
6766,21,214,0,0,0.03035784,0,0
6767,21,215,0,0,0.04653610,1,32
6768,21,216,0,0,0.03452175,0,0
6769,21,217,0,0,0.04824542,1,32
6770,21,218,0,0,0.03747436,0,0
6771,21,219,0,0,0.05041314,1,32
6772,21,220,0,0,0.02712779,0,0
6773,21,221,0,0,0.04102945,1,32
6774,21,222,0,0,0.03663127,0,0
6775,21,223,0,0,0.04616756,1,32
6776,21,224,0,0,0.06097207,1,32
6777,21,225,0,0,0.01654299,0,0
6778,21,226,0,0,0.00863557,0,0
6779,21,227,0,0,0.03134973,0,0
6780,21,228,0,0,0.02932239,0,0
6781,21,229,0,0,0.01722837,0,0
6782,21,230,0,0,0.10430573,1,32
6783,21,231,0,0,0.01862010,0,0
6784,21,232,0,0,0.02332166,0,0
6785,21,233,0,0,0.08259694,1,31
6786,21,234,0,0,0.03332820,0,0
6787,21,235,0,0,0.02430660,0,0
6788,21,236,0,0,0.02733012,0,0
6789,21,237,0,0,0.02513754,0,0
6790,21,238,0,0,0.03742997,0,0
6791,21,239,0,0,0.02378653,0,0
6792,21,240,0,0,0.00781539,0,0
6793,21,241,0,0,0.02350557,0,0
6794,21,242,0,0,0.02955396,0,0
6795,21,243,0,0,0.02289784,0,0
6796,21,244,0,0,0.03420569,0,0
6797,21,245,0,0,0.01637467,0,0
6798,21,246,0,0,0.02065775,0,0
6799,21,247,0,0,0.03991682,0,0
6800,21,248,0,0,0.03325415,0,0
6801,21,249,0,0,0.04793332,1,32
6802,21,250,0,0,0.02253675,0,0
6803,21,251,0,0,0.01528851,0,0
6804,21,252,0,0,0.03207443,0,0
6805,21,253,0,0,0.02788129,0,0
6806,21,254,0,0,0.04229876,1,32
6807,21,255,0,0,0.03193641,0,0
6808,21,256,0,0,0.01204219,0,0
6809,21,257,0,0,0.06423664,1,32
6810,21,258,0,0,0.01750407,0,0
6811,21,259,0,0,0.01922068,0,0
6812,21,260,0,0,0.04091807,1,32
6813,21,261,0,0,0.04872708,1,32
6814,21,262,0,0,0.03332425,0,0
6815,21,263,0,0,0.01901049,0,0
6816,21,264,0,0,0.04745801,1,32
6817,21,265,0,0,0.01207434,0,0
6818,21,266,0,0,0.02539577,0,0
6819,21,267,0,0,0.03361964,0,0
6820,21,268,0,0,0.01064454,0,0
6821,21,269,0,0,0.03927351,0,0
6822,21,270,0,0,0.02464923,0,0
6823,21,271,0,0,0.01628007,0,0
6824,21,272,0,0,0.03549234,0,0
6825,21,273,0,0,0.04133701,1,32
6826,21,274,0,0,0.01898365,0,0
6827,21,275,0,0,0.02676293,0,0
6828,21,276,0,0,0.05994367,1,32
6829,21,277,0,0,0.01615813,0,0
6830,21,278,0,0,0.01891233,0,0
6831,21,279,0,0,0.01464528,0,0
6832,21,280,0,0,0.03183115,0,0
6833,21,281,0,0,0.05127782,1,32
6834,21,282,0,0,0.02318351,0,0
6835,21,283,0,0,0.03756852,0,0
6836,21,284,0,0,0.02209013,0,0
6837,21,285,0,0,0.01842037,0,0
6838,21,286,0,0,0.04254756,1,32
6839,21,287,0,0,0.03956847,0,0
6840,21,288,0,0,0.03391913,0,0
6841,21,289,0,0,0.02623091,0,0
6842,21,290,0,0,0.02007388,0,0
6843,21,291,0,0,0.02445128,0,0
6844,21,292,0,0,0.00884373,0,0
6845,21,293,0,0,0.06511833,1,32
6846,21,294,0,0,0.01331358,0,0
6847,21,295,0,0,0.03192339,0,0
6848,21,296,0,0,0.01834489,0,0
6849,21,297,0,0,0.01169583,0,0
6850,21,298,0,0,0.03932480,0,0
6851,21,299,0,0,0.05275900,1,32
6852,21,300,0,0,0.01713796,0,0
6853,21,301,0,0,0.02940681,0,0
6854,21,302,0,0,0.02103951,0,0
6855,21,303,0,0,0.02785082,0,0
6856,21,304,0,0,0.01755181,0,0
6857,21,305,0,0,0.01155155,0,0
6858,21,306,0,0,0.01374973,0,0
6859,21,307,0,0,0.01172125,0,0
6860,21,308,0,0,0.00321702,0,0
6861,21,309,0,0,0.03883632,0,0
6862,21,310,0,0,0.03744565,0,0
6863,21,311,0,0,0.06106019,1,32
6864,22,0,1,0,0.02270372,0,0
6865,22,1,0,0,0.00984814,0,0
6866,22,2,0,0,0.01866216,0,0
6867,22,3,0,0,0.01401538,0,0
6868,22,4,0,0,0.00642187,0,0
6869,22,5,0,0,0.03473731,0,0
6870,22,6,0,0,0.03010748,0,0
6871,22,7,0,0,0.02551939,0,0
6872,22,8,0,0,0.02325702,0,0
6873,22,9,0,0,0.02573204,0,0
6874,22,10,0,0,0.03480146,0,0
6875,22,11,0,0,0.02411615,0,0
6876,22,12,0,0,0.02819506,0,0
6877,22,13,0,0,0.01430579,0,0
6878,22,14,0,0,0.02970100,0,0
6879,22,15,0,0,0.04305775,1,32
6880,22,16,0,0,0.01360507,0,0
6881,22,17,0,0,0.02578935,0,0
6882,22,18,0,0,0.02411691,0,0
6883,22,19,0,0,0.03032791,0,0
6884,22,20,0,0,0.02587919,0,0
6885,22,21,0,0,0.09071083,1,16
6886,22,22,0,0,0.01828134,0,0
6887,22,23,0,0,0.01166073,0,0
6888,22,24,0,0,0.03298640,0,0
6889,22,25,0,0,0.04641481,1,32
6890,22,26,0,0,0.02429899,0,0
6891,22,27,0,0,0.01467693,0,0
6892,22,28,0,0,0.01188724,0,0
6893,22,29,0,0,0.02175087,0,0
6894,22,30,0,0,0.01490970,0,0
6895,22,31,0,0,0.02270498,0,0
6896,22,32,0,0,0.01026805,0,0
6897,22,33,0,0,0.00805381,0,0
6898,22,34,0,0,0.01848388,0,0
6899,22,35,0,0,0.02823157,0,0
6900,22,36,0,0,0.02228569,0,0
6901,22,37,0,0,0.02133519,0,0
6902,22,38,0,0,0.02186871,0,0
6903,22,39,0,0,0.02920920,0,0
6904,22,40,0,0,0.01101433,0,0
6905,22,41,0,0,0.02322668,0,0
6906,22,42,0,0,0.04022678,1,32
6907,22,43,0,0,0.01496056,0,0
6908,22,44,0,0,0.03586383,0,0
6909,22,45,0,0,0.04659887,1,32
6910,22,46,0,0,0.01540051,0,0
6911,22,47,0,0,0.02349812,0,0
6912,22,48,0,0,0.01956719,0,0
6913,22,49,0,0,0.04652923,1,32
6914,22,50,0,0,0.01998402,0,0
6915,22,51,0,0,0.01254274,0,0
6916,22,52,0,0,0.03464203,0,0
6917,22,53,0,0,0.07678728,1,31
6918,22,54,0,0,0.03693833,0,0
6919,22,55,0,0,0.02417377,0,0
6920,22,56,0,0,0.01300257,0,0
6921,22,57,0,0,0.01513950,0,0
6922,22,58,0,0,0.03498260,0,0
6923,22,59,0,0,0.00874130,0,0
6924,22,60,0,0,0.02324625,0,0
6925,22,61,0,0,0.02998760,0,0
6926,22,62,0,0,0.03179809,0,0
6927,22,63,0,0,0.02917855,0,0
6928,22,64,0,0,0.06223392,1,32
6929,22,65,0,0,0.01839693,0,0
6930,22,66,0,0,0.05033356,1,31
6931,22,67,0,0,0.01670973,0,0
6932,22,68,0,0,0.02951280,0,0
6933,22,69,0,0,0.03429880,0,0
6934,22,70,0,0,0.02448516,0,0
6935,22,71,0,0,0.04106044,1,32
6936,22,72,0,0,0.04076572,1,30
6937,22,73,0,0,0.02701162,0,0
6938,22,74,0,0,0.05356287,1,31
6939,22,75,0,0,0.01877844,0,0
6940,22,76,0,0,0.01308700,0,0
6941,22,77,0,0,0.02797474,0,0
6942,22,78,0,0,0.01618943,0,0
6943,22,79,0,0,0.00905048,0,0
6944,22,80,0,0,0.02760480,0,0
6945,22,81,0,0,0.01897291,0,0
6946,22,82,0,0,0.01757111,0,0
6947,22,83,0,0,0.03133205,0,0
6948,22,84,0,0,0.03442085,0,0
6949,22,85,0,0,0.03378086,0,0
6950,22,86,0,0,0.01564088,0,0
6951,22,87,0,0,0.04222130,1,32
6952,22,88,0,0,0.01666981,0,0
6953,22,89,0,0,0.02543228,0,0
6954,22,90,0,0,0.05182098,1,32
6955,22,91,0,0,0.05147753,1,32
6956,22,92,0,0,0.01745293,0,0
6957,22,93,0,0,0.02364381,0,0
6958,22,94,0,0,0.03565115,0,0
6959,22,95,0,0,0.02277691,0,0
6960,22,96,0,0,0.01583936,0,0
6961,22,97,0,0,0.02305822,0,0
6962,22,98,0,0,0.02217182,0,0
6963,22,99,0,0,0.01933874,0,0
6964,22,100,0,0,0.00798508,0,0
6965,22,101,0,0,0.00967641,0,0
6966,22,102,0,0,0.01574147,0,0
6967,22,103,0,0,0.01856036,0,0
6968,22,104,0,0,0.04680418,1,31
6969,22,105,0,0,0.05844010,1,31
6970,22,106,0,0,0.00994802,0,0
6971,22,107,0,0,0.01645796,0,0
6972,22,108,0,0,0.05867967,1,32
6973,22,109,0,0,0.00913208,0,0
6974,22,110,0,0,0.01948629,0,0
6975,22,111,0,0,0.04553059,1,32
6976,22,112,0,0,0.02252394,0,0
6977,22,113,0,0,0.02527917,0,0
6978,22,114,0,0,0.00807696,0,0
6979,22,115,0,0,0.04661139,1,32
6980,22,116,0,0,0.03367987,0,0
6981,22,117,0,0,0.01050179,0,0
6982,22,118,0,0,0.00623337,0,0
6983,22,119,0,0,0.01558505,0,0
6984,22,120,0,0,0.05676470,1,31
6985,22,121,0,0,0.00282301,0,0
6986,22,122,0,0,0.02482479,0,0
6987,22,123,0,0,0.02041340,0,0
6988,22,124,0,0,0.02971955,0,0
6989,22,125,0,0,0.04665620,1,31
6990,22,126,0,0,0.00996105,0,0
6991,22,127,0,0,0.03471342,0,0
6992,22,128,0,0,0.00843664,0,0
6993,22,129,0,0,0.03643782,0,0
6994,22,130,0,0,0.01334513,0,0
6995,22,131,0,0,0.02206335,0,0
6996,22,132,0,0,0.02317687,0,0
6997,22,133,0,0,0.01676353,0,0
6998,22,134,0,0,0.02750580,0,0
6999,22,135,0,0,0.03361223,0,0
7000,22,136,0,0,0.01215430,0,0
7001,22,137,0,0,0.01728887,0,0
7002,22,138,0,0,0.01458365,0,0
7003,22,139,0,0,0.01652373,0,0
7004,22,140,0,0,0.02194500,0,0
7005,22,141,0,0,0.04857120,1,32
7006,22,142,0,0,0.01691282,0,0
7007,22,143,0,0,0.03834043,0,0
7008,22,144,0,0,0.02206641,0,0
7009,22,145,0,0,0.03188873,0,0
7010,22,146,0,0,0.04205770,1,31
7011,22,147,0,0,0.01203991,0,0
7012,22,148,0,0,0.04931508,1,32
7013,22,149,0,0,0.02175975,0,0
7014,22,150,0,0,0.05622904,1,32
7015,22,151,0,0,0.01068543,0,0
7016,22,152,0,0,0.01369831,0,0
7017,22,153,0,0,0.05915122,1,30
7018,22,154,0,0,0.04258010,1,32
7019,22,155,0,0,0.01483661,0,0
7020,22,156,0,0,0.01985156,0,0
7021,22,157,0,0,0.01603274,0,0
7022,22,158,0,0,0.01274870,0,0
7023,22,159,0,0,0.01517434,0,0
7024,22,160,0,0,0.02809583,0,0
7025,22,161,0,0,0.00443439,0,0
7026,22,162,0,0,0.02251920,0,0
7027,22,163,0,0,0.02445693,0,0
7028,22,164,0,0,0.02572486,0,0
7029,22,165,0,0,0.01261804,0,0
7030,22,166,0,0,0.03437131,0,0
7031,22,167,0,0,0.02685928,0,0
7032,22,168,0,0,0.01307698,0,0
7033,22,169,0,0,0.02451705,0,0
7034,22,170,0,0,0.03533235,0,0
7035,22,171,0,0,0.02343105,0,0
7036,22,172,0,0,0.03839064,0,0
7037,22,173,0,0,0.02535215,0,0
7038,22,174,0,0,0.02309098,0,0
7039,22,175,0,0,0.01040158,0,0
7040,22,176,0,0,0.01636713,0,0
7041,22,177,0,0,0.01059765,0,0
7042,22,178,0,0,0.01769841,0,0
7043,22,179,0,0,0.01179144,0,0
7044,22,180,0,0,0.01469664,0,0
7045,22,181,0,0,0.02897792,0,0
7046,22,182,0,0,0.02326016,0,0
7047,22,183,0,0,0.02165787,0,0
7048,22,184,0,0,0.01704685,0,0
7049,22,185,0,0,0.03854685,0,0
7050,22,186,0,0,0.02087897,0,0
7051,22,187,0,0,0.04042283,1,32
7052,22,188,0,0,0.00666603,0,0
7053,22,189,0,0,0.03111801,0,0
7054,22,190,0,0,0.01463269,0,0
7055,22,191,0,0,0.01779541,0,0
7056,22,192,0,0,0.04046890,1,31
7057,22,193,0,0,0.00830582,0,0
7058,22,194,0,0,0.03030811,0,0
7059,22,195,0,0,0.01843447,0,0
7060,22,196,0,0,0.01515918,0,0
7061,22,197,0,0,0.03416217,0,0
7062,22,198,0,0,0.06176826,1,29
7063,22,199,0,0,0.01802153,0,0
7064,22,200,0,0,0.04584398,1,32
7065,22,201,0,0,0.01969341,0,0
7066,22,202,0,0,0.02918341,0,0
7067,22,203,0,0,0.01729522,0,0
7068,22,204,0,0,0.01320203,0,0
7069,22,205,0,0,0.03090261,0,0
7070,22,206,0,0,0.02132747,0,0
7071,22,207,0,0,0.02575276,0,0
7072,22,208,0,0,0.04158317,1,30
7073,22,209,0,0,0.02634773,0,0
7074,22,210,0,0,0.02633160,0,0
7075,22,211,0,0,0.02289059,0,0
7076,22,212,0,0,0.05041470,1,31
7077,22,213,0,0,0.01366863,0,0
7078,22,214,0,0,0.01104670,0,0
7079,22,215,0,0,0.02455784,0,0
7080,22,216,0,0,0.04923225,1,32
7081,22,217,0,0,0.01579569,0,0
7082,22,218,0,0,0.03676133,0,0
7083,22,219,0,0,0.02653607,0,0
7084,22,220,0,0,0.05386372,1,31
7085,22,221,0,0,0.02314400,0,0
7086,22,222,0,0,0.05544036,1,32
7087,22,223,0,0,0.03811692,0,0
7088,22,224,0,0,0.03801023,0,0
7089,22,225,0,0,0.06259514,1,32
7090,22,226,0,0,0.00658667,0,0
7091,22,227,0,0,0.01952677,0,0
7092,22,228,0,0,0.01322912,0,0
7093,22,229,0,0,0.04969969,1,32
7094,22,230,0,0,0.01190495,0,0
7095,22,231,0,0,0.07496967,1,32
7096,22,232,0,0,0.02705528,0,0
7097,22,233,0,0,0.01078360,0,0
7098,22,234,0,0,0.04838358,1,32
7099,22,235,0,0,0.02632153,0,0
7100,22,236,0,0,0.01237986,0,0
7101,22,237,0,0,0.02649761,0,0
7102,22,238,0,0,0.02341943,0,0
7103,22,239,0,0,0.02431520,0,0
7104,22,240,0,0,0.01377056,0,0
7105,22,241,0,0,0.01715112,0,0
7106,22,242,0,0,0.02128684,0,0
7107,22,243,0,0,0.02246761,0,0
7108,22,244,0,0,0.02347977,0,0
7109,22,245,0,0,0.05790243,1,32
7110,22,246,0,0,0.01310002,0,0
7111,22,247,0,0,0.01667403,0,0
7112,22,248,0,0,0.02519088,0,0
7113,22,249,0,0,0.04601033,1,32
7114,22,250,0,0,0.04003351,1,31
7115,22,251,0,0,0.01850617,0,0
7116,22,252,0,0,0.01691857,0,0
7117,22,253,0,0,0.01449220,0,0
7118,22,254,0,0,0.03064456,0,0
7119,22,255,0,0,0.03657314,0,0
7120,22,256,0,0,0.01406191,0,0
7121,22,257,0,0,0.01662408,0,0
7122,22,258,0,0,0.03688116,0,0
7123,22,259,0,0,0.01059589,0,0
7124,22,260,0,0,0.02193506,0,0
7125,22,261,0,0,0.03190282,0,0
7126,22,262,0,0,0.03394301,0,0
7127,22,263,0,0,0.03212804,0,0
7128,22,264,0,0,0.02069366,0,0
7129,22,265,0,0,0.02555628,0,0
7130,22,266,0,0,0.02852784,0,0
7131,22,267,0,0,0.01633836,0,0
7132,22,268,0,0,0.02212939,0,0
7133,22,269,0,0,0.01068591,0,0
7134,22,270,0,0,0.02891072,0,0
7135,22,271,0,0,0.02538483,0,0
7136,22,272,0,0,0.01774846,0,0
7137,22,273,0,0,0.03221679,0,0
7138,22,274,0,0,0.02663058,0,0
7139,22,275,0,0,0.02393088,0,0
7140,22,276,0,0,0.03635755,0,0
7141,22,277,0,0,0.03239393,0,0
7142,22,278,0,0,0.01918080,0,0
7143,22,279,0,0,0.02851740,0,0
7144,22,280,0,0,0.01113375,0,0
7145,22,281,0,0,0.02688170,0,0
7146,22,282,0,0,0.02720602,0,0
7147,22,283,0,0,0.01057506,0,0
7148,22,284,0,0,0.02422994,0,0
7149,22,285,0,0,0.01462824,0,0
7150,22,286,0,0,0.01603433,0,0
7151,22,287,0,0,0.03916738,0,0
7152,22,288,0,0,0.03041581,0,0
7153,22,289,0,0,0.01745905,0,0
7154,22,290,0,0,0.01655368,0,0
7155,22,291,0,0,0.01274885,0,0
7156,22,292,0,0,0.02379652,0,0
7157,22,293,0,0,0.01108234,0,0
7158,22,294,0,0,0.07433043,1,32
7159,22,295,0,0,0.01692036,0,0
7160,22,296,0,0,0.04006142,1,32
7161,22,297,0,0,0.02601181,0,0
7162,22,298,0,0,0.01083088,0,0
7163,22,299,0,0,0.05093966,1,32
7164,22,300,0,0,0.02494020,0,0
7165,22,301,0,0,0.01896167,0,0
7166,22,302,0,0,0.01919320,0,0
7167,22,303,0,0,0.02799261,0,0
7168,22,304,0,0,0.02760055,0,0
7169,22,305,0,0,0.01034978,0,0
7170,22,306,0,0,0.01244159,0,0
7171,22,307,0,0,0.01844139,0,0
7172,22,308,0,0,0.02084280,0,0
7173,22,309,0,0,0.00772709,0,0
7174,22,310,0,0,0.02962514,0,0
7175,22,311,0,0,0.02758034,0,0
7176,23,0,1,0,0.04488035,1,32
7177,23,1,0,0,0.02981419,0,0
7178,23,2,0,0,0.01343427,0,0
7179,23,3,0,0,0.01475098,0,0
7180,23,4,0,0,0.02574337,0,0
7181,23,5,0,0,0.00944742,0,0
7182,23,6,0,0,0.03419546,0,0
7183,23,7,0,0,0.05105194,1,32
7184,23,8,0,0,0.02091215,0,0
7185,23,9,0,0,0.01898644,0,0
7186,23,10,0,0,0.04481603,1,32
7187,23,11,0,0,0.03726893,0,0
7188,23,12,0,0,0.03887960,0,0
7189,23,13,0,0,0.01659475,0,0
7190,23,14,0,0,0.01656786,0,0
7191,23,15,0,0,0.03061016,0,0
7192,23,16,0,0,0.03264466,0,0
7193,23,17,0,0,0.00795458,0,0
7194,23,18,0,0,0.00981329,0,0
7195,23,19,0,0,0.02166142,0,0
7196,23,20,0,0,0.01927172,0,0
7197,23,21,0,0,0.01745917,0,0
7198,23,22,0,0,0.09796891,1,16
7199,23,23,0,0,0.02104168,0,0
7200,23,24,0,0,0.02163906,0,0
7201,23,25,0,0,0.04180160,1,32
7202,23,26,0,0,0.02159628,0,0
7203,23,27,0,0,0.01966383,0,0
7204,23,28,0,0,0.02452659,0,0
7205,23,29,0,0,0.02661473,0,0
7206,23,30,0,0,0.01625670,0,0
7207,23,31,0,0,0.02217168,0,0
7208,23,32,0,0,0.01923003,0,0
7209,23,33,0,0,0.02219969,0,0
7210,23,34,0,0,0.00374701,0,0
7211,23,35,0,0,0.00809515,0,0
7212,23,36,0,0,0.02715768,0,0
7213,23,37,0,0,0.02922162,0,0
7214,23,38,0,0,0.02334767,0,0
7215,23,39,0,0,0.02213585,0,0
7216,23,40,0,0,0.02591442,0,0
7217,23,41,0,0,0.01379654,0,0
7218,23,42,0,0,0.02430330,0,0
7219,23,43,0,0,0.03052735,0,0
7220,23,44,0,0,0.02006917,0,0
7221,23,45,0,0,0.03831958,0,0
7222,23,46,0,0,0.06241789,1,31
7223,23,47,0,0,0.01655577,0,0
7224,23,48,0,0,0.03142982,0,0
7225,23,49,0,0,0.02137141,0,0
7226,23,50,0,0,0.04969511,1,32
7227,23,51,0,0,0.03892893,0,0
7228,23,52,0,0,0.01517482,0,0
7229,23,53,0,0,0.03951716,0,0
7230,23,54,0,0,0.03457061,0,0
7231,23,55,0,0,0.05346878,1,32
7232,23,56,0,0,0.02525077,0,0
7233,23,57,0,0,0.01300931,0,0
7234,23,58,0,0,0.02909375,0,0
7235,23,59,0,0,0.04581696,1,32
7236,23,60,0,0,0.01863594,0,0
7237,23,61,0,0,0.01997516,0,0
7238,23,62,0,0,0.04491810,1,31
7239,23,63,0,0,0.03250240,0,0
7240,23,64,0,0,0.02099981,0,0
7241,23,65,0,0,0.06086616,1,32
7242,23,66,0,0,0.02193000,0,0
7243,23,67,0,0,0.05487919,1,32
7244,23,68,0,0,0.01344088,0,0
7245,23,69,0,0,0.02048647,0,0
7246,23,70,0,0,0.03600194,0,0
7247,23,71,0,0,0.02262646,0,0
7248,23,72,0,0,0.06174709,1,32
7249,23,73,0,0,0.04308920,1,30
7250,23,74,0,0,0.02726923,0,0
7251,23,75,0,0,0.06237228,1,32
7252,23,76,0,0,0.02265158,0,0
7253,23,77,0,0,0.00637846,0,0
7254,23,78,0,0,0.03427364,0,0
7255,23,79,0,0,0.01518127,0,0
7256,23,80,0,0,0.00991544,0,0
7257,23,81,0,0,0.02907111,0,0
7258,23,82,0,0,0.03358523,0,0
7259,23,83,0,0,0.00627042,0,0
7260,23,84,0,0,0.03081596,0,0
7261,23,85,0,0,0.03949502,0,0
7262,23,86,0,0,0.04613827,1,32
7263,23,87,0,0,0.01658163,0,0
7264,23,88,0,0,0.03803967,0,0
7265,23,89,0,0,0.01931471,0,0
7266,23,90,0,0,0.03888326,0,0
7267,23,91,0,0,0.05231947,1,32
7268,23,92,0,0,0.05999259,1,32
7269,23,93,0,0,0.01958770,0,0
7270,23,94,0,0,0.01275981,0,0
7271,23,95,0,0,0.03505287,0,0
7272,23,96,0,0,0.01196014,0,0
7273,23,97,0,0,0.02549739,0,0
7274,23,98,0,0,0.02195982,0,0
7275,23,99,0,0,0.02196347,0,0
7276,23,100,0,0,0.02338217,0,0
7277,23,101,0,0,0.03241550,0,0
7278,23,102,0,0,0.01150358,0,0
7279,23,103,0,0,0.03856124,0,0
7280,23,104,0,0,0.02876848,0,0
7281,23,105,0,0,0.04648983,1,32
7282,23,106,0,0,0.04503611,1,32
7283,23,107,0,0,0.01137454,0,0
7284,23,108,0,0,0.02206435,0,0
7285,23,109,0,0,0.04630850,1,32
7286,23,110,0,0,0.00625987,0,0
7287,23,111,0,0,0.02088913,0,0
7288,23,112,0,0,0.02920444,0,0
7289,23,113,0,0,0.01726126,0,0
7290,23,114,0,0,0.02563409,0,0
7291,23,115,0,0,0.02029260,0,0
7292,23,116,0,0,0.05681092,1,31
7293,23,117,0,0,0.04087813,1,32
7294,23,118,0,0,0.02058574,0,0
7295,23,119,0,0,0.01611068,0,0
7296,23,120,0,0,0.02010519,0,0
7297,23,121,0,0,0.08036892,1,32
7298,23,122,0,0,0.00857293,0,0
7299,23,123,0,0,0.02963690,0,0
7300,23,124,0,0,0.02590314,0,0
7301,23,125,0,0,0.03239797,0,0
7302,23,126,0,0,0.03403260,0,0
7303,23,127,0,0,0.00483879,0,0
7304,23,128,0,0,0.02123094,0,0
7305,23,129,0,0,0.00843517,0,0
7306,23,130,0,0,0.05030274,1,32
7307,23,131,0,0,0.01615137,0,0
7308,23,132,0,0,0.05876000,1,30
7309,23,133,0,0,0.02752857,0,0
7310,23,134,0,0,0.02762355,0,0
7311,23,135,0,0,0.05797620,1,32
7312,23,136,0,0,0.03391908,0,0
7313,23,137,0,0,0.01233321,0,0
7314,23,138,0,0,0.02326898,0,0
7315,23,139,0,0,0.01981552,0,0
7316,23,140,0,0,0.01966467,0,0
7317,23,141,0,0,0.02256560,0,0
7318,23,142,0,0,0.02750060,0,0
7319,23,143,0,0,0.01325870,0,0
7320,23,144,0,0,0.04197054,1,32
7321,23,145,0,0,0.01802819,0,0
7322,23,146,0,0,0.02502910,0,0
7323,23,147,0,0,0.03139751,0,0
7324,23,148,0,0,0.01152802,0,0
7325,23,149,0,0,0.03914711,0,0
7326,23,150,0,0,0.01626731,0,0
7327,23,151,0,0,0.03895123,0,0
7328,23,152,0,0,0.02290684,0,0
7329,23,153,0,0,0.02111606,0,0
7330,23,154,0,0,0.09033811,1,32
7331,23,155,0,0,0.03774682,0,0
7332,23,156,0,0,0.01067229,0,0
7333,23,157,0,0,0.00952235,0,0
7334,23,158,0,0,0.01984234,0,0
7335,23,159,0,0,0.01562973,0,0
7336,23,160,0,0,0.02467868,0,0
7337,23,161,0,0,0.03416555,0,0
7338,23,162,0,0,0.00882073,0,0
7339,23,163,0,0,0.02856913,0,0
7340,23,164,0,0,0.01932615,0,0
7341,23,165,0,0,0.01423035,0,0
7342,23,166,0,0,0.01511793,0,0
7343,23,167,0,0,0.03833143,0,0
7344,23,168,0,0,0.04327078,1,32
7345,23,169,0,0,0.01285180,0,0
7346,23,170,0,0,0.02237543,0,0
7347,23,171,0,0,0.02920526,0,0
7348,23,172,0,0,0.02450628,0,0
7349,23,173,0,0,0.02543939,0,0
7350,23,174,0,0,0.02830599,0,0
7351,23,175,0,0,0.01486461,0,0
7352,23,176,0,0,0.02166943,0,0
7353,23,177,0,0,0.00739887,0,0
7354,23,178,0,0,0.02924734,0,0
7355,23,179,0,0,0.04768593,1,32
7356,23,180,0,0,0.02055926,0,0
7357,23,181,0,0,0.01743247,0,0
7358,23,182,0,0,0.02615729,0,0
7359,23,183,0,0,0.01978239,0,0
7360,23,184,0,0,0.01887784,0,0
7361,23,185,0,0,0.01054799,0,0
7362,23,186,0,0,0.02989347,0,0
7363,23,187,0,0,0.03294730,0,0
7364,23,188,0,0,0.02506001,0,0
7365,23,189,0,0,0.01867529,0,0
7366,23,190,0,0,0.02639405,0,0
7367,23,191,0,0,0.01930141,0,0
7368,23,192,0,0,0.02551793,0,0
7369,23,193,0,0,0.04145332,1,31
7370,23,194,0,0,0.01245158,0,0
7371,23,195,0,0,0.02567634,0,0
7372,23,196,0,0,0.04016276,1,32
7373,23,197,0,0,0.01810526,0,0
7374,23,198,0,0,0.05454564,1,32
7375,23,199,0,0,0.06834373,1,31
7376,23,200,0,0,0.01439070,0,0
7377,23,201,0,0,0.02812600,0,0
7378,23,202,0,0,0.01703668,0,0
7379,23,203,0,0,0.03668478,0,0
7380,23,204,0,0,0.02158055,0,0
7381,23,205,0,0,0.02003495,0,0
7382,23,206,0,0,0.01108661,0,0
7383,23,207,0,0,0.02539035,0,0
7384,23,208,0,0,0.02209889,0,0
7385,23,209,0,0,0.06671090,1,32
7386,23,210,0,0,0.02541200,0,0
7387,23,211,0,0,0.03340258,0,0
7388,23,212,0,0,0.02519449,0,0
7389,23,213,0,0,0.05841663,1,32
7390,23,214,0,0,0.04237360,1,31
7391,23,215,0,0,0.01566085,0,0
7392,23,216,0,0,0.02195898,0,0
7393,23,217,0,0,0.04657653,1,32
7394,23,218,0,0,0.02924707,0,0
7395,23,219,0,0,0.05671941,1,32
7396,23,220,0,0,0.03652428,0,0
7397,23,221,0,0,0.06151761,1,32
7398,23,222,0,0,0.03019254,0,0
7399,23,223,0,0,0.04197742,1,32
7400,23,224,0,0,0.04178023,1,32
7401,23,225,0,0,0.04639840,1,31
7402,23,226,0,0,0.05553958,1,31
7403,23,227,0,0,0.01405036,0,0
7404,23,228,0,0,0.01723574,0,0
7405,23,229,0,0,0.02649837,0,0
7406,23,230,0,0,0.04381320,1,31
7407,23,231,0,0,0.01637598,0,0
7408,23,232,0,0,0.09173355,1,32
7409,23,233,0,0,0.02358712,0,0
7410,23,234,0,0,0.02056804,0,0
7411,23,235,0,0,0.06224748,1,32
7412,23,236,0,0,0.03532426,0,0
7413,23,237,0,0,0.01403178,0,0
7414,23,238,0,0,0.02749771,0,0
7415,23,239,0,0,0.02169761,0,0
7416,23,240,0,0,0.02960294,0,0
7417,23,241,0,0,0.01686797,0,0
7418,23,242,0,0,0.01690301,0,0
7419,23,243,0,0,0.02552112,0,0
7420,23,244,0,0,0.02481927,0,0
7421,23,245,0,0,0.02324989,0,0
7422,23,246,0,0,0.04944252,1,32
7423,23,247,0,0,0.01042274,0,0
7424,23,248,0,0,0.00937116,0,0
7425,23,249,0,0,0.04042955,1,32
7426,23,250,0,0,0.05871009,1,32
7427,23,251,0,0,0.04035783,1,32
7428,23,252,0,0,0.02404321,0,0
7429,23,253,0,0,0.02270973,0,0
7430,23,254,0,0,0.02441785,0,0
7431,23,255,0,0,0.02739491,0,0
7432,23,256,0,0,0.03065765,0,0
7433,23,257,0,0,0.03169047,0,0
7434,23,258,0,0,0.01124877,0,0
7435,23,259,0,0,0.03805073,0,0
7436,23,260,0,0,0.01196289,0,0
7437,23,261,0,0,0.01778626,0,0
7438,23,262,0,0,0.02738893,0,0
7439,23,263,0,0,0.04741594,1,32
7440,23,264,0,0,0.02660128,0,0
7441,23,265,0,0,0.02262778,0,0
7442,23,266,0,0,0.02810864,0,0
7443,23,267,0,0,0.02722295,0,0
7444,23,268,0,0,0.02133784,0,0
7445,23,269,0,0,0.02738210,0,0
7446,23,270,0,0,0.00997622,0,0
7447,23,271,0,0,0.03610015,0,0
7448,23,272,0,0,0.02000506,0,0
7449,23,273,0,0,0.01859137,0,0
7450,23,274,0,0,0.03534070,0,0
7451,23,275,0,0,0.02391202,0,0
7452,23,276,0,0,0.01448292,0,0
7453,23,277,0,0,0.03212313,0,0
7454,23,278,0,0,0.04409587,1,32
7455,23,279,0,0,0.01172317,0,0
7456,23,280,0,0,0.01694106,0,0
7457,23,281,0,0,0.01382301,0,0
7458,23,282,0,0,0.02059871,0,0
7459,23,283,0,0,0.04511983,1,32
7460,23,284,0,0,0.01844693,0,0
7461,23,285,0,0,0.03629380,0,0
7462,23,286,0,0,0.02158856,0,0
7463,23,287,0,0,0.01754589,0,0
7464,23,288,0,0,0.03873020,0,0
7465,23,289,0,0,0.03327834,0,0
7466,23,290,0,0,0.02635863,0,0
7467,23,291,0,0,0.03275074,0,0
7468,23,292,0,0,0.01760973,0,0
7469,23,293,0,0,0.02177723,0,0
7470,23,294,0,0,0.01067662,0,0
7471,23,295,0,0,0.04894888,1,32
7472,23,296,0,0,0.01262894,0,0
7473,23,297,0,0,0.02833797,0,0
7474,23,298,0,0,0.01783523,0,0
7475,23,299,0,0,0.01938597,0,0
7476,23,300,0,0,0.03596335,0,0
7477,23,301,0,0,0.04942479,1,32
7478,23,302,0,0,0.02688787,0,0
7479,23,303,0,0,0.02213867,0,0
7480,23,304,0,0,0.04166198,1,32
7481,23,305,0,0,0.01254807,0,0
7482,23,306,0,0,0.01229654,0,0
7483,23,307,0,0,0.01056325,0,0
7484,23,308,0,0,0.00911782,0,0
7485,23,309,0,0,0.01533284,0,0
7486,23,310,0,0,0.00621827,0,0
7487,23,311,0,0,0.04677975,1,32
7488,24,0,1,0,0.03235432,0,0
7489,24,1,0,0,0.06205665,1,31
7490,24,2,0,0,0.02642887,0,0
7491,24,3,0,0,0.01585972,0,0
7492,24,4,0,0,0.01720568,0,0
7493,24,5,0,0,0.02647870,0,0
7494,24,6,0,0,0.00875361,0,0
7495,24,7,0,0,0.04211157,1,32
7496,24,8,0,0,0.02141860,0,0
7497,24,9,0,0,0.02024998,0,0
7498,24,10,0,0,0.02803103,0,0
7499,24,11,0,0,0.02291269,0,0
7500,24,12,0,0,0.02813256,0,0
7501,24,13,0,0,0.03934642,0,0
7502,24,14,0,0,0.02075781,0,0
7503,24,15,0,0,0.01839520,0,0
7504,24,16,0,0,0.02495782,0,0
7505,24,17,0,0,0.03482166,0,0
7506,24,18,0,0,0.00762068,0,0
7507,24,19,0,0,0.02120403,0,0
7508,24,20,0,0,0.03309266,0,0
7509,24,21,0,0,0.04630443,1,32
7510,24,22,0,0,0.02561164,0,0
7511,24,23,0,0,0.11463023,1,16
7512,24,24,0,0,0.01593869,0,0
7513,24,25,0,0,0.01991368,0,0
7514,24,26,0,0,0.03929297,0,0
7515,24,27,0,0,0.04007335,1,32
7516,24,28,0,0,0.02309336,0,0
7517,24,29,0,0,0.02523930,0,0
7518,24,30,0,0,0.02477035,0,0
7519,24,31,0,0,0.02417044,0,0
7520,24,32,0,0,0.02409164,0,0
7521,24,33,0,0,0.02758702,0,0
7522,24,34,0,0,0.02357483,0,0
7523,24,35,0,0,0.00521684,0,0
7524,24,36,0,0,0.01835128,0,0
7525,24,37,0,0,0.04303821,1,32
7526,24,38,0,0,0.02615112,0,0
7527,24,39,0,0,0.02991580,0,0
7528,24,40,0,0,0.02140808,0,0
7529,24,41,0,0,0.03563993,0,0
7530,24,42,0,0,0.01369073,0,0
7531,24,43,0,0,0.02468793,0,0
7532,24,44,0,0,0.04803027,1,32
7533,24,45,0,0,0.02053350,0,0
7534,24,46,0,0,0.04023162,1,32
7535,24,47,0,0,0.05074330,1,32
7536,24,48,0,0,0.01456448,0,0
7537,24,49,0,0,0.03446431,0,0
7538,24,50,0,0,0.01696637,0,0
7539,24,51,0,0,0.05417335,1,32
7540,24,52,0,0,0.03256315,0,0
7541,24,53,0,0,0.01484676,0,0
7542,24,54,0,0,0.05013272,1,32
7543,24,55,0,0,0.06193037,1,32
7544,24,56,0,0,0.06526417,1,32
7545,24,57,0,0,0.02461149,0,0
7546,24,58,0,0,0.02210693,0,0
7547,24,59,0,0,0.02056698,0,0
7548,24,60,0,0,0.02994648,0,0
7549,24,61,0,0,0.02438046,0,0
7550,24,62,0,0,0.02218772,0,0
7551,24,63,0,0,0.04218960,1,32
7552,24,64,0,0,0.03530102,0,0
7553,24,65,0,0,0.02545911,0,0
7554,24,66,0,0,0.04236031,1,32
7555,24,67,0,0,0.01818432,0,0
7556,24,68,0,0,0.05380017,1,32
7557,24,69,0,0,0.01890937,0,0
7558,24,70,0,0,0.02116202,0,0
7559,24,71,0,0,0.05311842,1,32
7560,24,72,0,0,0.03237872,0,0
7561,24,73,0,0,0.06872677,1,32
7562,24,74,0,0,0.04174581,1,32
7563,24,75,0,0,0.03465685,0,0
7564,24,76,0,0,0.06682454,1,32
7565,24,77,0,0,0.02938802,0,0
7566,24,78,0,0,0.01924198,0,0
7567,24,79,0,0,0.02624945,0,0
7568,24,80,0,0,0.01413520,0,0
7569,24,81,0,0,0.01344011,0,0
7570,24,82,0,0,0.03135372,0,0
7571,24,83,0,0,0.03224149,0,0
7572,24,84,0,0,0.00346693,0,0
7573,24,85,0,0,0.03379131,0,0
7574,24,86,0,0,0.02982324,0,0
7575,24,87,0,0,0.02705303,0,0
7576,24,88,0,0,0.01862396,0,0
7577,24,89,0,0,0.06591773,1,32
7578,24,90,0,0,0.02052822,0,0
7579,24,91,0,0,0.04998958,1,32
7580,24,92,0,0,0.05673965,1,32
7581,24,93,0,0,0.05359394,1,32
7582,24,94,0,0,0.02355819,0,0
7583,24,95,0,0,0.00995456,0,0
7584,24,96,0,0,0.03309824,0,0
7585,24,97,0,0,0.01502845,0,0
7586,24,98,0,0,0.02862903,0,0
7587,24,99,0,0,0.02551166,0,0
7588,24,100,0,0,0.02772573,0,0
7589,24,101,0,0,0.02066187,0,0
7590,24,102,0,0,0.04547780,1,32
7591,24,103,0,0,0.00946297,0,0
7592,24,104,0,0,0.04017952,1,32
7593,24,105,0,0,0.02323582,0,0
7594,24,106,0,0,0.04777535,1,32
7595,24,107,0,0,0.04511173,1,32
7596,24,108,0,0,0.00969919,0,0
7597,24,109,0,0,0.02687752,0,0
7598,24,110,0,0,0.06173383,1,32
7599,24,111,0,0,0.00815485,0,0
7600,24,112,0,0,0.01913111,0,0
7601,24,113,0,0,0.02045503,0,0
7602,24,114,0,0,0.02459377,0,0
7603,24,115,0,0,0.01773024,0,0
7604,24,116,0,0,0.04774507,1,31
7605,24,117,0,0,0.05593778,1,32
7606,24,118,0,0,0.04742599,1,32
7607,24,119,0,0,0.01969744,0,0
7608,24,120,0,0,0.01199633,0,0
7609,24,121,0,0,0.01857132,0,0
7610,24,122,0,0,0.09416781,1,32
7611,24,123,0,0,0.01457414,0,0
7612,24,124,0,0,0.02302306,0,0
7613,24,125,0,0,0.01901361,0,0
7614,24,126,0,0,0.03086711,0,0
7615,24,127,0,0,0.05365070,1,32
7616,24,128,0,0,0.00568815,0,0
7617,24,129,0,0,0.04447503,1,32
7618,24,130,0,0,0.01009185,0,0
7619,24,131,0,0,0.04913968,1,32
7620,24,132,0,0,0.01320133,0,0
7621,24,133,0,0,0.06068524,1,32
7622,24,134,0,0,0.03301941,0,0
7623,24,135,0,0,0.02725337,0,0
7624,24,136,0,0,0.03312390,0,0
7625,24,137,0,0,0.04757984,1,32
7626,24,138,0,0,0.01503287,0,0
7627,24,139,0,0,0.01744345,0,0
7628,24,140,0,0,0.01019336,0,0
7629,24,141,0,0,0.01382428,0,0
7630,24,142,0,0,0.01887717,0,0
7631,24,143,0,0,0.04588377,1,32
7632,24,144,0,0,0.02125540,0,0
7633,24,145,0,0,0.03935931,0,0
7634,24,146,0,0,0.02120585,0,0
7635,24,147,0,0,0.02391156,0,0
7636,24,148,0,0,0.03664360,0,0
7637,24,149,0,0,0.00802272,0,0
7638,24,150,0,0,0.04591366,1,32
7639,24,151,0,0,0.02433419,0,0
7640,24,152,0,0,0.06382142,1,32
7641,24,153,0,0,0.02174791,0,0
7642,24,154,0,0,0.01605742,0,0
7643,24,155,0,0,0.07430612,1,32
7644,24,156,0,0,0.03886008,0,0
7645,24,157,0,0,0.01337808,0,0
7646,24,158,0,0,0.01346966,0,0
7647,24,159,0,0,0.03565949,0,0
7648,24,160,0,0,0.01861823,0,0
7649,24,161,0,0,0.01803523,0,0
7650,24,162,0,0,0.03805190,0,0
7651,24,163,0,0,0.00329552,0,0
7652,24,164,0,0,0.03026363,0,0
7653,24,165,0,0,0.02680959,0,0
7654,24,166,0,0,0.02206392,0,0
7655,24,167,0,0,0.01531527,0,0
7656,24,168,0,0,0.04110095,1,32
7657,24,169,0,0,0.04360292,1,32
7658,24,170,0,0,0.01367466,0,0
7659,24,171,0,0,0.02694123,0,0
7660,24,172,0,0,0.02439196,0,0
7661,24,173,0,0,0.02362161,0,0
7662,24,174,0,0,0.03081932,0,0
7663,24,175,0,0,0.02590407,0,0
7664,24,176,0,0,0.01091689,0,0
7665,24,177,0,0,0.01713990,0,0
7666,24,178,0,0,0.00971834,0,0
7667,24,179,0,0,0.01459070,0,0
7668,24,180,0,0,0.03335264,0,0
7669,24,181,0,0,0.01717272,0,0
7670,24,182,0,0,0.01702255,0,0
7671,24,183,0,0,0.05875822,1,32
7672,24,184,0,0,0.02252214,0,0
7673,24,185,0,0,0.02635675,0,0
7674,24,186,0,0,0.01201744,0,0
7675,24,187,0,0,0.02658677,0,0
7676,24,188,0,0,0.02761666,0,0
7677,24,189,0,0,0.05463877,1,32
7678,24,190,0,0,0.01088823,0,0
7679,24,191,0,0,0.02212573,0,0
7680,24,192,0,0,0.01383497,0,0
7681,24,193,0,0,0.04360081,1,32
7682,24,194,0,0,0.03864655,0,0
7683,24,195,0,0,0.01489199,0,0
7684,24,196,0,0,0.02855287,0,0
7685,24,197,0,0,0.04324760,1,32
7686,24,198,0,0,0.02380531,0,0
7687,24,199,0,0,0.06070606,1,32
7688,24,200,0,0,0.08062521,1,32
7689,24,201,0,0,0.01704737,0,0
7690,24,202,0,0,0.03532301,0,0
7691,24,203,0,0,0.02059509,0,0
7692,24,204,0,0,0.04382623,1,32
7693,24,205,0,0,0.02200072,0,0
7694,24,206,0,0,0.01791456,0,0
7695,24,207,0,0,0.02143783,0,0
7696,24,208,0,0,0.05234051,1,32
7697,24,209,0,0,0.02703927,0,0
7698,24,210,0,0,0.05059492,1,31
7699,24,211,0,0,0.03607021,0,0
7700,24,212,0,0,0.04188485,1,32
7701,24,213,0,0,0.02737322,0,0
7702,24,214,0,0,0.06812105,1,32
7703,24,215,0,0,0.02319274,0,0
7704,24,216,0,0,0.01649557,0,0
7705,24,217,0,0,0.03143546,0,0
7706,24,218,0,0,0.04914756,1,32
7707,24,219,0,0,0.02528308,0,0
7708,24,220,0,0,0.06065236,1,32
7709,24,221,0,0,0.03716023,0,0
7710,24,222,0,0,0.07485285,1,32
7711,24,223,0,0,0.03369254,0,0
7712,24,224,0,0,0.04368814,1,32
7713,24,225,0,0,0.03240683,0,0
7714,24,226,0,0,0.04460866,1,32
7715,24,227,0,0,0.06261091,1,32
7716,24,228,0,0,0.01653465,0,0
7717,24,229,0,0,0.02650255,0,0
7718,24,230,0,0,0.03066732,0,0
7719,24,231,0,0,0.02851747,0,0
7720,24,232,0,0,0.01642419,0,0
7721,24,233,0,0,0.10549722,1,32
7722,24,234,0,0,0.02363906,0,0
7723,24,235,0,0,0.02501595,0,0
7724,24,236,0,0,0.06588531,1,31
7725,24,237,0,0,0.03721164,0,0
7726,24,238,0,0,0.01547389,0,0
7727,24,239,0,0,0.04317898,1,32
7728,24,240,0,0,0.02114632,0,0
7729,24,241,0,0,0.02751981,0,0
7730,24,242,0,0,0.02265776,0,0
7731,24,243,0,0,0.02712751,0,0
7732,24,244,0,0,0.03116894,0,0
7733,24,245,0,0,0.02532245,0,0
7734,24,246,0,0,0.02393629,0,0
7735,24,247,0,0,0.05986366,1,32
7736,24,248,0,0,0.01870707,0,0
7737,24,249,0,0,0.01319390,0,0
7738,24,250,0,0,0.06156766,1,32
7739,24,251,0,0,0.05755501,1,32
7740,24,252,0,0,0.05229277,1,32
7741,24,253,0,0,0.02126650,0,0
7742,24,254,0,0,0.02396559,0,0
7743,24,255,0,0,0.02922311,0,0
7744,24,256,0,0,0.04387008,1,32
7745,24,257,0,0,0.04380351,1,32
7746,24,258,0,0,0.03609661,0,0
7747,24,259,0,0,0.01858851,0,0
7748,24,260,0,0,0.06649568,1,32
7749,24,261,0,0,0.01572900,0,0
7750,24,262,0,0,0.02009315,0,0
7751,24,263,0,0,0.03084720,0,0
7752,24,264,0,0,0.05496944,1,32
7753,24,265,0,0,0.03005644,0,0
7754,24,266,0,0,0.02071014,0,0
7755,24,267,0,0,0.06842732,1,32
7756,24,268,0,0,0.01094370,0,0
7757,24,269,0,0,0.02514857,0,0
7758,24,270,0,0,0.03597024,0,0
7759,24,271,0,0,0.01575799,0,0
7760,24,272,0,0,0.04530602,1,32
7761,24,273,0,0,0.02403673,0,0
7762,24,274,0,0,0.01843056,0,0
7763,24,275,0,0,0.02801454,0,0
7764,24,276,0,0,0.03260375,0,0
7765,24,277,0,0,0.03291170,0,0
7766,24,278,0,0,0.02770005,0,0
7767,24,279,0,0,0.05002249,1,32
7768,24,280,0,0,0.01859299,0,0
7769,24,281,0,0,0.02054863,0,0
7770,24,282,0,0,0.01545222,0,0
7771,24,283,0,0,0.02713935,0,0
7772,24,284,0,0,0.04942707,1,32
7773,24,285,0,0,0.01393692,0,0
7774,24,286,0,0,0.03378550,0,0
7775,24,287,0,0,0.02476690,0,0
7776,24,288,0,0,0.02371792,0,0
7777,24,289,0,0,0.03535534,0,0
7778,24,290,0,0,0.04663943,1,32
7779,24,291,0,0,0.03605058,0,0
7780,24,292,0,0,0.01636409,0,0
7781,24,293,0,0,0.01910499,0,0
7782,24,294,0,0,0.02583714,0,0
7783,24,295,0,0,0.01066407,0,0
7784,24,296,0,0,0.07062493,1,32
7785,24,297,0,0,0.01250499,0,0
7786,24,298,0,0,0.04442237,1,32
7787,24,299,0,0,0.02174697,0,0
7788,24,300,0,0,0.01804100,0,0
7789,24,301,0,0,0.03454883,0,0
7790,24,302,0,0,0.05251298,1,32
7791,24,303,0,0,0.02629150,0,0
7792,24,304,0,0,0.02711580,0,0
7793,24,305,0,0,0.05402751,1,32
7794,24,306,0,0,0.03205124,0,0
7795,24,307,0,0,0.01961433,0,0
7796,24,308,0,0,0.01113120,0,0
7797,24,309,0,0,0.01678108,0,0
7798,24,310,0,0,0.01400250,0,0
7799,24,311,0,0,0.00739399,0,0
7800,25,0,1,0,0.03534832,0,0
7801,25,1,0,0,0.03667554,0,0
7802,25,2,0,0,0.06211023,1,32
7803,25,3,0,0,0.02618588,0,0
7804,25,4,0,0,0.03170039,0,0
7805,25,5,0,0,0.02268690,0,0
7806,25,6,0,0,0.01705892,0,0
7807,25,7,0,0,0.00647940,0,0
7808,25,8,0,0,0.03460760,0,0
7809,25,9,0,0,0.02947197,0,0
7810,25,10,0,0,0.01823410,0,0
7811,25,11,0,0,0.02274218,0,0
7812,25,12,0,0,0.03177087,0,0
7813,25,13,0,0,0.03824513,0,0
7814,25,14,0,0,0.04025336,1,32
7815,25,15,0,0,0.03347330,0,0
7816,25,16,0,0,0.01830167,0,0
7817,25,17,0,0,0.02969193,0,0
7818,25,18,0,0,0.05126769,1,32
7819,25,19,0,0,0.01175154,0,0
7820,25,20,0,0,0.01847746,0,0
7821,25,21,0,0,0.03545693,0,0
7822,25,22,0,0,0.05646231,1,32
7823,25,23,0,0,0.03396783,0,0
7824,25,24,0,0,0.11990797,1,16
7825,25,25,0,0,0.02622442,0,0
7826,25,26,0,0,0.02075573,0,0
7827,25,27,0,0,0.04238966,1,32
7828,25,28,0,0,0.04628382,1,32
7829,25,29,0,0,0.02331334,0,0
7830,25,30,0,0,0.02308810,0,0
7831,25,31,0,0,0.02859190,0,0
7832,25,32,0,0,0.02176943,0,0
7833,25,33,0,0,0.01684245,0,0
7834,25,34,0,0,0.02724618,0,0
7835,25,35,0,0,0.02286949,0,0
7836,25,36,0,0,0.00769583,0,0
7837,25,37,0,0,0.01904503,0,0
7838,25,38,0,0,0.04558543,1,32
7839,25,39,0,0,0.02611351,0,0
7840,25,40,0,0,0.02638773,0,0
7841,25,41,0,0,0.02337760,0,0
7842,25,42,0,0,0.03549973,0,0
7843,25,43,0,0,0.01525276,0,0
7844,25,44,0,0,0.02311235,0,0
7845,25,45,0,0,0.05981509,1,32
7846,25,46,0,0,0.02418553,0,0
7847,25,47,0,0,0.04856575,1,32
7848,25,48,0,0,0.07251629,1,32
7849,25,49,0,0,0.01597096,0,0
7850,25,50,0,0,0.03038854,0,0
7851,25,51,0,0,0.02064054,0,0
7852,25,52,0,0,0.05584388,1,32
7853,25,53,0,0,0.03328573,0,0
7854,25,54,0,0,0.01659831,0,0
7855,25,55,0,0,0.05074583,1,32
7856,25,56,0,0,0.07439140,1,32
7857,25,57,0,0,0.06306125,1,31
7858,25,58,0,0,0.02569092,0,0
7859,25,59,0,0,0.01359714,0,0
7860,25,60,0,0,0.02658596,0,0
7861,25,61,0,0,0.03506931,0,0
7862,25,62,0,0,0.02124666,0,0
7863,25,63,0,0,0.02234498,0,0
7864,25,64,0,0,0.03918350,0,0
7865,25,65,0,0,0.03488377,0,0
7866,25,66,0,0,0.02468769,0,0
7867,25,67,0,0,0.06438494,1,32
7868,25,68,0,0,0.01868406,0,0
7869,25,69,0,0,0.02780246,0,0
7870,25,70,0,0,0.01892909,0,0
7871,25,71,0,0,0.02713247,0,0
7872,25,72,0,0,0.05389384,1,32
7873,25,73,0,0,0.03424534,0,0
7874,25,74,0,0,0.06684074,1,32
7875,25,75,0,0,0.04308378,1,32
7876,25,76,0,0,0.03466345,0,0
7877,25,77,0,0,0.06974787,1,32
7878,25,78,0,0,0.02657421,0,0
7879,25,79,0,0,0.01866574,0,0
7880,25,80,0,0,0.02133423,0,0
7881,25,81,0,0,0.01754155,0,0
7882,25,82,0,0,0.01053519,0,0
7883,25,83,0,0,0.03892699,0,0
7884,25,84,0,0,0.03096309,0,0
7885,25,85,0,0,0.00304831,0,0
7886,25,86,0,0,0.03526071,0,0
7887,25,87,0,0,0.01810801,0,0
7888,25,88,0,0,0.02232711,0,0
7889,25,89,0,0,0.02008287,0,0
7890,25,90,0,0,0.06391075,1,32
7891,25,91,0,0,0.02519756,0,0
7892,25,92,0,0,0.05884767,1,32
7893,25,93,0,0,0.05788632,1,32
7894,25,94,0,0,0.05705099,1,32
7895,25,95,0,0,0.02605230,0,0
7896,25,96,0,0,0.01095628,0,0
7897,25,97,0,0,0.04060752,1,32
7898,25,98,0,0,0.01321455,0,0
7899,25,99,0,0,0.02781241,0,0
7900,25,100,0,0,0.02575571,0,0
7901,25,101,0,0,0.02586940,0,0
7902,25,102,0,0,0.02568273,0,0
7903,25,103,0,0,0.04549260,1,32
7904,25,104,0,0,0.01384570,0,0
7905,25,105,0,0,0.04049608,1,32
7906,25,106,0,0,0.02338317,0,0
7907,25,107,0,0,0.05838238,1,31
7908,25,108,0,0,0.04635995,1,32
7909,25,109,0,0,0.01426698,0,0
7910,25,110,0,0,0.02507302,0,0
7911,25,111,0,0,0.06090304,1,32
7912,25,112,0,0,0.00498078,0,0
7913,25,113,0,0,0.02416785,0,0
7914,25,114,0,0,0.02609786,0,0
7915,25,115,0,0,0.02391777,0,0
7916,25,116,0,0,0.02312760,0,0
7917,25,117,0,0,0.01936622,0,0
7918,25,118,0,0,0.05901568,1,32
7919,25,119,0,0,0.04571505,1,32
7920,25,120,0,0,0.01946887,0,0
7921,25,121,0,0,0.01123032,0,0
7922,25,122,0,0,0.01796595,0,0
7923,25,123,0,0,0.09365894,1,32
7924,25,124,0,0,0.01125861,0,0
7925,25,125,0,0,0.02553346,0,0
7926,25,126,0,0,0.02112859,0,0
7927,25,127,0,0,0.02961636,0,0
7928,25,128,0,0,0.05399914,1,32
7929,25,129,0,0,0.00573633,0,0
7930,25,130,0,0,0.04279000,1,32
7931,25,131,0,0,0.01236722,0,0
7932,25,132,0,0,0.04897963,1,32
7933,25,133,0,0,0.01519230,0,0
7934,25,134,0,0,0.05686780,1,31
7935,25,135,0,0,0.02945422,0,0
7936,25,136,0,0,0.02707072,0,0
7937,25,137,0,0,0.03664300,0,0
7938,25,138,0,0,0.05020791,1,32
7939,25,139,0,0,0.01617700,0,0
7940,25,140,0,0,0.01904397,0,0
7941,25,141,0,0,0.02234991,0,0
7942,25,142,0,0,0.01732603,0,0
7943,25,143,0,0,0.02005913,0,0
7944,25,144,0,0,0.04619095,1,31
7945,25,145,0,0,0.02021036,0,0
7946,25,146,0,0,0.03374296,0,0
7947,25,147,0,0,0.02400089,0,0
7948,25,148,0,0,0.01766882,0,0
7949,25,149,0,0,0.03377001,0,0
7950,25,150,0,0,0.01275904,0,0
7951,25,151,0,0,0.04334004,1,32
7952,25,152,0,0,0.02429941,0,0
7953,25,153,0,0,0.06345312,1,32
7954,25,154,0,0,0.02318602,0,0
7955,25,155,0,0,0.01538395,0,0
7956,25,156,0,0,0.10129902,1,32
7957,25,157,0,0,0.04456773,1,32
7958,25,158,0,0,0.01278030,0,0
7959,25,159,0,0,0.01067737,0,0
7960,25,160,0,0,0.01486056,0,0
7961,25,161,0,0,0.01649312,0,0
7962,25,162,0,0,0.01838559,0,0
7963,25,163,0,0,0.03092201,0,0
7964,25,164,0,0,0.00522017,0,0
7965,25,165,0,0,0.02693164,0,0
7966,25,166,0,0,0.02725195,0,0
7967,25,167,0,0,0.01816854,0,0
7968,25,168,0,0,0.01437817,0,0
7969,25,169,0,0,0.04228647,1,32
7970,25,170,0,0,0.04288444,1,32
7971,25,171,0,0,0.01187396,0,0
7972,25,172,0,0,0.02606411,0,0
7973,25,173,0,0,0.02590821,0,0
7974,25,174,0,0,0.02342128,0,0
7975,25,175,0,0,0.02325512,0,0
7976,25,176,0,0,0.02387730,0,0
7977,25,177,0,0,0.01000173,0,0
7978,25,178,0,0,0.01735562,0,0
7979,25,179,0,0,0.01402412,0,0
7980,25,180,0,0,0.01266037,0,0
7981,25,181,0,0,0.04809587,1,32
7982,25,182,0,0,0.01165278,0,0
7983,25,183,0,0,0.01635194,0,0
7984,25,184,0,0,0.05769002,1,32
7985,25,185,0,0,0.02208984,0,0
7986,25,186,0,0,0.03898655,0,0
7987,25,187,0,0,0.01256109,0,0
7988,25,188,0,0,0.02776784,0,0
7989,25,189,0,0,0.02811189,0,0
7990,25,190,0,0,0.02906351,0,0
7991,25,191,0,0,0.02000735,0,0
7992,25,192,0,0,0.02860367,0,0
7993,25,193,0,0,0.01820145,0,0
7994,25,194,0,0,0.04159455,1,32
7995,25,195,0,0,0.03520709,0,0
7996,25,196,0,0,0.01490287,0,0
7997,25,197,0,0,0.03197156,0,0
7998,25,198,0,0,0.03988983,0,0
7999,25,199,0,0,0.02581834,0,0
8000,25,200,0,0,0.06223562,1,32
8001,25,201,0,0,0.08241595,1,32
8002,25,202,0,0,0.01698903,0,0
8003,25,203,0,0,0.02728097,0,0
8004,25,204,0,0,0.02316298,0,0
8005,25,205,0,0,0.04365323,1,32
8006,25,206,0,0,0.02812728,0,0
8007,25,207,0,0,0.01668746,0,0
8008,25,208,0,0,0.02252451,0,0
8009,25,209,0,0,0.05674359,1,32
8010,25,210,0,0,0.02776107,0,0
8011,25,211,0,0,0.04733076,1,32
8012,25,212,0,0,0.03479619,0,0
8013,25,213,0,0,0.03932560,0,0
8014,25,214,0,0,0.02952043,0,0
8015,25,215,0,0,0.06349690,1,32
8016,25,216,0,0,0.03794303,0,0
8017,25,217,0,0,0.01787418,0,0
8018,25,218,0,0,0.02869394,0,0
8019,25,219,0,0,0.04713640,1,32
8020,25,220,0,0,0.02772985,0,0
8021,25,221,0,0,0.05840326,1,32
8022,25,222,0,0,0.03913385,0,0
8023,25,223,0,0,0.07512297,1,32
8024,25,224,0,0,0.03154304,0,0
8025,25,225,0,0,0.05375029,1,32
8026,25,226,0,0,0.04451319,1,32
8027,25,227,0,0,0.04777460,1,32
8028,25,228,0,0,0.06164475,1,32
8029,25,229,0,0,0.01642855,0,0
8030,25,230,0,0,0.02635879,0,0
8031,25,231,0,0,0.02948766,0,0
8032,25,232,0,0,0.05408257,1,32
8033,25,233,0,0,0.01576504,0,0
8034,25,234,0,0,0.11240477,1,32
8035,25,235,0,0,0.02416700,0,0
8036,25,236,0,0,0.02533307,0,0
8037,25,237,0,0,0.07498234,1,32
8038,25,238,0,0,0.04109427,1,32
8039,25,239,0,0,0.01927263,0,0
8040,25,240,0,0,0.04998252,1,32
8041,25,241,0,0,0.02095975,0,0
8042,25,242,0,0,0.02735639,0,0
8043,25,243,0,0,0.01888305,0,0
8044,25,244,0,0,0.02604729,0,0
8045,25,245,0,0,0.03632598,0,0
8046,25,246,0,0,0.02705385,0,0
8047,25,247,0,0,0.01578794,0,0
8048,25,248,0,0,0.06179863,1,32
8049,25,249,0,0,0.01441842,0,0
8050,25,250,0,0,0.01738634,0,0
8051,25,251,0,0,0.05525467,1,32
8052,25,252,0,0,0.05713636,1,32
8053,25,253,0,0,0.07100273,1,32
8054,25,254,0,0,0.02309733,0,0
8055,25,255,0,0,0.02487678,0,0
8056,25,256,0,0,0.02575758,0,0
8057,25,257,0,0,0.04054799,1,32
8058,25,258,0,0,0.04563572,1,32
8059,25,259,0,0,0.03474648,0,0
8060,25,260,0,0,0.01917503,0,0
8061,25,261,0,0,0.06612724,1,32
8062,25,262,0,0,0.01733021,0,0
8063,25,263,0,0,0.02031666,0,0
8064,25,264,0,0,0.05227571,1,32
8065,25,265,0,0,0.05564676,1,32
8066,25,266,0,0,0.03680734,0,0
8067,25,267,0,0,0.02786646,0,0
8068,25,268,0,0,0.06883454,1,32
8069,25,269,0,0,0.01131392,0,0
8070,25,270,0,0,0.03031187,0,0
8071,25,271,0,0,0.02935598,0,0
8072,25,272,0,0,0.01477954,0,0
8073,25,273,0,0,0.04773590,1,32
8074,25,274,0,0,0.02470217,0,0
8075,25,275,0,0,0.01695450,0,0
8076,25,276,0,0,0.03554236,0,0
8077,25,277,0,0,0.03209476,0,0
8078,25,278,0,0,0.02176707,0,0
8079,25,279,0,0,0.02829610,0,0
8080,25,280,0,0,0.05009440,1,32
8081,25,281,0,0,0.01735325,0,0
8082,25,282,0,0,0.02496092,0,0
8083,25,283,0,0,0.01831634,0,0
8084,25,284,0,0,0.02519459,0,0
8085,25,285,0,0,0.05381516,1,32
8086,25,286,0,0,0.01558368,0,0
8087,25,287,0,0,0.03760876,0,0
8088,25,288,0,0,0.01236456,0,0
8089,25,289,0,0,0.02661002,0,0
8090,25,290,0,0,0.03947881,0,0
8091,25,291,0,0,0.03420758,0,0
8092,25,292,0,0,0.03568073,0,0
8093,25,293,0,0,0.01920199,0,0
8094,25,294,0,0,0.02089968,0,0
8095,25,295,0,0,0.02936932,0,0
8096,25,296,0,0,0.01102325,0,0
8097,25,297,0,0,0.06672335,1,32
8098,25,298,0,0,0.01361696,0,0
8099,25,299,0,0,0.05106742,1,32
8100,25,300,0,0,0.02221321,0,0
8101,25,301,0,0,0.01990053,0,0
8102,25,302,0,0,0.03680974,0,0
8103,25,303,0,0,0.05013954,1,32
8104,25,304,0,0,0.02971289,0,0
8105,25,305,0,0,0.02618577,0,0
8106,25,306,0,0,0.05625287,1,32
8107,25,307,0,0,0.02884890,0,0
8108,25,308,0,0,0.01739249,0,0
8109,25,309,0,0,0.01062506,0,0
8110,25,310,0,0,0.01736173,0,0
8111,25,311,0,0,0.01457935,0,0
8112,26,0,1,0,0.00915457,0,0
8113,26,1,0,0,0.05404118,1,32
8114,26,2,0,0,0.03696785,0,0
8115,26,3,0,0,0.06663786,1,32
8116,26,4,0,0,0.02523435,0,0
8117,26,5,0,0,0.02011091,0,0
8118,26,6,0,0,0.02318885,0,0
8119,26,7,0,0,0.01906406,0,0
8120,26,8,0,0,0.00671111,0,0
8121,26,9,0,0,0.03795021,0,0
8122,26,10,0,0,0.05605470,1,32
8123,26,11,0,0,0.01609029,0,0
8124,26,12,0,0,0.02382158,0,0
8125,26,13,0,0,0.02371686,0,0
8126,26,14,0,0,0.03616887,0,0
8127,26,15,0,0,0.04149331,1,32
8128,26,16,0,0,0.02855416,0,0
8129,26,17,0,0,0.01875123,0,0
8130,26,18,0,0,0.02842475,0,0
8131,26,19,0,0,0.05058945,1,32
8132,26,20,0,0,0.01665667,0,0
8133,26,21,0,0,0.01859024,0,0
8134,26,22,0,0,0.03541115,0,0
8135,26,23,0,0,0.05521159,1,32
8136,26,24,0,0,0.02650977,0,0
8137,26,25,0,0,0.11717550,1,16
8138,26,26,0,0,0.02052310,0,0
8139,26,27,0,0,0.02220460,0,0
8140,26,28,0,0,0.03790736,0,0
8141,26,29,0,0,0.04775811,1,32
8142,26,30,0,0,0.02173209,0,0
8143,26,31,0,0,0.02321328,0,0
8144,26,32,0,0,0.02500697,0,0
8145,26,33,0,0,0.02099686,0,0
8146,26,34,0,0,0.01929880,0,0
8147,26,35,0,0,0.02847063,0,0
8148,26,36,0,0,0.02139962,0,0
8149,26,37,0,0,0.00889581,0,0
8150,26,38,0,0,0.01228847,0,0
8151,26,39,0,0,0.03243254,0,0
8152,26,40,0,0,0.02931798,0,0
8153,26,41,0,0,0.03428774,0,0
8154,26,42,0,0,0.01813471,0,0
8155,26,43,0,0,0.03622456,0,0
8156,26,44,0,0,0.01452389,0,0
8157,26,45,0,0,0.02270858,0,0
8158,26,46,0,0,0.05970268,1,32
8159,26,47,0,0,0.01897663,0,0
8160,26,48,0,0,0.04721250,1,32
8161,26,49,0,0,0.04880411,1,32
8162,26,50,0,0,0.01955635,0,0
8163,26,51,0,0,0.03091726,0,0
8164,26,52,0,0,0.02009760,0,0
8165,26,53,0,0,0.05644226,1,32
8166,26,54,0,0,0.03341391,0,0
8167,26,55,0,0,0.02160410,0,0
8168,26,56,0,0,0.04696215,1,32
8169,26,57,0,0,0.07296624,1,32
8170,26,58,0,0,0.06918681,1,32
8171,26,59,0,0,0.03159920,0,0
8172,26,60,0,0,0.01436165,0,0
8173,26,61,0,0,0.01350667,0,0
8174,26,62,0,0,0.05341847,1,32
8175,26,63,0,0,0.02459705,0,0
8176,26,64,0,0,0.02349012,0,0
8177,26,65,0,0,0.04047965,1,32
8178,26,66,0,0,0.03477960,0,0
8179,26,67,0,0,0.02775357,0,0
8180,26,68,0,0,0.06390371,1,32
8181,26,69,0,0,0.01137815,0,0
8182,26,70,0,0,0.04420599,1,32
8183,26,71,0,0,0.02072391,0,0
8184,26,72,0,0,0.04104099,1,32
8185,26,73,0,0,0.05478605,1,32
8186,26,74,0,0,0.03098388,0,0
8187,26,75,0,0,0.07253289,1,32
8188,26,76,0,0,0.04180448,1,32
8189,26,77,0,0,0.03044899,0,0
8190,26,78,0,0,0.06874175,1,32
8191,26,79,0,0,0.02555856,0,0
8192,26,80,0,0,0.01874132,0,0
8193,26,81,0,0,0.02506763,0,0
8194,26,82,0,0,0.01509726,0,0
8195,26,83,0,0,0.01261713,0,0
8196,26,84,0,0,0.03769147,0,0
8197,26,85,0,0,0.03485521,0,0
8198,26,86,0,0,0.00338833,0,0
8199,26,87,0,0,0.03350250,0,0
8200,26,88,0,0,0.03893883,0,0
8201,26,89,0,0,0.02505681,0,0
8202,26,90,0,0,0.01837698,0,0
8203,26,91,0,0,0.06438842,1,32
8204,26,92,0,0,0.02704993,0,0
8205,26,93,0,0,0.05138332,1,32
8206,26,94,0,0,0.05713233,1,32
8207,26,95,0,0,0.05714608,1,32
8208,26,96,0,0,0.02527875,0,0
8209,26,97,0,0,0.01348715,0,0
8210,26,98,0,0,0.03647469,0,0
8211,26,99,0,0,0.01415566,0,0
8212,26,100,0,0,0.02375992,0,0
8213,26,101,0,0,0.02764203,0,0
8214,26,102,0,0,0.02380763,0,0
8215,26,103,0,0,0.02537789,0,0
8216,26,104,0,0,0.04218625,1,32
8217,26,105,0,0,0.00973630,0,0
8218,26,106,0,0,0.04002881,1,32
8219,26,107,0,0,0.02382636,0,0
8220,26,108,0,0,0.06110290,1,32
8221,26,109,0,0,0.04641096,1,32
8222,26,110,0,0,0.00938679,0,0
8223,26,111,0,0,0.02770896,0,0
8224,26,112,0,0,0.06142675,1,32
8225,26,113,0,0,0.00552019,0,0
8226,26,114,0,0,0.01984046,0,0
8227,26,115,0,0,0.02631966,0,0
8228,26,116,0,0,0.02400166,0,0
8229,26,117,0,0,0.01996369,0,0
8230,26,118,0,0,0.02240399,0,0
8231,26,119,0,0,0.06019658,1,32
8232,26,120,0,0,0.04765101,1,32
8233,26,121,0,0,0.02262948,0,0
8234,26,122,0,0,0.01721664,0,0
8235,26,123,0,0,0.01965605,0,0
8236,26,124,0,0,0.09729725,1,32
8237,26,125,0,0,0.01237729,0,0
8238,26,126,0,0,0.02116780,0,0
8239,26,127,0,0,0.01889752,0,0
8240,26,128,0,0,0.03913083,0,0
8241,26,129,0,0,0.04976797,1,32
8242,26,130,0,0,0.00501578,0,0
8243,26,131,0,0,0.04245662,1,32
8244,26,132,0,0,0.01000347,0,0
8245,26,133,0,0,0.04227789,1,32
8246,26,134,0,0,0.01188513,0,0
8247,26,135,0,0,0.02594911,0,0
8248,26,136,0,0,0.04410006,1,32
8249,26,137,0,0,0.02659262,0,0
8250,26,138,0,0,0.03083582,0,0
8251,26,139,0,0,0.03524789,0,0
8252,26,140,0,0,0.01480527,0,0
8253,26,141,0,0,0.01634917,0,0
8254,26,142,0,0,0.00834423,0,0
8255,26,143,0,0,0.01532911,0,0
8256,26,144,0,0,0.01696308,0,0
8257,26,145,0,0,0.04537601,1,32
8258,26,146,0,0,0.02161246,0,0
8259,26,147,0,0,0.04494704,1,32
8260,26,148,0,0,0.01981311,0,0
8261,26,149,0,0,0.02198504,0,0
8262,26,150,0,0,0.03447739,0,0
8263,26,151,0,0,0.01617770,0,0
8264,26,152,0,0,0.04492675,1,32
8265,26,153,0,0,0.03039124,0,0
8266,26,154,0,0,0.06538630,1,32
8267,26,155,0,0,0.02531335,0,0
8268,26,156,0,0,0.01624613,0,0
8269,26,157,0,0,0.09823651,1,32
8270,26,158,0,0,0.04465629,1,32
8271,26,159,0,0,0.01803700,0,0
8272,26,160,0,0,0.01751910,0,0
8273,26,161,0,0,0.01503743,0,0
8274,26,162,0,0,0.01488318,0,0
8275,26,163,0,0,0.01683237,0,0
8276,26,164,0,0,0.03028727,0,0
8277,26,165,0,0,0.00460179,0,0
8278,26,166,0,0,0.02711503,0,0
8279,26,167,0,0,0.02697780,0,0
8280,26,168,0,0,0.01991229,0,0
8281,26,169,0,0,0.01548468,0,0
8282,26,170,0,0,0.04165511,1,32
8283,26,171,0,0,0.04300800,1,32
8284,26,172,0,0,0.01483112,0,0
8285,26,173,0,0,0.02553662,0,0
8286,26,174,0,0,0.03121572,0,0
8287,26,175,0,0,0.02047437,0,0
8288,26,176,0,0,0.01692086,0,0
8289,26,177,0,0,0.02443245,0,0
8290,26,178,0,0,0.01098822,0,0
8291,26,179,0,0,0.02461919,0,0
8292,26,180,0,0,0.01722584,0,0
8293,26,181,0,0,0.01299134,0,0
8294,26,182,0,0,0.03762376,0,0
8295,26,183,0,0,0.01749345,0,0
8296,26,184,0,0,0.01908471,0,0
8297,26,185,0,0,0.06006119,1,32
8298,26,186,0,0,0.02123909,0,0
8299,26,187,0,0,0.01964842,0,0
8300,26,188,0,0,0.01499120,0,0
8301,26,189,0,0,0.02497395,0,0
8302,26,190,0,0,0.03001548,0,0
8303,26,191,0,0,0.05246862,1,32
8304,26,192,0,0,0.01943508,0,0
8305,26,193,0,0,0.02467243,0,0
8306,26,194,0,0,0.01743367,0,0
8307,26,195,0,0,0.03968659,0,0
8308,26,196,0,0,0.04323763,1,32
8309,26,197,0,0,0.01450372,0,0
8310,26,198,0,0,0.03254665,0,0
8311,26,199,0,0,0.02215371,0,0
8312,26,200,0,0,0.02423117,0,0
8313,26,201,0,0,0.06175607,1,32
8314,26,202,0,0,0.07928514,1,32
8315,26,203,0,0,0.01343453,0,0
8316,26,204,0,0,0.03764520,0,0
8317,26,205,0,0,0.02216257,0,0
8318,26,206,0,0,0.04362626,1,32
8319,26,207,0,0,0.01891637,0,0
8320,26,208,0,0,0.01552598,0,0
8321,26,209,0,0,0.01926733,0,0
8322,26,210,0,0,0.05007033,1,32
8323,26,211,0,0,0.02651040,0,0
8324,26,212,0,0,0.04838599,1,32
8325,26,213,0,0,0.03364312,0,0
8326,26,214,0,0,0.03570995,0,0
8327,26,215,0,0,0.02914521,0,0
8328,26,216,0,0,0.05980366,1,32
8329,26,217,0,0,0.02535924,0,0
8330,26,218,0,0,0.01599965,0,0
8331,26,219,0,0,0.01961141,0,0
8332,26,220,0,0,0.04850803,1,32
8333,26,221,0,0,0.02901330,0,0
8334,26,222,0,0,0.05081770,1,32
8335,26,223,0,0,0.03112351,0,0
8336,26,224,0,0,0.07777455,1,32
8337,26,225,0,0,0.03543342,0,0
8338,26,226,0,0,0.05184780,1,32
8339,26,227,0,0,0.04206656,1,32
8340,26,228,0,0,0.04620673,1,32
8341,26,229,0,0,0.06201164,1,32
8342,26,230,0,0,0.01663822,0,0
8343,26,231,0,0,0.02526903,0,0
8344,26,232,0,0,0.03713827,0,0
8345,26,233,0,0,0.05274165,1,32
8346,26,234,0,0,0.01694254,0,0
8347,26,235,0,0,0.10847928,1,32
8348,26,236,0,0,0.02325097,0,0
8349,26,237,0,0,0.03072692,0,0
8350,26,238,0,0,0.07482053,1,32
8351,26,239,0,0,0.04115092,1,32
8352,26,240,0,0,0.01659788,0,0
8353,26,241,0,0,0.04019973,1,32
8354,26,242,0,0,0.02166361,0,0
8355,26,243,0,0,0.02653287,0,0
8356,26,244,0,0,0.02102525,0,0
8357,26,245,0,0,0.02647192,0,0
8358,26,246,0,0,0.03132281,0,0
8359,26,247,0,0,0.02695016,0,0
8360,26,248,0,0,0.02512379,0,0
8361,26,249,0,0,0.06195358,1,32
8362,26,250,0,0,0.01535571,0,0
8363,26,251,0,0,0.01921445,0,0
8364,26,252,0,0,0.05754903,1,32
8365,26,253,0,0,0.05699171,1,32
8366,26,254,0,0,0.06666537,1,32
8367,26,255,0,0,0.02234952,0,0
8368,26,256,0,0,0.01426916,0,0
8369,26,257,0,0,0.02239802,0,0
8370,26,258,0,0,0.04136475,1,32
8371,26,259,0,0,0.04324874,1,32
8372,26,260,0,0,0.03026403,0,0
8373,26,261,0,0,0.01785507,0,0
8374,26,262,0,0,0.06651385,1,32
8375,26,263,0,0,0.01512612,0,0
8376,26,264,0,0,0.01941362,0,0
8377,26,265,0,0,0.05723748,1,32
8378,26,266,0,0,0.05408211,1,32
8379,26,267,0,0,0.03072165,0,0
8380,26,268,0,0,0.02583671,0,0
8381,26,269,0,0,0.06134886,1,32
8382,26,270,0,0,0.01147953,0,0
8383,26,271,0,0,0.02592450,0,0
8384,26,272,0,0,0.02888470,0,0
8385,26,273,0,0,0.01546882,0,0
8386,26,274,0,0,0.04517083,1,32
8387,26,275,0,0,0.02292536,0,0
8388,26,276,0,0,0.01740563,0,0
8389,26,277,0,0,0.03211776,0,0
8390,26,278,0,0,0.03825972,0,0
8391,26,279,0,0,0.03082727,0,0
8392,26,280,0,0,0.02847451,0,0
8393,26,281,0,0,0.05023982,1,32
8394,26,282,0,0,0.02162417,0,0
8395,26,283,0,0,0.02257838,0,0
8396,26,284,0,0,0.01570168,0,0
8397,26,285,0,0,0.02494593,0,0
8398,26,286,0,0,0.05311713,1,32
8399,26,287,0,0,0.02342087,0,0
8400,26,288,0,0,0.03780610,0,0
8401,26,289,0,0,0.02454896,0,0
8402,26,290,0,0,0.02072810,0,0
8403,26,291,0,0,0.04014625,1,32
8404,26,292,0,0,0.04988934,1,32
8405,26,293,0,0,0.03453676,0,0
8406,26,294,0,0,0.02838054,0,0
8407,26,295,0,0,0.01992946,0,0
8408,26,296,0,0,0.02455937,0,0
8409,26,297,0,0,0.01099001,0,0
8410,26,298,0,0,0.05734291,1,32
8411,26,299,0,0,0.01362074,0,0
8412,26,300,0,0,0.04915734,1,32
8413,26,301,0,0,0.02066351,0,0
8414,26,302,0,0,0.01810096,0,0
8415,26,303,0,0,0.03728212,0,0
8416,26,304,0,0,0.05120548,1,32
8417,26,305,0,0,0.02486511,0,0
8418,26,306,0,0,0.02374612,0,0
8419,26,307,0,0,0.05625580,1,32
8420,26,308,0,0,0.03360656,0,0
8421,26,309,0,0,0.02603329,0,0
8422,26,310,0,0,0.01278113,0,0
8423,26,311,0,0,0.01822209,0,0
8424,27,0,1,0,0.01480483,0,0
8425,27,1,0,0,0.00754308,0,0
8426,27,2,0,0,0.03340336,0,0
8427,27,3,0,0,0.02979037,0,0
8428,27,4,0,0,0.06852789,1,32
8429,27,5,0,0,0.02433480,0,0
8430,27,6,0,0,0.02755956,0,0
8431,27,7,0,0,0.01344652,0,0
8432,27,8,0,0,0.01549234,0,0
8433,27,9,0,0,0.00699557,0,0
8434,27,10,0,0,0.03986669,0,0
8435,27,11,0,0,0.03839581,0,0
8436,27,12,0,0,0.02004192,0,0
8437,27,13,0,0,0.02172282,0,0
8438,27,14,0,0,0.01985635,0,0
8439,27,15,0,0,0.02347144,0,0
8440,27,16,0,0,0.04065286,1,32
8441,27,17,0,0,0.02348445,0,0
8442,27,18,0,0,0.01751703,0,0
8443,27,19,0,0,0.02663939,0,0
8444,27,20,0,0,0.04709778,1,32
8445,27,21,0,0,0.01100316,0,0
8446,27,22,0,0,0.01986576,0,0
8447,27,23,0,0,0.03301974,0,0
8448,27,24,0,0,0.05728478,1,32
8449,27,25,0,0,0.03623887,0,0
8450,27,26,0,0,0.11472806,1,16
8451,27,27,0,0,0.02071933,0,0
8452,27,28,0,0,0.02359559,0,0
8453,27,29,0,0,0.02325973,0,0
8454,27,30,0,0,0.04760051,1,32
8455,27,31,0,0,0.01825837,0,0
8456,27,32,0,0,0.01764694,0,0
8457,27,33,0,0,0.03408611,0,0
8458,27,34,0,0,0.02167668,0,0
8459,27,35,0,0,0.02439438,0,0
8460,27,36,0,0,0.03649737,0,0
8461,27,37,0,0,0.02153725,0,0
8462,27,38,0,0,0.01116962,0,0
8463,27,39,0,0,0.00521117,0,0
8464,27,40,0,0,0.02224186,0,0
8465,27,41,0,0,0.02759889,0,0
8466,27,42,0,0,0.02701006,0,0
8467,27,43,0,0,0.02026550,0,0
8468,27,44,0,0,0.02439349,0,0
8469,27,45,0,0,0.01598771,0,0
8470,27,46,0,0,0.02214815,0,0
8471,27,47,0,0,0.04433029,1,32
8472,27,48,0,0,0.01729354,0,0
8473,27,49,0,0,0.03495563,0,0
8474,27,50,0,0,0.06726079,1,32
8475,27,51,0,0,0.02036070,0,0
8476,27,52,0,0,0.02777641,0,0
8477,27,53,0,0,0.01720715,0,0
8478,27,54,0,0,0.05442652,1,32
8479,27,55,0,0,0.02339225,0,0
8480,27,56,0,0,0.01486831,0,0
8481,27,57,0,0,0.03998656,0,0
8482,27,58,0,0,0.09639951,1,32
8483,27,59,0,0,0.06483855,1,32
8484,27,60,0,0,0.01895037,0,0
8485,27,61,0,0,0.02188847,0,0
8486,27,62,0,0,0.01929206,0,0
8487,27,63,0,0,0.02918557,0,0
8488,27,64,0,0,0.02105640,0,0
8489,27,65,0,0,0.02255709,0,0
8490,27,66,0,0,0.03751004,0,0
8491,27,67,0,0,0.02053832,0,0
8492,27,68,0,0,0.03118701,0,0
8493,27,69,0,0,0.06350668,1,32
8494,27,70,0,0,0.01015908,0,0
8495,27,71,0,0,0.03135908,0,0
8496,27,72,0,0,0.03451512,0,0
8497,27,73,0,0,0.02410991,0,0
8498,27,74,0,0,0.03511621,0,0
8499,27,75,0,0,0.02514874,0,0
8500,27,76,0,0,0.03840487,0,0
8501,27,77,0,0,0.02633319,0,0
8502,27,78,0,0,0.03216073,0,0
8503,27,79,0,0,0.04799876,1,32
8504,27,80,0,0,0.01766122,0,0
8505,27,81,0,0,0.01160407,0,0
8506,27,82,0,0,0.03597789,0,0
8507,27,83,0,0,0.00687921,0,0
8508,27,84,0,0,0.01446799,0,0
8509,27,85,0,0,0.06058605,1,32
8510,27,86,0,0,0.02727479,0,0
8511,27,87,0,0,0.00605173,0,0
8512,27,88,0,0,0.03272246,0,0
8513,27,89,0,0,0.03714411,0,0
8514,27,90,0,0,0.02095389,0,0
8515,27,91,0,0,0.01602473,0,0
8516,27,92,0,0,0.03840465,0,0
8517,27,93,0,0,0.03485816,0,0
8518,27,94,0,0,0.05750296,1,32
8519,27,95,0,0,0.05174243,1,32
8520,27,96,0,0,0.04200841,1,32
8521,27,97,0,0,0.02224327,0,0
8522,27,98,0,0,0.01654371,0,0
8523,27,99,0,0,0.02367941,0,0
8524,27,100,0,0,0.01329635,0,0
8525,27,101,0,0,0.02001289,0,0
8526,27,102,0,0,0.02470348,0,0
8527,27,103,0,0,0.02441731,0,0
8528,27,104,0,0,0.01754910,0,0
8529,27,105,0,0,0.04910894,1,32
8530,27,106,0,0,0.00550222,0,0
8531,27,107,0,0,0.01269672,0,0
8532,27,108,0,0,0.01513465,0,0
8533,27,109,0,0,0.02804264,0,0
8534,27,110,0,0,0.04485150,1,32
8535,27,111,0,0,0.01847535,0,0
8536,27,112,0,0,0.01968499,0,0
8537,27,113,0,0,0.05621472,1,32
8538,27,114,0,0,0.00603087,0,0
8539,27,115,0,0,0.01322148,0,0
8540,27,116,0,0,0.02305483,0,0
8541,27,117,0,0,0.02318705,0,0
8542,27,118,0,0,0.02426474,0,0
8543,27,119,0,0,0.01971078,0,0
8544,27,120,0,0,0.05475200,1,32
8545,27,121,0,0,0.03909246,0,0
8546,27,122,0,0,0.01738179,0,0
8547,27,123,0,0,0.01177794,0,0
8548,27,124,0,0,0.01912796,0,0
8549,27,125,0,0,0.07832712,1,32
8550,27,126,0,0,0.00964345,0,0
8551,27,127,0,0,0.03516417,0,0
8552,27,128,0,0,0.02615789,0,0
8553,27,129,0,0,0.02744010,0,0
8554,27,130,0,0,0.02399681,0,0
8555,27,131,0,0,0.00896630,0,0
8556,27,132,0,0,0.04186088,1,32
8557,27,133,0,0,0.01400234,0,0
8558,27,134,0,0,0.03681694,0,0
8559,27,135,0,0,0.01327432,0,0
8560,27,136,0,0,0.01543782,0,0
8561,27,137,0,0,0.03623440,0,0
8562,27,138,0,0,0.02793971,0,0
8563,27,139,0,0,0.04455817,1,31
8564,27,140,0,0,0.03644361,0,0
8565,27,141,0,0,0.01338435,0,0
8566,27,142,0,0,0.01411954,0,0
8567,27,143,0,0,0.03359425,0,0
8568,27,144,0,0,0.01412393,0,0
8569,27,145,0,0,0.01766645,0,0
8570,27,146,0,0,0.02125887,0,0
8571,27,147,0,0,0.02180348,0,0
8572,27,148,0,0,0.03399117,0,0
8573,27,149,0,0,0.02348243,0,0
8574,27,150,0,0,0.01692489,0,0
8575,27,151,0,0,0.03305429,0,0
8576,27,152,0,0,0.00912464,0,0
8577,27,153,0,0,0.04528869,1,32
8578,27,154,0,0,0.02071884,0,0
8579,27,155,0,0,0.05194721,1,32
8580,27,156,0,0,0.02540128,0,0
8581,27,157,0,0,0.02656775,0,0
8582,27,158,0,0,0.05684481,1,32
8583,27,159,0,0,0.04872221,1,32
8584,27,160,0,0,0.01223402,0,0
8585,27,161,0,0,0.01499941,0,0
8586,27,162,0,0,0.01626600,0,0
8587,27,163,0,0,0.01688302,0,0
8588,27,164,0,0,0.01764699,0,0
8589,27,165,0,0,0.03095440,0,0
8590,27,166,0,0,0.01261375,0,0
8591,27,167,0,0,0.02705570,0,0
8592,27,168,0,0,0.02385223,0,0
8593,27,169,0,0,0.02635188,0,0
8594,27,170,0,0,0.01734646,0,0
8595,27,171,0,0,0.03786954,0,0
8596,27,172,0,0,0.03632082,0,0
8597,27,173,0,0,0.01109780,0,0
8598,27,174,0,0,0.03193318,0,0
8599,27,175,0,0,0.02527918,0,0
8600,27,176,0,0,0.02104938,0,0
8601,27,177,0,0,0.01863995,0,0
8602,27,178,0,0,0.02409497,0,0
8603,27,179,0,0,0.00943895,0,0
8604,27,180,0,0,0.01283341,0,0
8605,27,181,0,0,0.01908587,0,0
8606,27,182,0,0,0.03475562,0,0
8607,27,183,0,0,0.02306452,0,0
8608,27,184,0,0,0.01528135,0,0
8609,27,185,0,0,0.01499722,0,0
8610,27,186,0,0,0.04934400,1,32
8611,27,187,0,0,0.02316672,0,0
8612,27,188,0,0,0.01822501,0,0
8613,27,189,0,0,0.01485524,0,0
8614,27,190,0,0,0.03278780,0,0
8615,27,191,0,0,0.02595420,0,0
8616,27,192,0,0,0.04128447,1,31
8617,27,193,0,0,0.01129953,0,0
8618,27,194,0,0,0.01674742,0,0
8619,27,195,0,0,0.01935527,0,0
8620,27,196,0,0,0.04084281,1,32
8621,27,197,0,0,0.03274227,0,0
8622,27,198,0,0,0.01720924,0,0
8623,27,199,0,0,0.02307180,0,0
8624,27,200,0,0,0.03135343,0,0
8625,27,201,0,0,0.03236463,0,0
8626,27,202,0,0,0.06266154,1,32
8627,27,203,0,0,0.05890394,1,32
8628,27,204,0,0,0.01570843,0,0
8629,27,205,0,0,0.03074341,0,0
8630,27,206,0,0,0.01901259,0,0
8631,27,207,0,0,0.03525723,0,0
8632,27,208,0,0,0.02718719,0,0
8633,27,209,0,0,0.01934346,0,0
8634,27,210,0,0,0.01861394,0,0
8635,27,211,0,0,0.03141370,0,0
8636,27,212,0,0,0.02336751,0,0
8637,27,213,0,0,0.04319103,1,30
8638,27,214,0,0,0.02986339,0,0
8639,27,215,0,0,0.03519459,0,0
8640,27,216,0,0,0.01632646,0,0
8641,27,217,0,0,0.06135595,1,32
8642,27,218,0,0,0.03606080,0,0
8643,27,219,0,0,0.01785268,0,0
8644,27,220,0,0,0.02939109,0,0
8645,27,221,0,0,0.04459698,1,32
8646,27,222,0,0,0.03241993,0,0
8647,27,223,0,0,0.05527873,1,32
8648,27,224,0,0,0.02730184,0,0
8649,27,225,0,0,0.05447561,1,32
8650,27,226,0,0,0.02173781,0,0
8651,27,227,0,0,0.03845233,0,0
8652,27,228,0,0,0.04195179,1,32
8653,27,229,0,0,0.04117482,1,32
8654,27,230,0,0,0.05415795,1,32
8655,27,231,0,0,0.01889563,0,0
8656,27,232,0,0,0.01159316,0,0
8657,27,233,0,0,0.02458484,0,0
8658,27,234,0,0,0.03784616,0,0
8659,27,235,0,0,0.01838483,0,0
8660,27,236,0,0,0.09986465,1,32
8661,27,237,0,0,0.02818559,0,0
8662,27,238,0,0,0.02827431,0,0
8663,27,239,0,0,0.09356195,1,32
8664,27,240,0,0,0.03246336,0,0
8665,27,241,0,0,0.02482259,0,0
8666,27,242,0,0,0.04645840,1,32
8667,27,243,0,0,0.01842712,0,0
8668,27,244,0,0,0.02901786,0,0
8669,27,245,0,0,0.01809348,0,0
8670,27,246,0,0,0.01728404,0,0
8671,27,247,0,0,0.03169772,0,0
8672,27,248,0,0,0.02970383,0,0
8673,27,249,0,0,0.02600218,0,0
8674,27,250,0,0,0.05702490,1,32
8675,27,251,0,0,0.01398801,0,0
8676,27,252,0,0,0.01410294,0,0
8677,27,253,0,0,0.06061263,1,32
8678,27,254,0,0,0.05025224,1,32
8679,27,255,0,0,0.05746187,1,32
8680,27,256,0,0,0.02133987,0,0
8681,27,257,0,0,0.01617958,0,0
8682,27,258,0,0,0.02014148,0,0
8683,27,259,0,0,0.02900616,0,0
8684,27,260,0,0,0.04033989,1,32
8685,27,261,0,0,0.02962420,0,0
8686,27,262,0,0,0.01706869,0,0
8687,27,263,0,0,0.04525779,1,32
8688,27,264,0,0,0.01898073,0,0
8689,27,265,0,0,0.02350346,0,0
8690,27,266,0,0,0.06090599,1,32
8691,27,267,0,0,0.04017166,1,31
8692,27,268,0,0,0.02610006,0,0
8693,27,269,0,0,0.02875683,0,0
8694,27,270,0,0,0.01811972,0,0
8695,27,271,0,0,0.01120098,0,0
8696,27,272,0,0,0.02045378,0,0
8697,27,273,0,0,0.02347158,0,0
8698,27,274,0,0,0.01540012,0,0
8699,27,275,0,0,0.04062083,1,32
8700,27,276,0,0,0.02238873,0,0
8701,27,277,0,0,0.02080345,0,0
8702,27,278,0,0,0.02257032,0,0
8703,27,279,0,0,0.03701299,0,0
8704,27,280,0,0,0.03034861,0,0
8705,27,281,0,0,0.01869856,0,0
8706,27,282,0,0,0.03727414,0,0
8707,27,283,0,0,0.01715606,0,0
8708,27,284,0,0,0.02173759,0,0
8709,27,285,0,0,0.00929998,0,0
8710,27,286,0,0,0.02674777,0,0
8711,27,287,0,0,0.05143838,1,32
8712,27,288,0,0,0.01141573,0,0
8713,27,289,0,0,0.03515825,0,0
8714,27,290,0,0,0.01121629,0,0
8715,27,291,0,0,0.02497599,0,0
8716,27,292,0,0,0.04384544,1,32
8717,27,293,0,0,0.03910705,0,0
8718,27,294,0,0,0.03432424,0,0
8719,27,295,0,0,0.02692107,0,0
8720,27,296,0,0,0.01992147,0,0
8721,27,297,0,0,0.02616690,0,0
8722,27,298,0,0,0.01064123,0,0
8723,27,299,0,0,0.04848450,1,32
8724,27,300,0,0,0.01599886,0,0
8725,27,301,0,0,0.03756644,0,0
8726,27,302,0,0,0.02579021,0,0
8727,27,303,0,0,0.01075912,0,0
8728,27,304,0,0,0.03001482,0,0
8729,27,305,0,0,0.04398097,1,32
8730,27,306,0,0,0.02018059,0,0
8731,27,307,0,0,0.02861011,0,0
8732,27,308,0,0,0.02588035,0,0
8733,27,309,0,0,0.03152887,0,0
8734,27,310,0,0,0.02437702,0,0
8735,27,311,0,0,0.01087698,0,0
8736,28,0,1,0,0.01411498,0,0
8737,28,1,0,0,0.01755165,0,0
8738,28,2,0,0,0.00493886,0,0
8739,28,3,0,0,0.05872029,1,31
8740,28,4,0,0,0.03812373,0,0
8741,28,5,0,0,0.05860150,1,31
8742,28,6,0,0,0.02919278,0,0
8743,28,7,0,0,0.01280279,0,0
8744,28,8,0,0,0.02424031,0,0
8745,28,9,0,0,0.03500969,0,0
8746,28,10,0,0,0.01001976,0,0
8747,28,11,0,0,0.03211096,0,0
8748,28,12,0,0,0.02506515,0,0
8749,28,13,0,0,0.02469298,0,0
8750,28,14,0,0,0.02189748,0,0
8751,28,15,0,0,0.03028833,0,0
8752,28,16,0,0,0.03132074,0,0
8753,28,17,0,0,0.01401632,0,0
8754,28,18,0,0,0.02236446,0,0
8755,28,19,0,0,0.01819436,0,0
8756,28,20,0,0,0.02031702,0,0
8757,28,21,0,0,0.05015336,1,32
8758,28,22,0,0,0.01594634,0,0
8759,28,23,0,0,0.01879229,0,0
8760,28,24,0,0,0.03188015,0,0
8761,28,25,0,0,0.04822726,1,31
8762,28,26,0,0,0.02983461,0,0
8763,28,27,0,0,0.12399255,1,16
8764,28,28,0,0,0.02206917,0,0
8765,28,29,0,0,0.01635091,0,0
8766,28,30,0,0,0.02713820,0,0
8767,28,31,0,0,0.04583128,1,32
8768,28,32,0,0,0.01725646,0,0
8769,28,33,0,0,0.02462374,0,0
8770,28,34,0,0,0.02901283,0,0
8771,28,35,0,0,0.02379503,0,0
8772,28,36,0,0,0.01553202,0,0
8773,28,37,0,0,0.02802571,0,0
8774,28,38,0,0,0.01527012,0,0
8775,28,39,0,0,0.01115097,0,0
8776,28,40,0,0,0.00581729,0,0
8777,28,41,0,0,0.02176464,0,0
8778,28,42,0,0,0.02476217,0,0
8779,28,43,0,0,0.03045791,0,0
8780,28,44,0,0,0.02171883,0,0
8781,28,45,0,0,0.02613328,0,0
8782,28,46,0,0,0.01293272,0,0
8783,28,47,0,0,0.03500431,0,0
8784,28,48,0,0,0.05310507,1,31
8785,28,49,0,0,0.01435467,0,0
8786,28,50,0,0,0.04464592,1,32
8787,28,51,0,0,0.04353349,1,32
8788,28,52,0,0,0.02906366,0,0
8789,28,53,0,0,0.03195751,0,0
8790,28,54,0,0,0.02155200,0,0
8791,28,55,0,0,0.04886377,1,32
8792,28,56,0,0,0.03259164,0,0
8793,28,57,0,0,0.01520712,0,0
8794,28,58,0,0,0.04628392,1,32
8795,28,59,0,0,0.07992981,1,32
8796,28,60,0,0,0.04403821,1,32
8797,28,61,0,0,0.02369710,0,0
8798,28,62,0,0,0.01085669,0,0
8799,28,63,0,0,0.01787363,0,0
8800,28,64,0,0,0.04955977,1,32
8801,28,65,0,0,0.02238034,0,0
8802,28,66,0,0,0.02184572,0,0
8803,28,67,0,0,0.04306801,1,32
8804,28,68,0,0,0.03224949,0,0
8805,28,69,0,0,0.02827512,0,0
8806,28,70,0,0,0.05851755,1,32
8807,28,71,0,0,0.01143501,0,0
8808,28,72,0,0,0.04324778,1,32
8809,28,73,0,0,0.01859074,0,0
8810,28,74,0,0,0.04378687,1,32
8811,28,75,0,0,0.03531129,0,0
8812,28,76,0,0,0.04736456,1,31
8813,28,77,0,0,0.03736952,0,0
8814,28,78,0,0,0.02877329,0,0
8815,28,79,0,0,0.03240079,0,0
8816,28,80,0,0,0.04902335,1,32
8817,28,81,0,0,0.02017100,0,0
8818,28,82,0,0,0.02239969,0,0
8819,28,83,0,0,0.04103826,1,32
8820,28,84,0,0,0.01283359,0,0
8821,28,85,0,0,0.01140781,0,0
8822,28,86,0,0,0.05468195,1,32
8823,28,87,0,0,0.02975872,0,0
8824,28,88,0,0,0.00668828,0,0
8825,28,89,0,0,0.02447639,0,0
8826,28,90,0,0,0.03367569,0,0
8827,28,91,0,0,0.02190455,0,0
8828,28,92,0,0,0.02252438,0,0
8829,28,93,0,0,0.05296316,1,32
8830,28,94,0,0,0.03326363,0,0
8831,28,95,0,0,0.06084095,1,32
8832,28,96,0,0,0.05220857,1,32
8833,28,97,0,0,0.05105050,1,32
8834,28,98,0,0,0.01950529,0,0
8835,28,99,0,0,0.01955895,0,0
8836,28,100,0,0,0.02501632,0,0
8837,28,101,0,0,0.01073353,0,0
8838,28,102,0,0,0.02318638,0,0
8839,28,103,0,0,0.02674173,0,0
8840,28,104,0,0,0.02184841,0,0
8841,28,105,0,0,0.02549632,0,0
8842,28,106,0,0,0.02602831,0,0
8843,28,107,0,0,0.00659915,0,0
8844,28,108,0,0,0.03806087,0,0
8845,28,109,0,0,0.01620624,0,0
8846,28,110,0,0,0.03225026,0,0
8847,28,111,0,0,0.04695962,1,32
8848,28,112,0,0,0.00945078,0,0
8849,28,113,0,0,0.02204249,0,0
8850,28,114,0,0,0.05863738,1,31
8851,28,115,0,0,0.00756007,0,0
8852,28,116,0,0,0.00838369,0,0
8853,28,117,0,0,0.02517660,0,0
8854,28,118,0,0,0.01819633,0,0
8855,28,119,0,0,0.02196724,0,0
8856,28,120,0,0,0.04678071,1,31
8857,28,121,0,0,0.04723763,1,30
8858,28,122,0,0,0.04241015,1,32
8859,28,123,0,0,0.01329901,0,0
8860,28,124,0,0,0.01108659,0,0
8861,28,125,0,0,0.01573545,0,0
8862,28,126,0,0,0.04567520,1,32
8863,28,127,0,0,0.00685393,0,0
8864,28,128,0,0,0.03496766,0,0
8865,28,129,0,0,0.02815086,0,0
8866,28,130,0,0,0.03278260,0,0
8867,28,131,0,0,0.03652354,0,0
8868,28,132,0,0,0.00485422,0,0
8869,28,133,0,0,0.03996104,0,0
8870,28,134,0,0,0.01047921,0,0
8871,28,135,0,0,0.05879214,1,32
8872,28,136,0,0,0.01481697,0,0
8873,28,137,0,0,0.03024048,0,0
8874,28,138,0,0,0.03599754,0,0
8875,28,139,0,0,0.03607477,0,0
8876,28,140,0,0,0.05727353,1,32
8877,28,141,0,0,0.04913174,1,32
8878,28,142,0,0,0.00582776,0,0
8879,28,143,0,0,0.01633469,0,0
8880,28,144,0,0,0.01089421,0,0
8881,28,145,0,0,0.01383337,0,0
8882,28,146,0,0,0.00887783,0,0
8883,28,147,0,0,0.04660225,1,32
8884,28,148,0,0,0.01899953,0,0
8885,28,149,0,0,0.03615698,0,0
8886,28,150,0,0,0.01677047,0,0
8887,28,151,0,0,0.02454470,0,0
8888,28,152,0,0,0.03585833,0,0
8889,28,153,0,0,0.01134157,0,0
8890,28,154,0,0,0.03415057,0,0
8891,28,155,0,0,0.02996559,0,0
8892,28,156,0,0,0.05244284,1,32
8893,28,157,0,0,0.02038640,0,0
8894,28,158,0,0,0.01514572,0,0
8895,28,159,0,0,0.09820271,1,32
8896,28,160,0,0,0.02636310,0,0
8897,28,161,0,0,0.01703320,0,0
8898,28,162,0,0,0.00905084,0,0
8899,28,163,0,0,0.01799840,0,0
8900,28,164,0,0,0.02798315,0,0
8901,28,165,0,0,0.01426215,0,0
8902,28,166,0,0,0.03839862,0,0
8903,28,167,0,0,0.00553679,0,0
8904,28,168,0,0,0.02016426,0,0
8905,28,169,0,0,0.01917449,0,0
8906,28,170,0,0,0.01287479,0,0
8907,28,171,0,0,0.01217183,0,0
8908,28,172,0,0,0.01757245,0,0
8909,28,173,0,0,0.03286137,0,0
8910,28,174,0,0,0.01380699,0,0
8911,28,175,0,0,0.02210393,0,0
8912,28,176,0,0,0.02174635,0,0
8913,28,177,0,0,0.01257723,0,0
8914,28,178,0,0,0.02467971,0,0
8915,28,179,0,0,0.02635769,0,0
8916,28,180,0,0,0.01041947,0,0
8917,28,181,0,0,0.00902242,0,0
8918,28,182,0,0,0.01600373,0,0
8919,28,183,0,0,0.01407748,0,0
8920,28,184,0,0,0.02311558,0,0
8921,28,185,0,0,0.02498788,0,0
8922,28,186,0,0,0.02010990,0,0
8923,28,187,0,0,0.04647503,1,32
8924,28,188,0,0,0.02187445,0,0
8925,28,189,0,0,0.03988986,0,0
8926,28,190,0,0,0.01811124,0,0
8927,28,191,0,0,0.02643363,0,0
8928,28,192,0,0,0.02648488,0,0
8929,28,193,0,0,0.04039688,1,31
8930,28,194,0,0,0.01360803,0,0
8931,28,195,0,0,0.02396771,0,0
8932,28,196,0,0,0.01457155,0,0
8933,28,197,0,0,0.03757337,0,0
8934,28,198,0,0,0.02141199,0,0
8935,28,199,0,0,0.01539943,0,0
8936,28,200,0,0,0.02308924,0,0
8937,28,201,0,0,0.03677384,0,0
8938,28,202,0,0,0.02186811,0,0
8939,28,203,0,0,0.03782983,0,0
8940,28,204,0,0,0.05678950,1,32
8941,28,205,0,0,0.01239842,0,0
8942,28,206,0,0,0.01512058,0,0
8943,28,207,0,0,0.03644601,0,0
8944,28,208,0,0,0.03991613,0,0
8945,28,209,0,0,0.01640736,0,0
8946,28,210,0,0,0.01843862,0,0
8947,28,211,0,0,0.02051307,0,0
8948,28,212,0,0,0.02901673,0,0
8949,28,213,0,0,0.02208871,0,0
8950,28,214,0,0,0.05371046,1,32
8951,28,215,0,0,0.03559066,0,0
8952,28,216,0,0,0.02949458,0,0
8953,28,217,0,0,0.02539409,0,0
8954,28,218,0,0,0.05968324,1,32
8955,28,219,0,0,0.03495869,0,0
8956,28,220,0,0,0.01735004,0,0
8957,28,221,0,0,0.03145910,0,0
8958,28,222,0,0,0.04712917,1,32
8959,28,223,0,0,0.02553115,0,0
8960,28,224,0,0,0.05555559,1,32
8961,28,225,0,0,0.02671657,0,0
8962,28,226,0,0,0.07152374,1,32
8963,28,227,0,0,0.02891430,0,0
8964,28,228,0,0,0.04161655,1,32
8965,28,229,0,0,0.03764960,0,0
8966,28,230,0,0,0.04202970,1,31
8967,28,231,0,0,0.06037527,1,31
8968,28,232,0,0,0.01298495,0,0
8969,28,233,0,0,0.01309438,0,0
8970,28,234,0,0,0.01766746,0,0
8971,28,235,0,0,0.02522330,0,0
8972,28,236,0,0,0.01275279,0,0
8973,28,237,0,0,0.07756601,1,32
8974,28,238,0,0,0.02195460,0,0
8975,28,239,0,0,0.01677406,0,0
8976,28,240,0,0,0.08958575,1,32
8977,28,241,0,0,0.04084435,1,32
8978,28,242,0,0,0.02342217,0,0
8979,28,243,0,0,0.03548139,0,0
8980,28,244,0,0,0.01601893,0,0
8981,28,245,0,0,0.03227069,0,0
8982,28,246,0,0,0.02703062,0,0
8983,28,247,0,0,0.01119221,0,0
8984,28,248,0,0,0.02566736,0,0
8985,28,249,0,0,0.02560519,0,0
8986,28,250,0,0,0.02730161,0,0
8987,28,251,0,0,0.05565624,1,32
8988,28,252,0,0,0.01701403,0,0
8989,28,253,0,0,0.00755806,0,0
8990,28,254,0,0,0.06183929,1,32
8991,28,255,0,0,0.05055038,1,32
8992,28,256,0,0,0.06456260,1,32
8993,28,257,0,0,0.02267172,0,0
8994,28,258,0,0,0.02334106,0,0
8995,28,259,0,0,0.02841956,0,0
8996,28,260,0,0,0.03530913,0,0
8997,28,261,0,0,0.03622066,0,0
8998,28,262,0,0,0.02345319,0,0
8999,28,263,0,0,0.01950634,0,0
9000,28,264,0,0,0.06170793,1,32
9001,28,265,0,0,0.01464138,0,0
9002,28,266,0,0,0.02126804,0,0
9003,28,267,0,0,0.02866736,0,0
9004,28,268,0,0,0.04552766,1,30
9005,28,269,0,0,0.02923699,0,0
9006,28,270,0,0,0.02538180,0,0
9007,28,271,0,0,0.05127059,1,31
9008,28,272,0,0,0.02124068,0,0
9009,28,273,0,0,0.02345737,0,0
9010,28,274,0,0,0.02980839,0,0
9011,28,275,0,0,0.01092374,0,0
9012,28,276,0,0,0.03596674,0,0
9013,28,277,0,0,0.02778848,0,0
9014,28,278,0,0,0.01644444,0,0
9015,28,279,0,0,0.03118441,0,0
9016,28,280,0,0,0.03536234,0,0
9017,28,281,0,0,0.03157090,0,0
9018,28,282,0,0,0.03283142,0,0
9019,28,283,0,0,0.04159904,1,32
9020,28,284,0,0,0.01919638,0,0
9021,28,285,0,0,0.02474286,0,0
9022,28,286,0,0,0.01097705,0,0
9023,28,287,0,0,0.01988274,0,0
9024,28,288,0,0,0.04963206,1,32
9025,28,289,0,0,0.01627342,0,0
9026,28,290,0,0,0.03686261,0,0
9027,28,291,0,0,0.01852137,0,0
9028,28,292,0,0,0.01182573,0,0
9029,28,293,0,0,0.03159568,0,0
9030,28,294,0,0,0.02432697,0,0
9031,28,295,0,0,0.03318496,0,0
9032,28,296,0,0,0.02346689,0,0
9033,28,297,0,0,0.02327222,0,0
9034,28,298,0,0,0.02372828,0,0
9035,28,299,0,0,0.01003790,0,0
9036,28,300,0,0,0.06506114,1,32
9037,28,301,0,0,0.01468991,0,0
9038,28,302,0,0,0.04867837,1,31
9039,28,303,0,0,0.02165093,0,0
9040,28,304,0,0,0.01926933,0,0
9041,28,305,0,0,0.03254477,0,0
9042,28,306,0,0,0.04328278,1,32
9043,28,307,0,0,0.01955819,0,0
9044,28,308,0,0,0.02640962,0,0
9045,28,309,0,0,0.05062163,1,32
9046,28,310,0,0,0.05124506,1,32
9047,28,311,0,0,0.01695666,0,0
9048,29,0,1,0,0.00915235,0,0
9049,29,1,0,0,0.01410767,0,0
9050,29,2,0,0,0.01376142,0,0
9051,29,3,0,0,0.00809942,0,0
9052,29,4,0,0,0.03286953,0,0
9053,29,5,0,0,0.02518953,0,0
9054,29,6,0,0,0.06570676,1,32
9055,29,7,0,0,0.02231706,0,0
9056,29,8,0,0,0.01618490,0,0
9057,29,9,0,0,0.01985085,0,0
9058,29,10,0,0,0.02508354,0,0
9059,29,11,0,0,0.00743758,0,0
9060,29,12,0,0,0.02928281,0,0
9061,29,13,0,0,0.05715195,1,32
9062,29,14,0,0,0.02474509,0,0
9063,29,15,0,0,0.02151960,0,0
9064,29,16,0,0,0.02417179,0,0
9065,29,17,0,0,0.03674819,0,0
9066,29,18,0,0,0.03232150,0,0
9067,29,19,0,0,0.04971121,1,32
9068,29,20,0,0,0.01359098,0,0
9069,29,21,0,0,0.02768403,0,0
9070,29,22,0,0,0.04599639,1,31
9071,29,23,0,0,0.01501835,0,0
9072,29,24,0,0,0.01636194,0,0
9073,29,25,0,0,0.03205508,0,0
9074,29,26,0,0,0.05033189,1,32
9075,29,27,0,0,0.02810036,0,0
9076,29,28,0,0,0.10571054,1,16
9077,29,29,0,0,0.01618493,0,0
9078,29,30,0,0,0.02114615,0,0
9079,29,31,0,0,0.02831086,0,0
9080,29,32,0,0,0.04759505,1,32
9081,29,33,0,0,0.01299869,0,0
9082,29,34,0,0,0.01768516,0,0
9083,29,35,0,0,0.04947136,1,31
9084,29,36,0,0,0.01638844,0,0
9085,29,37,0,0,0.01699733,0,0
9086,29,38,0,0,0.02270404,0,0
9087,29,39,0,0,0.01530624,0,0
9088,29,40,0,0,0.01774964,0,0
9089,29,41,0,0,0.02425088,0,0
9090,29,42,0,0,0.01567680,0,0
9091,29,43,0,0,0.01981560,0,0
9092,29,44,0,0,0.02581829,0,0
9093,29,45,0,0,0.05153043,1,32
9094,29,46,0,0,0.01948539,0,0
9095,29,47,0,0,0.01399263,0,0
9096,29,48,0,0,0.01110122,0,0
9097,29,49,0,0,0.02050809,0,0
9098,29,50,0,0,0.01679986,0,0
9099,29,51,0,0,0.02388075,0,0
9100,29,52,0,0,0.03288466,0,0
9101,29,53,0,0,0.02050767,0,0
9102,29,54,0,0,0.01222982,0,0
9103,29,55,0,0,0.02108724,0,0
9104,29,56,0,0,0.01777195,0,0
9105,29,57,0,0,0.03017597,0,0
9106,29,58,0,0,0.01013032,0,0
9107,29,59,0,0,0.02612582,0,0
9108,29,60,0,0,0.03430948,0,0
9109,29,61,0,0,0.04125953,1,28
9110,29,62,0,0,0.02658759,0,0
9111,29,63,0,0,0.01509494,0,0
9112,29,64,0,0,0.00686335,0,0
9113,29,65,0,0,0.02044257,0,0
9114,29,66,0,0,0.01168013,0,0
9115,29,67,0,0,0.01750850,0,0
9116,29,68,0,0,0.02388049,0,0
9117,29,69,0,0,0.01674092,0,0
9118,29,70,0,0,0.01912902,0,0
9119,29,71,0,0,0.03185216,0,0
9120,29,72,0,0,0.01414567,0,0
9121,29,73,0,0,0.02303934,0,0
9122,29,74,0,0,0.01034064,0,0
9123,29,75,0,0,0.01297500,0,0
9124,29,76,0,0,0.02543940,0,0
9125,29,77,0,0,0.00693027,0,0
9126,29,78,0,0,0.03115750,0,0
9127,29,79,0,0,0.01251309,0,0
9128,29,80,0,0,0.02244071,0,0
9129,29,81,0,0,0.03686323,0,0
9130,29,82,0,0,0.02783748,0,0
9131,29,83,0,0,0.01306592,0,0
9132,29,84,0,0,0.01659904,0,0
9133,29,85,0,0,0.00630533,0,0
9134,29,86,0,0,0.00753749,0,0
9135,29,87,0,0,0.03158405,0,0
9136,29,88,0,0,0.02763709,0,0
9137,29,89,0,0,0.01085325,0,0
9138,29,90,0,0,0.02978593,0,0
9139,29,91,0,0,0.01135750,0,0
9140,29,92,0,0,0.01653522,0,0
9141,29,93,0,0,0.01774419,0,0
9142,29,94,0,0,0.02108276,0,0
9143,29,95,0,0,0.01097773,0,0
9144,29,96,0,0,0.02658616,0,0
9145,29,97,0,0,0.03885421,0,0
9146,29,98,0,0,0.04848306,1,32
9147,29,99,0,0,0.00756918,0,0
9148,29,100,0,0,0.02283907,0,0
9149,29,101,0,0,0.01618396,0,0
9150,29,102,0,0,0.01643758,0,0
9151,29,103,0,0,0.02172946,0,0
9152,29,104,0,0,0.01621456,0,0
9153,29,105,0,0,0.02335788,0,0
9154,29,106,0,0,0.01782219,0,0
9155,29,107,0,0,0.02401441,0,0
9156,29,108,0,0,0.00692578,0,0
9157,29,109,0,0,0.03749498,0,0
9158,29,110,0,0,0.01571690,0,0
9159,29,111,0,0,0.01136515,0,0
9160,29,112,0,0,0.03476632,0,0
9161,29,113,0,0,0.00888648,0,0
9162,29,114,0,0,0.01823047,0,0
9163,29,115,0,0,0.04646230,1,31
9164,29,116,0,0,0.00329216,0,0
9165,29,117,0,0,0.00936192,0,0
9166,29,118,0,0,0.02053030,0,0
9167,29,119,0,0,0.01145205,0,0
9168,29,120,0,0,0.01880165,0,0
9169,29,121,0,0,0.01365888,0,0
9170,29,122,0,0,0.04045556,1,30
9171,29,123,0,0,0.03004063,0,0
9172,29,124,0,0,0.00323415,0,0
9173,29,125,0,0,0.00676744,0,0
9174,29,126,0,0,0.02210167,0,0
9175,29,127,0,0,0.03965960,0,0
9176,29,128,0,0,0.00942642,0,0
9177,29,129,0,0,0.01895714,0,0
9178,29,130,0,0,0.02238523,0,0
9179,29,131,0,0,0.01898370,0,0
9180,29,132,0,0,0.01683233,0,0
9181,29,133,0,0,0.01586787,0,0
9182,29,134,0,0,0.02361236,0,0
9183,29,135,0,0,0.01129135,0,0
9184,29,136,0,0,0.03415703,0,0
9185,29,137,0,0,0.01162434,0,0
9186,29,138,0,0,0.03698422,0,0
9187,29,139,0,0,0.04117582,1,31
9188,29,140,0,0,0.02955300,0,0
9189,29,141,0,0,0.03206528,0,0
9190,29,142,0,0,0.03037212,0,0
9191,29,143,0,0,0.01672133,0,0
9192,29,144,0,0,0.01368990,0,0
9193,29,145,0,0,0.01592974,0,0
9194,29,146,0,0,0.02394738,0,0
9195,29,147,0,0,0.01735894,0,0
9196,29,148,0,0,0.01352704,0,0
9197,29,149,0,0,0.02097071,0,0
9198,29,150,0,0,0.01582411,0,0
9199,29,151,0,0,0.02578450,0,0
9200,29,152,0,0,0.01251965,0,0
9201,29,153,0,0,0.02836722,0,0
9202,29,154,0,0,0.01620826,0,0
9203,29,155,0,0,0.02724921,0,0
9204,29,156,0,0,0.02803447,0,0
9205,29,157,0,0,0.02909009,0,0
9206,29,158,0,0,0.01836909,0,0
9207,29,159,0,0,0.03530101,0,0
9208,29,160,0,0,0.06544153,1,31
9209,29,161,0,0,0.02407171,0,0
9210,29,162,0,0,0.02547278,0,0
9211,29,163,0,0,0.00659722,0,0
9212,29,164,0,0,0.01491658,0,0
9213,29,165,0,0,0.01709908,0,0
9214,29,166,0,0,0.01142532,0,0
9215,29,167,0,0,0.02673908,0,0
9216,29,168,0,0,0.00865342,0,0
9217,29,169,0,0,0.02032512,0,0
9218,29,170,0,0,0.01232108,0,0
9219,29,171,0,0,0.02019718,0,0
9220,29,172,0,0,0.00772779,0,0
9221,29,173,0,0,0.02126451,0,0
9222,29,174,0,0,0.01466705,0,0
9223,29,175,0,0,0.01061687,0,0
9224,29,176,0,0,0.02557268,0,0
9225,29,177,0,0,0.02779029,0,0
9226,29,178,0,0,0.01549486,0,0
9227,29,179,0,0,0.03506455,0,0
9228,29,180,0,0,0.01377016,0,0
9229,29,181,0,0,0.01566768,0,0
9230,29,182,0,0,0.02237714,0,0
9231,29,183,0,0,0.02084178,0,0
9232,29,184,0,0,0.01459682,0,0
9233,29,185,0,0,0.01498808,0,0
9234,29,186,0,0,0.01479267,0,0
9235,29,187,0,0,0.01694871,0,0
9236,29,188,0,0,0.02423976,0,0
9237,29,189,0,0,0.02694108,0,0
9238,29,190,0,0,0.02767402,0,0
9239,29,191,0,0,0.00902904,0,0
9240,29,192,0,0,0.02720471,0,0
9241,29,193,0,0,0.02280510,0,0
9242,29,194,0,0,0.02618824,0,0
9243,29,195,0,0,0.01549765,0,0
9244,29,196,0,0,0.01550051,0,0
9245,29,197,0,0,0.01387843,0,0
9246,29,198,0,0,0.01970966,0,0
9247,29,199,0,0,0.04000407,1,32
9248,29,200,0,0,0.00883448,0,0
9249,29,201,0,0,0.02207973,0,0
9250,29,202,0,0,0.00472197,0,0
9251,29,203,0,0,0.01532898,0,0
9252,29,204,0,0,0.02320088,0,0
9253,29,205,0,0,0.04212686,1,31
9254,29,206,0,0,0.01881993,0,0
9255,29,207,0,0,0.03684935,0,0
9256,29,208,0,0,0.01689367,0,0
9257,29,209,0,0,0.04011802,1,31
9258,29,210,0,0,0.02373908,0,0
9259,29,211,0,0,0.02797350,0,0
9260,29,212,0,0,0.01731010,0,0
9261,29,213,0,0,0.00892419,0,0
9262,29,214,0,0,0.01605149,0,0
9263,29,215,0,0,0.04361744,1,30
9264,29,216,0,0,0.02112912,0,0
9265,29,217,0,0,0.02638280,0,0
9266,29,218,0,0,0.00969511,0,0
9267,29,219,0,0,0.03771894,0,0
9268,29,220,0,0,0.03289540,0,0
9269,29,221,0,0,0.01681870,0,0
9270,29,222,0,0,0.03799847,0,0
9271,29,223,0,0,0.03804581,0,0
9272,29,224,0,0,0.02091551,0,0
9273,29,225,0,0,0.02740220,0,0
9274,29,226,0,0,0.02746778,0,0
9275,29,227,0,0,0.03509643,0,0
9276,29,228,0,0,0.01571261,0,0
9277,29,229,0,0,0.03167368,0,0
9278,29,230,0,0,0.02281644,0,0
9279,29,231,0,0,0.01895712,0,0
9280,29,232,0,0,0.05038901,1,29
9281,29,233,0,0,0.01351596,0,0
9282,29,234,0,0,0.01563263,0,0
9283,29,235,0,0,0.02358404,0,0
9284,29,236,0,0,0.02631599,0,0
9285,29,237,0,0,0.00818160,0,0
9286,29,238,0,0,0.03924542,0,0
9287,29,239,0,0,0.02421470,0,0
9288,29,240,0,0,0.02352706,0,0
9289,29,241,0,0,0.04302065,1,31
9290,29,242,0,0,0.02510014,0,0
9291,29,243,0,0,0.02495231,0,0
9292,29,244,0,0,0.01911425,0,0
9293,29,245,0,0,0.01504382,0,0
9294,29,246,0,0,0.01848643,0,0
9295,29,247,0,0,0.01903253,0,0
9296,29,248,0,0,0.01259943,0,0
9297,29,249,0,0,0.01328979,0,0
9298,29,250,0,0,0.02196288,0,0
9299,29,251,0,0,0.02880646,0,0
9300,29,252,0,0,0.03790860,0,0
9301,29,253,0,0,0.01442955,0,0
9302,29,254,0,0,0.01284866,0,0
9303,29,255,0,0,0.02004306,0,0
9304,29,256,0,0,0.04136614,1,32
9305,29,257,0,0,0.02470874,0,0
9306,29,258,0,0,0.02147266,0,0
9307,29,259,0,0,0.02244241,0,0
9308,29,260,0,0,0.01334495,0,0
9309,29,261,0,0,0.02350874,0,0
9310,29,262,0,0,0.05002254,1,32
9311,29,263,0,0,0.03015676,0,0
9312,29,264,0,0,0.01749815,0,0
9313,29,265,0,0,0.06018829,1,32
9314,29,266,0,0,0.00957002,0,0
9315,29,267,0,0,0.01860985,0,0
9316,29,268,0,0,0.03098346,0,0
9317,29,269,0,0,0.03970979,0,0
9318,29,270,0,0,0.02116196,0,0
9319,29,271,0,0,0.01554779,0,0
9320,29,272,0,0,0.03759344,0,0
9321,29,273,0,0,0.00934810,0,0
9322,29,274,0,0,0.00637575,0,0
9323,29,275,0,0,0.03319188,0,0
9324,29,276,0,0,0.01324952,0,0
9325,29,277,0,0,0.03731059,0,0
9326,29,278,0,0,0.04017749,1,32
9327,29,279,0,0,0.02736498,0,0
9328,29,280,0,0,0.02802905,0,0
9329,29,281,0,0,0.03062904,0,0
9330,29,282,0,0,0.02384042,0,0
9331,29,283,0,0,0.02984454,0,0
9332,29,284,0,0,0.02522772,0,0
9333,29,285,0,0,0.01605626,0,0
9334,29,286,0,0,0.01835057,0,0
9335,29,287,0,0,0.00566100,0,0
9336,29,288,0,0,0.01321078,0,0
9337,29,289,0,0,0.01296272,0,0
9338,29,290,0,0,0.01986212,0,0
9339,29,291,0,0,0.03252008,0,0
9340,29,292,0,0,0.01072440,0,0
9341,29,293,0,0,0.01037532,0,0
9342,29,294,0,0,0.03153392,0,0
9343,29,295,0,0,0.02607426,0,0
9344,29,296,0,0,0.00818646,0,0
9345,29,297,0,0,0.01116164,0,0
9346,29,298,0,0,0.01742551,0,0
9347,29,299,0,0,0.00833151,0,0
9348,29,300,0,0,0.00803386,0,0
9349,29,301,0,0,0.01968101,0,0
9350,29,302,0,0,0.01084793,0,0
9351,29,303,0,0,0.02717660,0,0
9352,29,304,0,0,0.01614651,0,0
9353,29,305,0,0,0.00923354,0,0
9354,29,306,0,0,0.03821891,0,0
9355,29,307,0,0,0.00812561,0,0
9356,29,308,0,0,0.01279729,0,0
9357,29,309,0,0,0.02467240,0,0
9358,29,310,0,0,0.02218491,0,0
9359,29,311,0,0,0.01870123,0,0
9360,30,0,1,1,0.01264248,0,0
9361,30,1,0,0,0.01656000,0,0
9362,30,2,0,0,0.01965551,0,0
9363,30,3,0,0,0.00894465,0,0
9364,30,4,0,0,0.00330023,0,0
9365,30,5,0,0,0.01117324,0,0
9366,30,6,0,0,0.01186601,0,0
9367,30,7,0,0,0.02448912,0,0
9368,30,8,0,0,0.03489650,0,0
9369,30,9,0,0,0.01965709,0,0
9370,30,10,0,0,0.02784884,0,0
9371,30,11,0,0,0.01208284,0,0
9372,30,12,0,0,0.02628789,0,0
9373,30,13,0,0,0.02092589,0,0
9374,30,14,0,0,0.01869697,0,0
9375,30,15,0,0,0.01435490,0,0
9376,30,16,0,0,0.02235591,0,0
9377,30,17,0,0,0.02717485,0,0
9378,30,18,0,0,0.01903509,0,0
9379,30,19,0,0,0.01039165,0,0
9380,30,20,0,0,0.02750699,0,0
9381,30,21,0,0,0.01626914,0,0
9382,30,22,0,0,0.02080980,0,0
9383,30,23,0,0,0.02886390,0,0
9384,30,24,0,0,0.00586548,0,0
9385,30,25,0,0,0.02837634,0,0
9386,30,26,0,0,0.02119311,0,0
9387,30,27,0,0,0.02517131,0,0
9388,30,28,0,0,0.00977454,0,0
9389,30,29,0,0,0.05185238,1,16
9390,30,30,0,0,0.01367065,0,0
9391,30,31,0,0,0.00896780,0,0
9392,30,32,0,0,0.02623065,0,0
9393,30,33,0,0,0.02988204,0,0
9394,30,34,0,0,0.01597493,0,0
9395,30,35,0,0,0.01732383,0,0
9396,30,36,0,0,0.02339830,0,0
9397,30,37,0,0,0.02215800,0,0
9398,30,38,0,0,0.01659665,0,0
9399,30,39,0,0,0.02642388,0,0
9400,30,40,0,0,0.01547515,0,0
9401,30,41,0,0,0.03641944,0,0
9402,30,42,0,0,0.02963954,0,0
9403,30,43,0,0,0.01299731,0,0
9404,30,44,0,0,0.02936667,0,0
9405,30,45,0,0,0.00976583,0,0
9406,30,46,0,0,0.02904833,0,0
9407,30,47,0,0,0.03815908,0,0
9408,30,48,0,0,0.00743448,0,0
9409,30,49,0,0,0.04326163,1,31
9410,30,50,0,0,0.03674056,0,0
9411,30,51,0,0,0.02590052,0,0
9412,30,52,0,0,0.01398057,0,0
9413,30,53,0,0,0.03700919,0,0
9414,30,54,0,0,0.02214265,0,0
9415,30,55,0,0,0.01330429,0,0
9416,30,56,0,0,0.02465657,0,0
9417,30,57,0,0,0.03238000,0,0
9418,30,58,0,0,0.01764342,0,0
9419,30,59,0,0,0.00514537,0,0
9420,30,60,0,0,0.03563959,0,0
9421,30,61,0,0,0.02517347,0,0
9422,30,62,0,0,0.02028296,0,0
9423,30,63,0,0,0.01876943,0,0
9424,30,64,0,0,0.01468552,0,0
9425,30,65,0,0,0.01591703,0,0
9426,30,66,0,0,0.01643033,0,0
9427,30,67,0,0,0.01145668,0,0
9428,30,68,0,0,0.01208727,0,0
9429,30,69,0,0,0.01268400,0,0
9430,30,70,0,0,0.01861120,0,0
9431,30,71,0,0,0.01219259,0,0
9432,30,72,0,0,0.02369449,0,0
9433,30,73,0,0,0.01801037,0,0
9434,30,74,0,0,0.02009474,0,0
9435,30,75,0,0,0.00677983,0,0
9436,30,76,0,0,0.02083947,0,0
9437,30,77,0,0,0.01340113,0,0
9438,30,78,0,0,0.01672998,0,0
9439,30,79,0,0,0.03467588,0,0
9440,30,80,0,0,0.01406607,0,0
9441,30,81,0,0,0.02127033,0,0
9442,30,82,0,0,0.02199652,0,0
9443,30,83,0,0,0.00890329,0,0
9444,30,84,0,0,0.01119187,0,0
9445,30,85,0,0,0.04415515,1,32
9446,30,86,0,0,0.00636261,0,0
9447,30,87,0,0,0.01410602,0,0
9448,30,88,0,0,0.00722649,0,0
9449,30,89,0,0,0.02864337,0,0
9450,30,90,0,0,0.00771334,0,0
9451,30,91,0,0,0.02357862,0,0
9452,30,92,0,0,0.00722917,0,0
9453,30,93,0,0,0.01565243,0,0
9454,30,94,0,0,0.02646208,0,0
9455,30,95,0,0,0.02717001,0,0
9456,30,96,0,0,0.01272725,0,0
9457,30,97,0,0,0.01629965,0,0
9458,30,98,0,0,0.05046330,1,32
9459,30,99,0,0,0.01751975,0,0
9460,30,100,0,0,0.00568897,0,0
9461,30,101,0,0,0.02357689,0,0
9462,30,102,0,0,0.01521718,0,0
9463,30,103,0,0,0.02301734,0,0
9464,30,104,0,0,0.05694828,1,31
9465,30,105,0,0,0.02423703,0,0
9466,30,106,0,0,0.01623867,0,0
9467,30,107,0,0,0.01494775,0,0
9468,30,108,0,0,0.00631316,0,0
9469,30,109,0,0,0.01224790,0,0
9470,30,110,0,0,0.03425258,0,0
9471,30,111,0,0,0.00774848,0,0
9472,30,112,0,0,0.05171385,1,30
9473,30,113,0,0,0.04124694,1,30
9474,30,114,0,0,0.01060491,0,0
9475,30,115,0,0,0.00638673,0,0
9476,30,116,0,0,0.03590904,0,0
9477,30,117,0,0,0.01128394,0,0
9478,30,118,0,0,0.00792521,0,0
9479,30,119,0,0,0.01668851,0,0
9480,30,120,0,0,0.01534904,0,0
9481,30,121,0,0,0.01928269,0,0
9482,30,122,0,0,0.00586914,0,0
9483,30,123,0,0,0.03621756,0,0
9484,30,124,0,0,0.03818425,0,0
9485,30,125,0,0,0.01073698,0,0
9486,30,126,0,0,0.01368880,0,0
9487,30,127,0,0,0.01783394,0,0
9488,30,128,0,0,0.06229311,1,31
9489,30,129,0,0,0.02103665,0,0
9490,30,130,0,0,0.02097674,0,0
9491,30,131,0,0,0.01167408,0,0
9492,30,132,0,0,0.01451810,0,0
9493,30,133,0,0,0.02518661,0,0
9494,30,134,0,0,0.01318339,0,0
9495,30,135,0,0,0.01371122,0,0
9496,30,136,0,0,0.00785905,0,0
9497,30,137,0,0,0.01970869,0,0
9498,30,138,0,0,0.01059183,0,0
9499,30,139,0,0,0.03656030,0,0
9500,30,140,0,0,0.04409221,1,32
9501,30,141,0,0,0.02402391,0,0
9502,30,142,0,0,0.03030437,0,0
9503,30,143,0,0,0.03751379,0,0
9504,30,144,0,0,0.01139156,0,0
9505,30,145,0,0,0.01948743,0,0
9506,30,146,0,0,0.01044309,0,0
9507,30,147,0,0,0.00948337,0,0
9508,30,148,0,0,0.01994195,0,0
9509,30,149,0,0,0.01465525,0,0
9510,30,150,0,0,0.01830984,0,0
9511,30,151,0,0,0.02464394,0,0
9512,30,152,0,0,0.01273695,0,0
9513,30,153,0,0,0.02391784,0,0
9514,30,154,0,0,0.02059192,0,0
9515,30,155,0,0,0.00677726,0,0
9516,30,156,0,0,0.04223713,1,31
9517,30,157,0,0,0.02169409,0,0
9518,30,158,0,0,0.03314476,0,0
9519,30,159,0,0,0.03560327,0,0
9520,30,160,0,0,0.02213677,0,0
9521,30,161,0,0,0.04078576,1,32
9522,30,162,0,0,0.01958723,0,0
9523,30,163,0,0,0.00819685,0,0
9524,30,164,0,0,0.01397437,0,0
9525,30,165,0,0,0.03549080,0,0
9526,30,166,0,0,0.01674915,0,0
9527,30,167,0,0,0.01716641,0,0
9528,30,168,0,0,0.01260928,0,0
9529,30,169,0,0,0.00962080,0,0
9530,30,170,0,0,0.02180503,0,0
9531,30,171,0,0,0.00405078,0,0
9532,30,172,0,0,0.01628908,0,0
9533,30,173,0,0,0.02311826,0,0
9534,30,174,0,0,0.01858694,0,0
9535,30,175,0,0,0.02039682,0,0
9536,30,176,0,0,0.01376571,0,0
9537,30,177,0,0,0.01693754,0,0
9538,30,178,0,0,0.02058895,0,0
9539,30,179,0,0,0.01757667,0,0
9540,30,180,0,0,0.00701720,0,0
9541,30,181,0,0,0.02662187,0,0
9542,30,182,0,0,0.01937414,0,0
9543,30,183,0,0,0.02462814,0,0
9544,30,184,0,0,0.01403711,0,0
9545,30,185,0,0,0.00720010,0,0
9546,30,186,0,0,0.02032211,0,0
9547,30,187,0,0,0.00898718,0,0
9548,30,188,0,0,0.01163320,0,0
9549,30,189,0,0,0.01455642,0,0
9550,30,190,0,0,0.01552841,0,0
9551,30,191,0,0,0.02607074,0,0
9552,30,192,0,0,0.00513734,0,0
9553,30,193,0,0,0.01308421,0,0
9554,30,194,0,0,0.02263526,0,0
9555,30,195,0,0,0.02164187,0,0
9556,30,196,0,0,0.02093000,0,0
9557,30,197,0,0,0.00986925,0,0
9558,30,198,0,0,0.01381302,0,0
9559,30,199,0,0,0.02550830,0,0
9560,30,200,0,0,0.03331102,0,0
9561,30,201,0,0,0.01041484,0,0
9562,30,202,0,0,0.01290723,0,0
9563,30,203,0,0,0.01237035,0,0
9564,30,204,0,0,0.01656181,0,0
9565,30,205,0,0,0.01106375,0,0
9566,30,206,0,0,0.04839661,1,28
9567,30,207,0,0,0.01754335,0,0
9568,30,208,0,0,0.03931525,0,0
9569,30,209,0,0,0.04435371,1,32
9570,30,210,0,0,0.02638537,0,0
9571,30,211,0,0,0.01639625,0,0
9572,30,212,0,0,0.01800095,0,0
9573,30,213,0,0,0.01904976,0,0
9574,30,214,0,0,0.01692595,0,0
9575,30,215,0,0,0.01406043,0,0
9576,30,216,0,0,0.03112590,0,0
9577,30,217,0,0,0.02642136,0,0
9578,30,218,0,0,0.01611458,0,0
9579,30,219,0,0,0.01093787,0,0
9580,30,220,0,0,0.03210007,0,0
9581,30,221,0,0,0.01173840,0,0
9582,30,222,0,0,0.00505279,0,0
9583,30,223,0,0,0.02360561,0,0
9584,30,224,0,0,0.03325144,0,0
9585,30,225,0,0,0.01794052,0,0
9586,30,226,0,0,0.04310504,1,32
9587,30,227,0,0,0.02484067,0,0
9588,30,228,0,0,0.02423401,0,0
9589,30,229,0,0,0.03059326,0,0
9590,30,230,0,0,0.02792071,0,0
9591,30,231,0,0,0.01885536,0,0
9592,30,232,0,0,0.01221272,0,0
9593,30,233,0,0,0.03721146,0,0
9594,30,234,0,0,0.01244666,0,0
9595,30,235,0,0,0.00757983,0,0
9596,30,236,0,0,0.01982750,0,0
9597,30,237,0,0,0.04231215,1,32
9598,30,238,0,0,0.01260161,0,0
9599,30,239,0,0,0.02047587,0,0
9600,30,240,0,0,0.01455998,0,0
9601,30,241,0,0,0.02357402,0,0
9602,30,242,0,0,0.05425216,1,28
9603,30,243,0,0,0.03714287,0,0
9604,30,244,0,0,0.00737180,0,0
9605,30,245,0,0,0.01040398,0,0
9606,30,246,0,0,0.02062739,0,0
9607,30,247,0,0,0.02236415,0,0
9608,30,248,0,0,0.01401657,0,0
9609,30,249,0,0,0.01240962,0,0
9610,30,250,0,0,0.01467819,0,0
9611,30,251,0,0,0.02020280,0,0
9612,30,252,0,0,0.03089137,0,0
9613,30,253,0,0,0.01935315,0,0
9614,30,254,0,0,0.00640324,0,0
9615,30,255,0,0,0.00468780,0,0
9616,30,256,0,0,0.01647903,0,0
9617,30,257,0,0,0.02718097,0,0
9618,30,258,0,0,0.01900274,0,0
9619,30,259,0,0,0.01754293,0,0
9620,30,260,0,0,0.01943552,0,0
9621,30,261,0,0,0.01236501,0,0
9622,30,262,0,0,0.01677001,0,0
9623,30,263,0,0,0.04575756,1,31
9624,30,264,0,0,0.00897724,0,0
9625,30,265,0,0,0.01599904,0,0
9626,30,266,0,0,0.03920132,0,0
9627,30,267,0,0,0.01803003,0,0
9628,30,268,0,0,0.01423082,0,0
9629,30,269,0,0,0.01511480,0,0
9630,30,270,0,0,0.03261132,0,0
9631,30,271,0,0,0.00880332,0,0
9632,30,272,0,0,0.03162264,0,0
9633,30,273,0,0,0.03988639,0,0
9634,30,274,0,0,0.01362989,0,0
9635,30,275,0,0,0.01766029,0,0
9636,30,276,0,0,0.02088899,0,0
9637,30,277,0,0,0.01879581,0,0
9638,30,278,0,0,0.01228347,0,0
9639,30,279,0,0,0.02372792,0,0
9640,30,280,0,0,0.00707681,0,0
9641,30,281,0,0,0.02931002,0,0
9642,30,282,0,0,0.01858471,0,0
9643,30,283,0,0,0.02488175,0,0
9644,30,284,0,0,0.01580534,0,0
9645,30,285,0,0,0.03138094,0,0
9646,30,286,0,0,0.00827965,0,0
9647,30,287,0,0,0.01328040,0,0
9648,30,288,0,0,0.02060982,0,0
9649,30,289,0,0,0.01969254,0,0
9650,30,290,0,0,0.03560530,0,0
9651,30,291,0,0,0.01228710,0,0
9652,30,292,0,0,0.02464545,0,0
9653,30,293,0,0,0.01603001,0,0
9654,30,294,0,0,0.00947931,0,0
9655,30,295,0,0,0.01583004,0,0
9656,30,296,0,0,0.02550121,0,0
9657,30,297,0,0,0.04118030,1,30
9658,30,298,0,0,0.01312524,0,0
9659,30,299,0,0,0.01505473,0,0
9660,30,300,0,0,0.03837813,0,0
9661,30,301,0,0,0.01322953,0,0
9662,30,302,0,0,0.00810435,0,0
9663,30,303,0,0,0.00988539,0,0
9664,30,304,0,0,0.03162440,0,0
9665,30,305,0,0,0.00873775,0,0
9666,30,306,0,0,0.01303723,0,0
9667,30,307,0,0,0.00989483,0,0
9668,30,308,0,0,0.02147202,0,0
9669,30,309,0,0,0.01350727,0,0
9670,30,310,0,0,0.01147578,0,0
9671,30,311,0,0,0.01654850,0,0
9672,31,0,1,0,0.01963118,0,0
9673,31,1,0,0,0.01681592,0,0
9674,31,2,0,0,0.01690676,0,0
9675,31,3,0,0,0.01671374,0,0
9676,31,4,0,0,0.00605275,0,0
9677,31,5,0,0,0.00369301,0,0
9678,31,6,0,0,0.01048337,0,0
9679,31,7,0,0,0.01658232,0,0
9680,31,8,0,0,0.01035963,0,0
9681,31,9,0,0,0.01358003,0,0
9682,31,10,0,0,0.01494429,0,0
9683,31,11,0,0,0.00929260,0,0
9684,31,12,0,0,0.01228295,0,0
9685,31,13,0,0,0.00700559,0,0
9686,31,14,0,0,0.01762134,0,0
9687,31,15,0,0,0.01326336,0,0
9688,31,16,0,0,0.01589215,0,0
9689,31,17,0,0,0.01819421,0,0
9690,31,18,0,0,0.00550427,0,0
9691,31,19,0,0,0.01797336,0,0
9692,31,20,0,0,0.01541588,0,0
9693,31,21,0,0,0.00847793,0,0
9694,31,22,0,0,0.04004023,1,32
9695,31,23,0,0,0.00950409,0,0
9696,31,24,0,0,0.03224313,0,0
9697,31,25,0,0,0.02058649,0,0
9698,31,26,0,0,0.01029585,0,0
9699,31,27,0,0,0.01270674,0,0
9700,31,28,0,0,0.04373787,1,31
9701,31,29,0,0,0.01590889,0,0
9702,31,30,0,0,0.05473150,1,16
9703,31,31,0,0,0.01389050,0,0
9704,31,32,0,0,0.00939468,0,0
9705,31,33,0,0,0.01405706,0,0
9706,31,34,0,0,0.03166224,0,0
9707,31,35,0,0,0.00632047,0,0
9708,31,36,0,0,0.02214988,0,0
9709,31,37,0,0,0.02013697,0,0
9710,31,38,0,0,0.02817164,0,0
9711,31,39,0,0,0.01356246,0,0
9712,31,40,0,0,0.01440183,0,0
9713,31,41,0,0,0.01297460,0,0
9714,31,42,0,0,0.04516458,1,32
9715,31,43,0,0,0.03520773,0,0
9716,31,44,0,0,0.00876896,0,0
9717,31,45,0,0,0.02720436,0,0
9718,31,46,0,0,0.00940714,0,0
9719,31,47,0,0,0.01648224,0,0
9720,31,48,0,0,0.02067379,0,0
9721,31,49,0,0,0.00937472,0,0
9722,31,50,0,0,0.02182235,0,0
9723,31,51,0,0,0.01822311,0,0
9724,31,52,0,0,0.01643523,0,0
9725,31,53,0,0,0.01364876,0,0
9726,31,54,0,0,0.03919857,0,0
9727,31,55,0,0,0.01173687,0,0
9728,31,56,0,0,0.02029258,0,0
9729,31,57,0,0,0.01285412,0,0
9730,31,58,0,0,0.04572398,1,32
9731,31,59,0,0,0.04229896,1,31
9732,31,60,0,0,0.01607659,0,0
9733,31,61,0,0,0.02857855,0,0
9734,31,62,0,0,0.03227232,0,0
9735,31,63,0,0,0.02758281,0,0
9736,31,64,0,0,0.04435394,1,32
9737,31,65,0,0,0.02023810,0,0
9738,31,66,0,0,0.00830022,0,0
9739,31,67,0,0,0.03778468,0,0
9740,31,68,0,0,0.02305591,0,0
9741,31,69,0,0,0.01204939,0,0
9742,31,70,0,0,0.01729361,0,0
9743,31,71,0,0,0.02110416,0,0
9744,31,72,0,0,0.02002228,0,0
9745,31,73,0,0,0.06132534,1,32
9746,31,74,0,0,0.01533193,0,0
9747,31,75,0,0,0.02182140,0,0
9748,31,76,0,0,0.01685350,0,0
9749,31,77,0,0,0.02664220,0,0
9750,31,78,0,0,0.02126373,0,0
9751,31,79,0,0,0.02063272,0,0
9752,31,80,0,0,0.02512364,0,0
9753,31,81,0,0,0.03176625,0,0
9754,31,82,0,0,0.03088752,0,0
9755,31,83,0,0,0.04271981,1,31
9756,31,84,0,0,0.01575438,0,0
9757,31,85,0,0,0.03988577,0,0
9758,31,86,0,0,0.04320113,1,31
9759,31,87,0,0,0.00999786,0,0
9760,31,88,0,0,0.00879990,0,0
9761,31,89,0,0,0.01987838,0,0
9762,31,90,0,0,0.02567745,0,0
9763,31,91,0,0,0.00885741,0,0
9764,31,92,0,0,0.02594806,0,0
9765,31,93,0,0,0.04343423,1,32
9766,31,94,0,0,0.01353123,0,0
9767,31,95,0,0,0.02545140,0,0
9768,31,96,0,0,0.04392111,1,31
9769,31,97,0,0,0.01456479,0,0
9770,31,98,0,0,0.02164159,0,0
9771,31,99,0,0,0.04734590,1,32
9772,31,100,0,0,0.03266453,0,0
9773,31,101,0,0,0.01625257,0,0
9774,31,102,0,0,0.01741375,0,0
9775,31,103,0,0,0.01627411,0,0
9776,31,104,0,0,0.02254592,0,0
9777,31,105,0,0,0.03788736,0,0
9778,31,106,0,0,0.03859188,0,0
9779,31,107,0,0,0.01960338,0,0
9780,31,108,0,0,0.01682022,0,0
9781,31,109,0,0,0.01671447,0,0
9782,31,110,0,0,0.00955569,0,0
9783,31,111,0,0,0.03712778,0,0
9784,31,112,0,0,0.02179985,0,0
9785,31,113,0,0,0.01756801,0,0
9786,31,114,0,0,0.04152243,1,32
9787,31,115,0,0,0.00652681,0,0
9788,31,116,0,0,0.01160096,0,0
9789,31,117,0,0,0.05911477,1,32
9790,31,118,0,0,0.01071563,0,0
9791,31,119,0,0,0.01354015,0,0
9792,31,120,0,0,0.01946687,0,0
9793,31,121,0,0,0.01792743,0,0
9794,31,122,0,0,0.02445355,0,0
9795,31,123,0,0,0.01170495,0,0
9796,31,124,0,0,0.04376905,1,31
9797,31,125,0,0,0.05276786,1,31
9798,31,126,0,0,0.01618642,0,0
9799,31,127,0,0,0.02926088,0,0
9800,31,128,0,0,0.01956943,0,0
9801,31,129,0,0,0.05136025,1,31
9802,31,130,0,0,0.01013249,0,0
9803,31,131,0,0,0.02156989,0,0
9804,31,132,0,0,0.00893214,0,0
9805,31,133,0,0,0.02338370,0,0
9806,31,134,0,0,0.02454664,0,0
9807,31,135,0,0,0.00401532,0,0
9808,31,136,0,0,0.02444597,0,0
9809,31,137,0,0,0.01390643,0,0
9810,31,138,0,0,0.03714214,0,0
9811,31,139,0,0,0.01688815,0,0
9812,31,140,0,0,0.03443557,0,0
9813,31,141,0,0,0.06017075,1,32
9814,31,142,0,0,0.03470477,0,0
9815,31,143,0,0,0.01717768,0,0
9816,31,144,0,0,0.03520680,0,0
9817,31,145,0,0,0.03230079,0,0
9818,31,146,0,0,0.01341821,0,0
9819,31,147,0,0,0.00944714,0,0
9820,31,148,0,0,0.02157648,0,0
9821,31,149,0,0,0.03799320,0,0
9822,31,150,0,0,0.02048456,0,0
9823,31,151,0,0,0.00661324,0,0
9824,31,152,0,0,0.02420334,0,0
9825,31,153,0,0,0.00848491,0,0
9826,31,154,0,0,0.02053495,0,0
9827,31,155,0,0,0.03104295,0,0
9828,31,156,0,0,0.01503859,0,0
9829,31,157,0,0,0.04370781,1,29
9830,31,158,0,0,0.02887487,0,0
9831,31,159,0,0,0.03343605,0,0
9832,31,160,0,0,0.02397834,0,0
9833,31,161,0,0,0.01629551,0,0
9834,31,162,0,0,0.05318806,1,32
9835,31,163,0,0,0.02729707,0,0
9836,31,164,0,0,0.02368421,0,0
9837,31,165,0,0,0.01336558,0,0
9838,31,166,0,0,0.01973497,0,0
9839,31,167,0,0,0.03613045,0,0
9840,31,168,0,0,0.02077954,0,0
9841,31,169,0,0,0.03094123,0,0
9842,31,170,0,0,0.01081404,0,0
9843,31,171,0,0,0.01565988,0,0
9844,31,172,0,0,0.01805304,0,0
9845,31,173,0,0,0.00647155,0,0
9846,31,174,0,0,0.03037551,0,0
9847,31,175,0,0,0.02079694,0,0
9848,31,176,0,0,0.01465769,0,0
9849,31,177,0,0,0.01238159,0,0
9850,31,178,0,0,0.02470593,0,0
9851,31,179,0,0,0.02255825,0,0
9852,31,180,0,0,0.01985971,0,0
9853,31,181,0,0,0.02017045,0,0
9854,31,182,0,0,0.01198369,0,0
9855,31,183,0,0,0.01279842,0,0
9856,31,184,0,0,0.01387785,0,0
9857,31,185,0,0,0.00879815,0,0
9858,31,186,0,0,0.00803953,0,0
9859,31,187,0,0,0.02261871,0,0
9860,31,188,0,0,0.01011385,0,0
9861,31,189,0,0,0.01770103,0,0
9862,31,190,0,0,0.03406106,0,0
9863,31,191,0,0,0.01624700,0,0
9864,31,192,0,0,0.01840733,0,0
9865,31,193,0,0,0.00559990,0,0
9866,31,194,0,0,0.03029444,0,0
9867,31,195,0,0,0.03324360,0,0
9868,31,196,0,0,0.02223717,0,0
9869,31,197,0,0,0.02044578,0,0
9870,31,198,0,0,0.02400380,0,0
9871,31,199,0,0,0.01778823,0,0
9872,31,200,0,0,0.02105026,0,0
9873,31,201,0,0,0.02534278,0,0
9874,31,202,0,0,0.00918420,0,0
9875,31,203,0,0,0.02104138,0,0
9876,31,204,0,0,0.02346610,0,0
9877,31,205,0,0,0.01637391,0,0
9878,31,206,0,0,0.04915750,1,30
9879,31,207,0,0,0.04460459,1,25
9880,31,208,0,0,0.01113398,0,0
9881,31,209,0,0,0.03254873,0,0
9882,31,210,0,0,0.02213126,0,0
9883,31,211,0,0,0.01852897,0,0
9884,31,212,0,0,0.01359841,0,0
9885,31,213,0,0,0.03066726,0,0
9886,31,214,0,0,0.01550158,0,0
9887,31,215,0,0,0.02810960,0,0
9888,31,216,0,0,0.02833664,0,0
9889,31,217,0,0,0.06275973,1,32
9890,31,218,0,0,0.02257150,0,0
9891,31,219,0,0,0.02095643,0,0
9892,31,220,0,0,0.02430335,0,0
9893,31,221,0,0,0.02461904,0,0
9894,31,222,0,0,0.02911332,0,0
9895,31,223,0,0,0.01729076,0,0
9896,31,224,0,0,0.01954129,0,0
9897,31,225,0,0,0.04065245,1,32
9898,31,226,0,0,0.02275987,0,0
9899,31,227,0,0,0.02748391,0,0
9900,31,228,0,0,0.02086864,0,0
9901,31,229,0,0,0.03412312,0,0
9902,31,230,0,0,0.03819469,0,0
9903,31,231,0,0,0.02762919,0,0
9904,31,232,0,0,0.02337932,0,0
9905,31,233,0,0,0.03074106,0,0
9906,31,234,0,0,0.04967978,1,32
9907,31,235,0,0,0.02068061,0,0
9908,31,236,0,0,0.01059534,0,0
9909,31,237,0,0,0.01579995,0,0
9910,31,238,0,0,0.04147346,1,32
9911,31,239,0,0,0.01349121,0,0
9912,31,240,0,0,0.04698780,1,32
9913,31,241,0,0,0.01573948,0,0
9914,31,242,0,0,0.03809394,0,0
9915,31,243,0,0,0.03283039,0,0
9916,31,244,0,0,0.03054814,0,0
9917,31,245,0,0,0.01076853,0,0
9918,31,246,0,0,0.01090995,0,0
9919,31,247,0,0,0.02303002,0,0
9920,31,248,0,0,0.01477278,0,0
9921,31,249,0,0,0.02552799,0,0
9922,31,250,0,0,0.01094757,0,0
9923,31,251,0,0,0.02080558,0,0
9924,31,252,0,0,0.01835716,0,0
9925,31,253,0,0,0.02199130,0,0
9926,31,254,0,0,0.02799634,0,0
9927,31,255,0,0,0.01593805,0,0
9928,31,256,0,0,0.01398159,0,0
9929,31,257,0,0,0.01523462,0,0
9930,31,258,0,0,0.04500877,1,32
9931,31,259,0,0,0.02972823,0,0
9932,31,260,0,0,0.03161145,0,0
9933,31,261,0,0,0.01755434,0,0
9934,31,262,0,0,0.01889694,0,0
9935,31,263,0,0,0.01210371,0,0
9936,31,264,0,0,0.03392057,0,0
9937,31,265,0,0,0.03113372,0,0
9938,31,266,0,0,0.01611935,0,0
9939,31,267,0,0,0.04379649,1,31
9940,31,268,0,0,0.00468398,0,0
9941,31,269,0,0,0.01035480,0,0
9942,31,270,0,0,0.02710873,0,0
9943,31,271,0,0,0.03913359,0,0
9944,31,272,0,0,0.01478556,0,0
9945,31,273,0,0,0.01877706,0,0
9946,31,274,0,0,0.01504510,0,0
9947,31,275,0,0,0.01835633,0,0
9948,31,276,0,0,0.01573141,0,0
9949,31,277,0,0,0.03240510,0,0
9950,31,278,0,0,0.01109793,0,0
9951,31,279,0,0,0.04339156,1,32
9952,31,280,0,0,0.02197747,0,0
9953,31,281,0,0,0.02520870,0,0
9954,31,282,0,0,0.03868273,0,0
9955,31,283,0,0,0.02253799,0,0
9956,31,284,0,0,0.02493391,0,0
9957,31,285,0,0,0.02363177,0,0
9958,31,286,0,0,0.04728097,1,29
9959,31,287,0,0,0.01119569,0,0
9960,31,288,0,0,0.02993554,0,0
9961,31,289,0,0,0.01245879,0,0
9962,31,290,0,0,0.01765049,0,0
9963,31,291,0,0,0.05311038,1,32
9964,31,292,0,0,0.01363110,0,0
9965,31,293,0,0,0.01451722,0,0
9966,31,294,0,0,0.00566830,0,0
9967,31,295,0,0,0.01837420,0,0
9968,31,296,0,0,0.02047089,0,0
9969,31,297,0,0,0.02182908,0,0
9970,31,298,0,0,0.01505433,0,0
9971,31,299,0,0,0.01618851,0,0
9972,31,300,0,0,0.01472741,0,0
9973,31,301,0,0,0.01343530,0,0
9974,31,302,0,0,0.01054114,0,0
9975,31,303,0,0,0.03813746,0,0
9976,31,304,0,0,0.01657121,0,0
9977,31,305,0,0,0.02690856,0,0
9978,31,306,0,0,0.01908704,0,0
9979,31,307,0,0,0.01638833,0,0
9980,31,308,0,0,0.04414057,1,31
9981,31,309,0,0,0.02165437,0,0
9982,31,310,0,0,0.01535389,0,0
9983,31,311,0,0,0.01384253,0,0
9984,32,0,1,0,0.02096983,0,0
9985,32,1,0,0,0.01493213,0,0
9986,32,2,0,0,0.02174164,0,0
9987,32,3,0,0,0.00602487,0,0
9988,32,4,0,0,0.01399776,0,0
9989,32,5,0,0,0.01213649,0,0
9990,32,6,0,0,0.00714281,0,0
9991,32,7,0,0,0.02187116,0,0
9992,32,8,0,0,0.01356316,0,0
9993,32,9,0,0,0.01315075,0,0
9994,32,10,0,0,0.01818062,0,0
9995,32,11,0,0,0.01189381,0,0
9996,32,12,0,0,0.01337859,0,0
9997,32,13,0,0,0.01935718,0,0
9998,32,14,0,0,0.01064556,0,0
9999,32,15,0,0,0.01829185,0,0
10000,32,16,0,0,0.01980641,0,0
10001,32,17,0,0,0.02378485,0,0
10002,32,18,0,0,0.01488690,0,0
10003,32,19,0,0,0.02928521,0,0
10004,32,20,0,0,0.02807507,0,0
10005,32,21,0,0,0.03109413,0,0
10006,32,22,0,0,0.02024380,0,0
10007,32,23,0,0,0.01526414,0,0
10008,32,24,0,0,0.01486243,0,0
10009,32,25,0,0,0.04953473,1,32
10010,32,26,0,0,0.01054182,0,0
10011,32,27,0,0,0.01078999,0,0
10012,32,28,0,0,0.02214840,0,0
10013,32,29,0,0,0.03957076,0,0
10014,32,30,0,0,0.02205515,0,0
10015,32,31,0,0,0.05596533,1,16
10016,32,32,0,0,0.03288115,0,0
10017,32,33,0,0,0.04510242,1,31
10018,32,34,0,0,0.02525049,0,0
10019,32,35,0,0,0.04476340,1,32
10020,32,36,0,0,0.01622271,0,0
10021,32,37,0,0,0.01288361,0,0
10022,32,38,0,0,0.01578994,0,0
10023,32,39,0,0,0.02237298,0,0
10024,32,40,0,0,0.01935052,0,0
10025,32,41,0,0,0.02412810,0,0
10026,32,42,0,0,0.00442193,0,0
10027,32,43,0,0,0.01334726,0,0
10028,32,44,0,0,0.02136151,0,0
10029,32,45,0,0,0.02710658,0,0
10030,32,46,0,0,0.01977718,0,0
10031,32,47,0,0,0.02069075,0,0
10032,32,48,0,0,0.01988709,0,0
10033,32,49,0,0,0.02106855,0,0
10034,32,50,0,0,0.00545885,0,0
10035,32,51,0,0,0.02174161,0,0
10036,32,52,0,0,0.03754252,0,0
10037,32,53,0,0,0.00752521,0,0
10038,32,54,0,0,0.03647798,0,0
10039,32,55,0,0,0.02079267,0,0
10040,32,56,0,0,0.01584670,0,0
10041,32,57,0,0,0.02942262,0,0
10042,32,58,0,0,0.02020122,0,0
10043,32,59,0,0,0.02074219,0,0
10044,32,60,0,0,0.04056577,1,32
10045,32,61,0,0,0.01849763,0,0
10046,32,62,0,0,0.02459159,0,0
10047,32,63,0,0,0.04478890,1,31
10048,32,64,0,0,0.04615083,1,32
10049,32,65,0,0,0.02461720,0,0
10050,32,66,0,0,0.01558818,0,0
10051,32,67,0,0,0.00987077,0,0
10052,32,68,0,0,0.04498912,1,32
10053,32,69,0,0,0.01545929,0,0
10054,32,70,0,0,0.01434791,0,0
10055,32,71,0,0,0.03210529,0,0
10056,32,72,0,0,0.01626050,0,0
10057,32,73,0,0,0.02131429,0,0
10058,32,74,0,0,0.06013644,1,32
10059,32,75,0,0,0.00884019,0,0
10060,32,76,0,0,0.02837544,0,0
10061,32,77,0,0,0.03928399,0,0
10062,32,78,0,0,0.03029889,0,0
10063,32,79,0,0,0.02014768,0,0
10064,32,80,0,0,0.02673302,0,0
10065,32,81,0,0,0.05460713,1,32
10066,32,82,0,0,0.02413827,0,0
10067,32,83,0,0,0.03386937,0,0
10068,32,84,0,0,0.03352128,0,0
10069,32,85,0,0,0.02171820,0,0
10070,32,86,0,0,0.01517878,0,0
10071,32,87,0,0,0.01639525,0,0
10072,32,88,0,0,0.02076231,0,0
10073,32,89,0,0,0.01163273,0,0
10074,32,90,0,0,0.02507474,0,0
10075,32,91,0,0,0.02272075,0,0
10076,32,92,0,0,0.00572535,0,0
10077,32,93,0,0,0.03637667,0,0
10078,32,94,0,0,0.00845645,0,0
10079,32,95,0,0,0.03880569,0,0
10080,32,96,0,0,0.01565039,0,0
10081,32,97,0,0,0.03735734,0,0
10082,32,98,0,0,0.01899432,0,0
10083,32,99,0,0,0.03095441,0,0
10084,32,100,0,0,0.04448336,1,31
10085,32,101,0,0,0.05878980,1,32
10086,32,102,0,0,0.01402927,0,0
10087,32,103,0,0,0.03563141,0,0
10088,32,104,0,0,0.02874695,0,0
10089,32,105,0,0,0.01160020,0,0
10090,32,106,0,0,0.02827126,0,0
10091,32,107,0,0,0.01107266,0,0
10092,32,108,0,0,0.01204879,0,0
10093,32,109,0,0,0.01946587,0,0
10094,32,110,0,0,0.01705569,0,0
10095,32,111,0,0,0.02159609,0,0
10096,32,112,0,0,0.00876229,0,0
10097,32,113,0,0,0.01641650,0,0
10098,32,114,0,0,0.04536210,1,32
10099,32,115,0,0,0.03985432,0,0
10100,32,116,0,0,0.00630993,0,0
10101,32,117,0,0,0.02563182,0,0
10102,32,118,0,0,0.04285946,1,30
10103,32,119,0,0,0.00388187,0,0
10104,32,120,0,0,0.01587854,0,0
10105,32,121,0,0,0.04468761,1,32
10106,32,122,0,0,0.02188661,0,0
10107,32,123,0,0,0.02299834,0,0
10108,32,124,0,0,0.01894338,0,0
10109,32,125,0,0,0.01911208,0,0
10110,32,126,0,0,0.03870630,0,0
10111,32,127,0,0,0.00715277,0,0
10112,32,128,0,0,0.01243450,0,0
10113,32,129,0,0,0.02136876,0,0
10114,32,130,0,0,0.04893149,1,31
10115,32,131,0,0,0.01717953,0,0
10116,32,132,0,0,0.02435788,0,0
10117,32,133,0,0,0.01686581,0,0
10118,32,134,0,0,0.02259728,0,0
10119,32,135,0,0,0.01562449,0,0
10120,32,136,0,0,0.01191926,0,0
10121,32,137,0,0,0.03160964,0,0
10122,32,138,0,0,0.01474080,0,0
10123,32,139,0,0,0.02201178,0,0
10124,32,140,0,0,0.01293069,0,0
10125,32,141,0,0,0.03821798,0,0
10126,32,142,0,0,0.01997153,0,0
10127,32,143,0,0,0.01931309,0,0
10128,32,144,0,0,0.02873246,0,0
10129,32,145,0,0,0.05723482,1,32
10130,32,146,0,0,0.01213770,0,0
10131,32,147,0,0,0.01922094,0,0
10132,32,148,0,0,0.02875625,0,0
10133,32,149,0,0,0.02615844,0,0
10134,32,150,0,0,0.01881578,0,0
10135,32,151,0,0,0.04602851,1,32
10136,32,152,0,0,0.01548610,0,0
10137,32,153,0,0,0.03909554,0,0
10138,32,154,0,0,0.03098617,0,0
10139,32,155,0,0,0.01751408,0,0
10140,32,156,0,0,0.01972662,0,0
10141,32,157,0,0,0.00726613,0,0
10142,32,158,0,0,0.05291310,1,32
10143,32,159,0,0,0.02188497,0,0
10144,32,160,0,0,0.03134349,0,0
10145,32,161,0,0,0.02633657,0,0
10146,32,162,0,0,0.01118433,0,0
10147,32,163,0,0,0.05079734,1,32
10148,32,164,0,0,0.02641379,0,0
10149,32,165,0,0,0.01481699,0,0
10150,32,166,0,0,0.00672079,0,0
10151,32,167,0,0,0.01341866,0,0
10152,32,168,0,0,0.03289868,0,0
10153,32,169,0,0,0.01749304,0,0
10154,32,170,0,0,0.02190543,0,0
10155,32,171,0,0,0.00292991,0,0
10156,32,172,0,0,0.01964499,0,0
10157,32,173,0,0,0.00723693,0,0
10158,32,174,0,0,0.00869177,0,0
10159,32,175,0,0,0.01102329,0,0
10160,32,176,0,0,0.02029511,0,0
10161,32,177,0,0,0.02790953,0,0
10162,32,178,0,0,0.00963219,0,0
10163,32,179,0,0,0.02032442,0,0
10164,32,180,0,0,0.02728199,0,0
10165,32,181,0,0,0.02847113,0,0
10166,32,182,0,0,0.02331132,0,0
10167,32,183,0,0,0.02490374,0,0
10168,32,184,0,0,0.01489231,0,0
10169,32,185,0,0,0.01025810,0,0
10170,32,186,0,0,0.02818994,0,0
10171,32,187,0,0,0.00976472,0,0
10172,32,188,0,0,0.03563192,0,0
10173,32,189,0,0,0.01706510,0,0
10174,32,190,0,0,0.01009180,0,0
10175,32,191,0,0,0.01911128,0,0
10176,32,192,0,0,0.03248433,0,0
10177,32,193,0,0,0.02933463,0,0
10178,32,194,0,0,0.01167689,0,0
10179,32,195,0,0,0.04322224,1,31
10180,32,196,0,0,0.04246049,1,32
10181,32,197,0,0,0.01955245,0,0
10182,32,198,0,0,0.00939795,0,0
10183,32,199,0,0,0.02670904,0,0
10184,32,200,0,0,0.01702549,0,0
10185,32,201,0,0,0.03325918,0,0
10186,32,202,0,0,0.02007124,0,0
10187,32,203,0,0,0.01935466,0,0
10188,32,204,0,0,0.03295499,0,0
10189,32,205,0,0,0.02276359,0,0
10190,32,206,0,0,0.02126180,0,0
10191,32,207,0,0,0.02862993,0,0
10192,32,208,0,0,0.03754307,0,0
10193,32,209,0,0,0.01802892,0,0
10194,32,210,0,0,0.04109586,1,32
10195,32,211,0,0,0.01607232,0,0
10196,32,212,0,0,0.03574819,0,0
10197,32,213,0,0,0.01465219,0,0
10198,32,214,0,0,0.02030639,0,0
10199,32,215,0,0,0.01359609,0,0
10200,32,216,0,0,0.01751796,0,0
10201,32,217,0,0,0.02183551,0,0
10202,32,218,0,0,0.03472226,0,0
10203,32,219,0,0,0.03936112,0,0
10204,32,220,0,0,0.02156103,0,0
10205,32,221,0,0,0.01665277,0,0
10206,32,222,0,0,0.04008197,1,32
10207,32,223,0,0,0.03233108,0,0
10208,32,224,0,0,0.01958538,0,0
10209,32,225,0,0,0.04633062,1,32
10210,32,226,0,0,0.03826160,0,0
10211,32,227,0,0,0.01117757,0,0
10212,32,228,0,0,0.02855145,0,0
10213,32,229,0,0,0.02843788,0,0
10214,32,230,0,0,0.03062582,0,0
10215,32,231,0,0,0.02553501,0,0
10216,32,232,0,0,0.03436326,0,0
10217,32,233,0,0,0.03107095,0,0
10218,32,234,0,0,0.03245461,0,0
10219,32,235,0,0,0.02157881,0,0
10220,32,236,0,0,0.01014020,0,0
10221,32,237,0,0,0.01434030,0,0
10222,32,238,0,0,0.03041951,0,0
10223,32,239,0,0,0.02336732,0,0
10224,32,240,0,0,0.01201096,0,0
10225,32,241,0,0,0.05264254,1,31
10226,32,242,0,0,0.01809753,0,0
10227,32,243,0,0,0.01747707,0,0
10228,32,244,0,0,0.05071888,1,32
10229,32,245,0,0,0.03468787,0,0
10230,32,246,0,0,0.01247281,0,0
10231,32,247,0,0,0.03934944,0,0
10232,32,248,0,0,0.02322891,0,0
10233,32,249,0,0,0.01426435,0,0
10234,32,250,0,0,0.01735884,0,0
10235,32,251,0,0,0.01345770,0,0
10236,32,252,0,0,0.01586659,0,0
10237,32,253,0,0,0.01945111,0,0
10238,32,254,0,0,0.01646045,0,0
10239,32,255,0,0,0.01733575,0,0
10240,32,256,0,0,0.04843533,1,32
10241,32,257,0,0,0.01018297,0,0
10242,32,258,0,0,0.01488902,0,0
10243,32,259,0,0,0.03496621,0,0
10244,32,260,0,0,0.01639697,0,0
10245,32,261,0,0,0.02333728,0,0
10246,32,262,0,0,0.01950398,0,0
10247,32,263,0,0,0.02877130,0,0
10248,32,264,0,0,0.01685442,0,0
10249,32,265,0,0,0.02096587,0,0
10250,32,266,0,0,0.02236005,0,0
10251,32,267,0,0,0.01448306,0,0
10252,32,268,0,0,0.05763674,1,30
10253,32,269,0,0,0.00886043,0,0
10254,32,270,0,0,0.01059006,0,0
10255,32,271,0,0,0.01710153,0,0
10256,32,272,0,0,0.02765585,0,0
10257,32,273,0,0,0.01646261,0,0
10258,32,274,0,0,0.01307462,0,0
10259,32,275,0,0,0.02352564,0,0
10260,32,276,0,0,0.02217732,0,0
10261,32,277,0,0,0.01430243,0,0
10262,32,278,0,0,0.02370251,0,0
10263,32,279,0,0,0.01245370,0,0
10264,32,280,0,0,0.03259077,0,0
10265,32,281,0,0,0.02595734,0,0
10266,32,282,0,0,0.01722402,0,0
10267,32,283,0,0,0.01691020,0,0
10268,32,284,0,0,0.03023894,0,0
10269,32,285,0,0,0.00935553,0,0
10270,32,286,0,0,0.03344868,0,0
10271,32,287,0,0,0.04912031,1,31
10272,32,288,0,0,0.01704369,0,0
10273,32,289,0,0,0.01278585,0,0
10274,32,290,0,0,0.01001100,0,0
10275,32,291,0,0,0.02686367,0,0
10276,32,292,0,0,0.04436928,1,32
10277,32,293,0,0,0.01124104,0,0
10278,32,294,0,0,0.02320862,0,0
10279,32,295,0,0,0.02199272,0,0
10280,32,296,0,0,0.01743154,0,0
10281,32,297,0,0,0.02399909,0,0
10282,32,298,0,0,0.04591430,1,32
10283,32,299,0,0,0.01227617,0,0
10284,32,300,0,0,0.01571070,0,0
10285,32,301,0,0,0.01150097,0,0
10286,32,302,0,0,0.03508931,0,0
10287,32,303,0,0,0.01884490,0,0
10288,32,304,0,0,0.02221734,0,0
10289,32,305,0,0,0.01713400,0,0
10290,32,306,0,0,0.04043939,1,32
10291,32,307,0,0,0.01601202,0,0
10292,32,308,0,0,0.01326185,0,0
10293,32,309,0,0,0.04005747,1,32
10294,32,310,0,0,0.03008804,0,0
10295,32,311,0,0,0.03787326,0,0
10296,33,0,1,0,0.01844756,0,0
10297,33,1,0,0,0.02176677,0,0
10298,33,2,0,0,0.01783326,0,0
10299,33,3,0,0,0.01705518,0,0
10300,33,4,0,0,0.01046184,0,0
10301,33,5,0,0,0.01701650,0,0
10302,33,6,0,0,0.01754243,0,0
10303,33,7,0,0,0.00648908,0,0
10304,33,8,0,0,0.02947361,0,0
10305,33,9,0,0,0.01601358,0,0
10306,33,10,0,0,0.05113427,1,32
10307,33,11,0,0,0.02333836,0,0
10308,33,12,0,0,0.01639733,0,0
10309,33,13,0,0,0.02406962,0,0
10310,33,14,0,0,0.01478490,0,0
10311,33,15,0,0,0.00549134,0,0
10312,33,16,0,0,0.02010643,0,0
10313,33,17,0,0,0.04126533,1,32
10314,33,18,0,0,0.01538289,0,0
10315,33,19,0,0,0.02480692,0,0
10316,33,20,0,0,0.03386091,0,0
10317,33,21,0,0,0.02077292,0,0
10318,33,22,0,0,0.02126976,0,0
10319,33,23,0,0,0.02071273,0,0
10320,33,24,0,0,0.01829800,0,0
10321,33,25,0,0,0.01444095,0,0
10322,33,26,0,0,0.04459662,1,30
10323,33,27,0,0,0.01109957,0,0
10324,33,28,0,0,0.03087134,0,0
10325,33,29,0,0,0.02444271,0,0
10326,33,30,0,0,0.02934363,0,0
10327,33,31,0,0,0.00956100,0,0
10328,33,32,0,0,0.07967094,1,16
10329,33,33,0,0,0.00884988,0,0
10330,33,34,0,0,0.02277748,0,0
10331,33,35,0,0,0.03911098,0,0
10332,33,36,0,0,0.04463231,1,32
10333,33,37,0,0,0.01556545,0,0
10334,33,38,0,0,0.01340959,0,0
10335,33,39,0,0,0.03599943,0,0
10336,33,40,0,0,0.04524469,1,32
10337,33,41,0,0,0.02186505,0,0
10338,33,42,0,0,0.02906706,0,0
10339,33,43,0,0,0.02223188,0,0
10340,33,44,0,0,0.01046973,0,0
10341,33,45,0,0,0.01248411,0,0
10342,33,46,0,0,0.03044794,0,0
10343,33,47,0,0,0.02042494,0,0
10344,33,48,0,0,0.05218981,1,32
10345,33,49,0,0,0.01712972,0,0
10346,33,50,0,0,0.02231049,0,0
10347,33,51,0,0,0.01564169,0,0
10348,33,52,0,0,0.02302658,0,0
10349,33,53,0,0,0.05259800,1,32
10350,33,54,0,0,0.01981521,0,0
10351,33,55,0,0,0.04104087,1,32
10352,33,56,0,0,0.06897140,1,32
10353,33,57,0,0,0.02152454,0,0
10354,33,58,0,0,0.03142911,0,0
10355,33,59,0,0,0.02939318,0,0
10356,33,60,0,0,0.05434255,1,32
10357,33,61,0,0,0.03257195,0,0
10358,33,62,0,0,0.01207769,0,0
10359,33,63,0,0,0.04235220,1,32
10360,33,64,0,0,0.08978131,1,32
10361,33,65,0,0,0.07065040,1,32
10362,33,66,0,0,0.02715765,0,0
10363,33,67,0,0,0.02103600,0,0
10364,33,68,0,0,0.01882491,0,0
10365,33,69,0,0,0.05276367,1,32
10366,33,70,0,0,0.02926682,0,0
10367,33,71,0,0,0.02157562,0,0
10368,33,72,0,0,0.04687119,1,32
10369,33,73,0,0,0.03680074,0,0
10370,33,74,0,0,0.02236176,0,0
10371,33,75,0,0,0.06622154,1,32
10372,33,76,0,0,0.01238038,0,0
10373,33,77,0,0,0.02308921,0,0
10374,33,78,0,0,0.01699549,0,0
10375,33,79,0,0,0.03273684,0,0
10376,33,80,0,0,0.03948300,0,0
10377,33,81,0,0,0.02863982,0,0
10378,33,82,0,0,0.04031295,1,32
10379,33,83,0,0,0.04106076,1,32
10380,33,84,0,0,0.03208631,0,0
10381,33,85,0,0,0.04948606,1,32
10382,33,86,0,0,0.02049790,0,0
10383,33,87,0,0,0.01399255,0,0
10384,33,88,0,0,0.03105043,0,0
10385,33,89,0,0,0.01412663,0,0
10386,33,90,0,0,0.01537011,0,0
10387,33,91,0,0,0.05662708,1,31
10388,33,92,0,0,0.03441264,0,0
10389,33,93,0,0,0.00862554,0,0
10390,33,94,0,0,0.03054505,0,0
10391,33,95,0,0,0.02762241,0,0
10392,33,96,0,0,0.02522483,0,0
10393,33,97,0,0,0.01761803,0,0
10394,33,98,0,0,0.05233898,1,32
10395,33,99,0,0,0.02484373,0,0
10396,33,100,0,0,0.02552303,0,0
10397,33,101,0,0,0.05741154,1,32
10398,33,102,0,0,0.05429423,1,32
10399,33,103,0,0,0.02072915,0,0
10400,33,104,0,0,0.01025112,0,0
10401,33,105,0,0,0.03169924,0,0
10402,33,106,0,0,0.01272960,0,0
10403,33,107,0,0,0.02175940,0,0
10404,33,108,0,0,0.02344289,0,0
10405,33,109,0,0,0.02294274,0,0
10406,33,110,0,0,0.01673535,0,0
10407,33,111,0,0,0.04491120,1,32
10408,33,112,0,0,0.00758664,0,0
10409,33,113,0,0,0.03086422,0,0
10410,33,114,0,0,0.02019644,0,0
10411,33,115,0,0,0.02714752,0,0
10412,33,116,0,0,0.04446983,1,32
10413,33,117,0,0,0.01638095,0,0
10414,33,118,0,0,0.02846321,0,0
10415,33,119,0,0,0.06178209,1,32
10416,33,120,0,0,0.00727431,0,0
10417,33,121,0,0,0.01606154,0,0
10418,33,122,0,0,0.02785055,0,0
10419,33,123,0,0,0.02540141,0,0
10420,33,124,0,0,0.01876285,0,0
10421,33,125,0,0,0.02911824,0,0
10422,33,126,0,0,0.05775182,1,31
10423,33,127,0,0,0.04234923,1,32
10424,33,128,0,0,0.01678748,0,0
10425,33,129,0,0,0.01678625,0,0
10426,33,130,0,0,0.01721876,0,0
10427,33,131,0,0,0.09301122,1,32
10428,33,132,0,0,0.01067675,0,0
10429,33,133,0,0,0.02560638,0,0
10430,33,134,0,0,0.01713262,0,0
10431,33,135,0,0,0.03247364,0,0
10432,33,136,0,0,0.05163709,1,32
10433,33,137,0,0,0.00578716,0,0
10434,33,138,0,0,0.04478002,1,32
10435,33,139,0,0,0.01575477,0,0
10436,33,140,0,0,0.04824617,1,32
10437,33,141,0,0,0.01238650,0,0
10438,33,142,0,0,0.02870817,0,0
10439,33,143,0,0,0.03554513,0,0
10440,33,144,0,0,0.03589744,0,0
10441,33,145,0,0,0.05735810,1,32
10442,33,146,0,0,0.05011597,1,32
10443,33,147,0,0,0.01423845,0,0
10444,33,148,0,0,0.01226795,0,0
10445,33,149,0,0,0.00647456,0,0
10446,33,150,0,0,0.01608860,0,0
10447,33,151,0,0,0.02428863,0,0
10448,33,152,0,0,0.02266392,0,0
10449,33,153,0,0,0.03100773,0,0
10450,33,154,0,0,0.05261710,1,31
10451,33,155,0,0,0.02200015,0,0
10452,33,156,0,0,0.01658816,0,0
10453,33,157,0,0,0.03501699,0,0
10454,33,158,0,0,0.01040811,0,0
10455,33,159,0,0,0.03328320,0,0
10456,33,160,0,0,0.02369393,0,0
10457,33,161,0,0,0.05654961,1,32
10458,33,162,0,0,0.02298572,0,0
10459,33,163,0,0,0.01576979,0,0
10460,33,164,0,0,0.08901435,1,32
10461,33,165,0,0,0.02554399,0,0
10462,33,166,0,0,0.01450862,0,0
10463,33,167,0,0,0.01989680,0,0
10464,33,168,0,0,0.03234716,0,0
10465,33,169,0,0,0.01836872,0,0
10466,33,170,0,0,0.01501609,0,0
10467,33,171,0,0,0.04038267,1,32
10468,33,172,0,0,0.01128265,0,0
10469,33,173,0,0,0.02391654,0,0
10470,33,174,0,0,0.02775110,0,0
10471,33,175,0,0,0.02788854,0,0
10472,33,176,0,0,0.01520993,0,0
10473,33,177,0,0,0.03741142,0,0
10474,33,178,0,0,0.03122548,0,0
10475,33,179,0,0,0.00924377,0,0
10476,33,180,0,0,0.02484723,0,0
10477,33,181,0,0,0.02344977,0,0
10478,33,182,0,0,0.02083180,0,0
10479,33,183,0,0,0.01700892,0,0
10480,33,184,0,0,0.02392629,0,0
10481,33,185,0,0,0.00983990,0,0
10482,33,186,0,0,0.01580143,0,0
10483,33,187,0,0,0.01637255,0,0
10484,33,188,0,0,0.01389454,0,0
10485,33,189,0,0,0.05204559,1,31
10486,33,190,0,0,0.01997940,0,0
10487,33,191,0,0,0.01705167,0,0
10488,33,192,0,0,0.06322475,1,32
10489,33,193,0,0,0.02296757,0,0
10490,33,194,0,0,0.04148382,1,32
10491,33,195,0,0,0.00754549,0,0
10492,33,196,0,0,0.02372728,0,0
10493,33,197,0,0,0.02957249,0,0
10494,33,198,0,0,0.02929240,0,0
10495,33,199,0,0,0.01977070,0,0
10496,33,200,0,0,0.02511565,0,0
10497,33,201,0,0,0.01120195,0,0
10498,33,202,0,0,0.04339758,1,32
10499,33,203,0,0,0.04310981,1,32
10500,33,204,0,0,0.01558409,0,0
10501,33,205,0,0,0.03167889,0,0
10502,33,206,0,0,0.04433633,1,32
10503,33,207,0,0,0.02543281,0,0
10504,33,208,0,0,0.06353642,1,32
10505,33,209,0,0,0.05009625,1,32
10506,33,210,0,0,0.01409613,0,0
10507,33,211,0,0,0.03902623,0,0
10508,33,212,0,0,0.02440577,0,0
10509,33,213,0,0,0.04503812,1,32
10510,33,214,0,0,0.02003442,0,0
10511,33,215,0,0,0.01567373,0,0
10512,33,216,0,0,0.02573007,0,0
10513,33,217,0,0,0.02179515,0,0
10514,33,218,0,0,0.02621068,0,0
10515,33,219,0,0,0.04759156,1,32
10516,33,220,0,0,0.03665215,0,0
10517,33,221,0,0,0.02033887,0,0
10518,33,222,0,0,0.01364012,0,0
10519,33,223,0,0,0.05884988,1,32
10520,33,224,0,0,0.03262960,0,0
10521,33,225,0,0,0.01818162,0,0
10522,33,226,0,0,0.03362303,0,0
10523,33,227,0,0,0.05176701,1,32
10524,33,228,0,0,0.02588523,0,0
10525,33,229,0,0,0.05549875,1,32
10526,33,230,0,0,0.03226092,0,0
10527,33,231,0,0,0.05499110,1,32
10528,33,232,0,0,0.02909856,0,0
10529,33,233,0,0,0.04232967,1,32
10530,33,234,0,0,0.03689685,0,0
10531,33,235,0,0,0.04593983,1,32
10532,33,236,0,0,0.04360753,1,32
10533,33,237,0,0,0.01530668,0,0
10534,33,238,0,0,0.01393010,0,0
10535,33,239,0,0,0.02876055,0,0
10536,33,240,0,0,0.05121159,1,32
10537,33,241,0,0,0.01213807,0,0
10538,33,242,0,0,0.08895452,1,32
10539,33,243,0,0,0.02551697,0,0
10540,33,244,0,0,0.02462628,0,0
10541,33,245,0,0,0.09045455,1,32
10542,33,246,0,0,0.02475809,0,0
10543,33,247,0,0,0.01752717,0,0
10544,33,248,0,0,0.02711109,0,0
10545,33,249,0,0,0.01821408,0,0
10546,33,250,0,0,0.02016406,0,0
10547,33,251,0,0,0.02309685,0,0
10548,33,252,0,0,0.01406928,0,0
10549,33,253,0,0,0.02767898,0,0
10550,33,254,0,0,0.02346558,0,0
10551,33,255,0,0,0.02313388,0,0
10552,33,256,0,0,0.05299693,1,32
10553,33,257,0,0,0.01928427,0,0
10554,33,258,0,0,0.01013029,0,0
10555,33,259,0,0,0.06454632,1,32
10556,33,260,0,0,0.05859923,1,32
10557,33,261,0,0,0.04019050,1,32
10558,33,262,0,0,0.02191864,0,0
10559,33,263,0,0,0.02655309,0,0
10560,33,264,0,0,0.02418254,0,0
10561,33,265,0,0,0.03849274,0,0
10562,33,266,0,0,0.04284498,1,32
10563,33,267,0,0,0.03587884,0,0
10564,33,268,0,0,0.01832400,0,0
10565,33,269,0,0,0.03700355,0,0
10566,33,270,0,0,0.01758512,0,0
10567,33,271,0,0,0.02515863,0,0
10568,33,272,0,0,0.04585249,1,32
10569,33,273,0,0,0.05098088,1,32
10570,33,274,0,0,0.03714797,0,0
10571,33,275,0,0,0.02085441,0,0
10572,33,276,0,0,0.04808877,1,32
10573,33,277,0,0,0.01227546,0,0
10574,33,278,0,0,0.02800640,0,0
10575,33,279,0,0,0.03009967,0,0
10576,33,280,0,0,0.01182865,0,0
10577,33,281,0,0,0.04467652,1,31
10578,33,282,0,0,0.02621496,0,0
10579,33,283,0,0,0.01499862,0,0
10580,33,284,0,0,0.02219610,0,0
10581,33,285,0,0,0.03720828,0,0
10582,33,286,0,0,0.02756064,0,0
10583,33,287,0,0,0.03170504,0,0
10584,33,288,0,0,0.04218219,1,32
10585,33,289,0,0,0.02098659,0,0
10586,33,290,0,0,0.02623185,0,0
10587,33,291,0,0,0.01064061,0,0
10588,33,292,0,0,0.01515453,0,0
10589,33,293,0,0,0.04173453,1,32
10590,33,294,0,0,0.01820058,0,0
10591,33,295,0,0,0.03720047,0,0
10592,33,296,0,0,0.02150334,0,0
10593,33,297,0,0,0.02202787,0,0
10594,33,298,0,0,0.03891394,0,0
10595,33,299,0,0,0.04396518,1,32
10596,33,300,0,0,0.03216412,0,0
10597,33,301,0,0,0.02268400,0,0
10598,33,302,0,0,0.02049611,0,0
10599,33,303,0,0,0.02167403,0,0
10600,33,304,0,0,0.00949301,0,0
10601,33,305,0,0,0.05540119,1,32
10602,33,306,0,0,0.01150227,0,0
10603,33,307,0,0,0.04295158,1,31
10604,33,308,0,0,0.01988883,0,0
10605,33,309,0,0,0.01622276,0,0
10606,33,310,0,0,0.04422889,1,32
10607,33,311,0,0,0.04881630,1,32
10608,34,0,1,0,0.01859955,0,0
10609,34,1,0,0,0.02145508,0,0
10610,34,2,0,0,0.02652868,0,0
10611,34,3,0,0,0.02713089,0,0
10612,34,4,0,0,0.01913042,0,0
10613,34,5,0,0,0.01033501,0,0
10614,34,6,0,0,0.01712164,0,0
10615,34,7,0,0,0.01349263,0,0
10616,34,8,0,0,0.00853765,0,0
10617,34,9,0,0,0.04902249,1,32
10618,34,10,0,0,0.03626683,0,0
10619,34,11,0,0,0.05574045,1,31
10620,34,12,0,0,0.02435311,0,0
10621,34,13,0,0,0.01115236,0,0
10622,34,14,0,0,0.02093972,0,0
10623,34,15,0,0,0.01377980,0,0
10624,34,16,0,0,0.00505324,0,0
10625,34,17,0,0,0.03604456,0,0
10626,34,18,0,0,0.04619755,1,32
10627,34,19,0,0,0.02456099,0,0
10628,34,20,0,0,0.02516882,0,0
10629,34,21,0,0,0.02432024,0,0
10630,34,22,0,0,0.03854165,0,0
10631,34,23,0,0,0.03750457,0,0
10632,34,24,0,0,0.02251622,0,0
10633,34,25,0,0,0.01901794,0,0
10634,34,26,0,0,0.03002072,0,0
10635,34,27,0,0,0.05103605,1,32
10636,34,28,0,0,0.01476911,0,0
10637,34,29,0,0,0.01717928,0,0
10638,34,30,0,0,0.02818485,0,0
10639,34,31,0,0,0.05187919,1,32
10640,34,32,0,0,0.02373096,0,0
10641,34,33,0,0,0.12337522,1,16
10642,34,34,0,0,0.02263036,0,0
10643,34,35,0,0,0.02160120,0,0
10644,34,36,0,0,0.01568121,0,0
10645,34,37,0,0,0.04017553,1,32
10646,34,38,0,0,0.02296390,0,0
10647,34,39,0,0,0.01811845,0,0
10648,34,40,0,0,0.01727216,0,0
10649,34,41,0,0,0.01192499,0,0
10650,34,42,0,0,0.01422676,0,0
10651,34,43,0,0,0.02217069,0,0
10652,34,44,0,0,0.01451638,0,0
10653,34,45,0,0,0.01625058,0,0
10654,34,46,0,0,0.01674415,0,0
10655,34,47,0,0,0.02499025,0,0
10656,34,48,0,0,0.02126096,0,0
10657,34,49,0,0,0.00941508,0,0
10658,34,50,0,0,0.01753564,0,0
10659,34,51,0,0,0.03349364,0,0
10660,34,52,0,0,0.01126043,0,0
10661,34,53,0,0,0.01647059,0,0
10662,34,54,0,0,0.01901954,0,0
10663,34,55,0,0,0.02223076,0,0
10664,34,56,0,0,0.02509659,0,0
10665,34,57,0,0,0.02853242,0,0
10666,34,58,0,0,0.04205943,1,32
10667,34,59,0,0,0.03126995,0,0
10668,34,60,0,0,0.01612226,0,0
10669,34,61,0,0,0.02249481,0,0
10670,34,62,0,0,0.02483517,0,0
10671,34,63,0,0,0.01083007,0,0
10672,34,64,0,0,0.01969375,0,0
10673,34,65,0,0,0.03688241,0,0
10674,34,66,0,0,0.04827564,1,31
10675,34,67,0,0,0.04469123,1,32
10676,34,68,0,0,0.01490807,0,0
10677,34,69,0,0,0.01299786,0,0
10678,34,70,0,0,0.02150343,0,0
10679,34,71,0,0,0.03115400,0,0
10680,34,72,0,0,0.02739812,0,0
10681,34,73,0,0,0.01657570,0,0
10682,34,74,0,0,0.02185958,0,0
10683,34,75,0,0,0.02556060,0,0
10684,34,76,0,0,0.02446362,0,0
10685,34,77,0,0,0.00849444,0,0
10686,34,78,0,0,0.02561017,0,0
10687,34,79,0,0,0.04005183,1,32
10688,34,80,0,0,0.02494812,0,0
10689,34,81,0,0,0.01826094,0,0
10690,34,82,0,0,0.04218726,1,28
10691,34,83,0,0,0.06418519,1,30
10692,34,84,0,0,0.01476760,0,0
10693,34,85,0,0,0.01328474,0,0
10694,34,86,0,0,0.04822707,1,31
10695,34,87,0,0,0.01811538,0,0
10696,34,88,0,0,0.00676931,0,0
10697,34,89,0,0,0.01268966,0,0
10698,34,90,0,0,0.01927030,0,0
10699,34,91,0,0,0.01186612,0,0
10700,34,92,0,0,0.01755073,0,0
10701,34,93,0,0,0.00351862,0,0
10702,34,94,0,0,0.01095306,0,0
10703,34,95,0,0,0.03807726,0,0
10704,34,96,0,0,0.02394686,0,0
10705,34,97,0,0,0.01340593,0,0
10706,34,98,0,0,0.01456625,0,0
10707,34,99,0,0,0.05027188,1,29
10708,34,100,0,0,0.01346785,0,0
10709,34,101,0,0,0.03619664,0,0
10710,34,102,0,0,0.05217827,1,32
10711,34,103,0,0,0.00580692,0,0
10712,34,104,0,0,0.01709223,0,0
10713,34,105,0,0,0.01508537,0,0
10714,34,106,0,0,0.01271986,0,0
10715,34,107,0,0,0.00698604,0,0
10716,34,108,0,0,0.01723791,0,0
10717,34,109,0,0,0.02989459,0,0
10718,34,110,0,0,0.01676129,0,0
10719,34,111,0,0,0.01042195,0,0
10720,34,112,0,0,0.02600722,0,0
10721,34,113,0,0,0.00779816,0,0
10722,34,114,0,0,0.02003792,0,0
10723,34,115,0,0,0.02244259,0,0
10724,34,116,0,0,0.02126870,0,0
10725,34,117,0,0,0.03352948,0,0
10726,34,118,0,0,0.01729807,0,0
10727,34,119,0,0,0.00740394,0,0
10728,34,120,0,0,0.03533243,0,0
10729,34,121,0,0,0.00944468,0,0
10730,34,122,0,0,0.01742679,0,0
10731,34,123,0,0,0.02969404,0,0
10732,34,124,0,0,0.01691812,0,0
10733,34,125,0,0,0.02118996,0,0
10734,34,126,0,0,0.02897545,0,0
10735,34,127,0,0,0.03543096,0,0
10736,34,128,0,0,0.01849353,0,0
10737,34,129,0,0,0.02253547,0,0
10738,34,130,0,0,0.00956669,0,0
10739,34,131,0,0,0.01910932,0,0
10740,34,132,0,0,0.03573474,0,0
10741,34,133,0,0,0.00847717,0,0
10742,34,134,0,0,0.00860403,0,0
10743,34,135,0,0,0.03872339,0,0
10744,34,136,0,0,0.01111897,0,0
10745,34,137,0,0,0.04376333,1,32
10746,34,138,0,0,0.02052581,0,0
10747,34,139,0,0,0.01374593,0,0
10748,34,140,0,0,0.02166957,0,0
10749,34,141,0,0,0.02671090,0,0
10750,34,142,0,0,0.01333769,0,0
10751,34,143,0,0,0.02544056,0,0
10752,34,144,0,0,0.02485579,0,0
10753,34,145,0,0,0.02919736,0,0
10754,34,146,0,0,0.03324337,0,0
10755,34,147,0,0,0.04561869,1,32
10756,34,148,0,0,0.02409413,0,0
10757,34,149,0,0,0.01471387,0,0
10758,34,150,0,0,0.01952741,0,0
10759,34,151,0,0,0.02207870,0,0
10760,34,152,0,0,0.01414496,0,0
10761,34,153,0,0,0.02290132,0,0
10762,34,154,0,0,0.02281040,0,0
10763,34,155,0,0,0.02261607,0,0
10764,34,156,0,0,0.01766083,0,0
10765,34,157,0,0,0.01519051,0,0
10766,34,158,0,0,0.02298626,0,0
10767,34,159,0,0,0.00809548,0,0
10768,34,160,0,0,0.04837161,1,31
10769,34,161,0,0,0.01199710,0,0
10770,34,162,0,0,0.02849358,0,0
10771,34,163,0,0,0.01035722,0,0
10772,34,164,0,0,0.00685689,0,0
10773,34,165,0,0,0.04349530,1,32
10774,34,166,0,0,0.01901625,0,0
10775,34,167,0,0,0.00753140,0,0
10776,34,168,0,0,0.01086632,0,0
10777,34,169,0,0,0.02158891,0,0
10778,34,170,0,0,0.01413514,0,0
10779,34,171,0,0,0.01086620,0,0
10780,34,172,0,0,0.04115603,1,31
10781,34,173,0,0,0.00795473,0,0
10782,34,174,0,0,0.00808308,0,0
10783,34,175,0,0,0.02181449,0,0
10784,34,176,0,0,0.01477639,0,0
10785,34,177,0,0,0.01300806,0,0
10786,34,178,0,0,0.01449234,0,0
10787,34,179,0,0,0.01757078,0,0
10788,34,180,0,0,0.01449560,0,0
10789,34,181,0,0,0.02211341,0,0
10790,34,182,0,0,0.01576277,0,0
10791,34,183,0,0,0.01445708,0,0
10792,34,184,0,0,0.01567269,0,0
10793,34,185,0,0,0.01957970,0,0
10794,34,186,0,0,0.01263713,0,0
10795,34,187,0,0,0.03217383,0,0
10796,34,188,0,0,0.01407848,0,0
10797,34,189,0,0,0.00963600,0,0
10798,34,190,0,0,0.02086370,0,0
10799,34,191,0,0,0.00895548,0,0
10800,34,192,0,0,0.01590149,0,0
10801,34,193,0,0,0.01835725,0,0
10802,34,194,0,0,0.02969107,0,0
10803,34,195,0,0,0.03566514,0,0
10804,34,196,0,0,0.01330674,0,0
10805,34,197,0,0,0.03519159,0,0
10806,34,198,0,0,0.02769694,0,0
10807,34,199,0,0,0.02424911,0,0
10808,34,200,0,0,0.00946496,0,0
10809,34,201,0,0,0.02544609,0,0
10810,34,202,0,0,0.01604405,0,0
10811,34,203,0,0,0.02638552,0,0
10812,34,204,0,0,0.01970402,0,0
10813,34,205,0,0,0.01621795,0,0
10814,34,206,0,0,0.01799732,0,0
10815,34,207,0,0,0.02571299,0,0
10816,34,208,0,0,0.01572099,0,0
10817,34,209,0,0,0.04326721,1,30
10818,34,210,0,0,0.02515205,0,0
10819,34,211,0,0,0.01280752,0,0
10820,34,212,0,0,0.01740905,0,0
10821,34,213,0,0,0.02507787,0,0
10822,34,214,0,0,0.02848242,0,0
10823,34,215,0,0,0.01790199,0,0
10824,34,216,0,0,0.02632290,0,0
10825,34,217,0,0,0.01708608,0,0
10826,34,218,0,0,0.01947244,0,0
10827,34,219,0,0,0.02065633,0,0
10828,34,220,0,0,0.03047622,0,0
10829,34,221,0,0,0.01708666,0,0
10830,34,222,0,0,0.03232669,0,0
10831,34,223,0,0,0.00980283,0,0
10832,34,224,0,0,0.04346810,1,32
10833,34,225,0,0,0.03069457,0,0
10834,34,226,0,0,0.01476490,0,0
10835,34,227,0,0,0.01858260,0,0
10836,34,228,0,0,0.05540381,1,30
10837,34,229,0,0,0.04236998,1,31
10838,34,230,0,0,0.03168543,0,0
10839,34,231,0,0,0.03132192,0,0
10840,34,232,0,0,0.04147049,1,31
10841,34,233,0,0,0.02993707,0,0
10842,34,234,0,0,0.04338346,1,32
10843,34,235,0,0,0.02200248,0,0
10844,34,236,0,0,0.01538125,0,0
10845,34,237,0,0,0.04278744,1,31
10846,34,238,0,0,0.00927231,0,0
10847,34,239,0,0,0.01054472,0,0
10848,34,240,0,0,0.01886760,0,0
10849,34,241,0,0,0.03146833,0,0
10850,34,242,0,0,0.01023384,0,0
10851,34,243,0,0,0.05499057,1,31
10852,34,244,0,0,0.01446629,0,0
10853,34,245,0,0,0.01332583,0,0
10854,34,246,0,0,0.04623085,1,32
10855,34,247,0,0,0.02964515,0,0
10856,34,248,0,0,0.01400306,0,0
10857,34,249,0,0,0.01125640,0,0
10858,34,250,0,0,0.00926451,0,0
10859,34,251,0,0,0.01719275,0,0
10860,34,252,0,0,0.01761698,0,0
10861,34,253,0,0,0.02770296,0,0
10862,34,254,0,0,0.01098577,0,0
10863,34,255,0,0,0.01611908,0,0
10864,34,256,0,0,0.04398572,1,31
10865,34,257,0,0,0.02929585,0,0
10866,34,258,0,0,0.01426523,0,0
10867,34,259,0,0,0.02026436,0,0
10868,34,260,0,0,0.04593585,1,31
10869,34,261,0,0,0.02990456,0,0
10870,34,262,0,0,0.04309833,1,32
10871,34,263,0,0,0.02181023,0,0
10872,34,264,0,0,0.01673893,0,0
10873,34,265,0,0,0.01789673,0,0
10874,34,266,0,0,0.03629239,0,0
10875,34,267,0,0,0.02403813,0,0
10876,34,268,0,0,0.01017220,0,0
10877,34,269,0,0,0.02217604,0,0
10878,34,270,0,0,0.03233682,0,0
10879,34,271,0,0,0.02363987,0,0
10880,34,272,0,0,0.01489622,0,0
10881,34,273,0,0,0.01436910,0,0
10882,34,274,0,0,0.04186294,1,31
10883,34,275,0,0,0.02142996,0,0
10884,34,276,0,0,0.01205505,0,0
10885,34,277,0,0,0.01510761,0,0
10886,34,278,0,0,0.01227777,0,0
10887,34,279,0,0,0.02641887,0,0
10888,34,280,0,0,0.03802963,0,0
10889,34,281,0,0,0.02280971,0,0
10890,34,282,0,0,0.02735439,0,0
10891,34,283,0,0,0.01480857,0,0
10892,34,284,0,0,0.02886579,0,0
10893,34,285,0,0,0.04247985,1,31
10894,34,286,0,0,0.01411665,0,0
10895,34,287,0,0,0.01651924,0,0
10896,34,288,0,0,0.02541339,0,0
10897,34,289,0,0,0.03982811,0,0
10898,34,290,0,0,0.02416527,0,0
10899,34,291,0,0,0.01170843,0,0
10900,34,292,0,0,0.01716591,0,0
10901,34,293,0,0,0.01915720,0,0
10902,34,294,0,0,0.02285830,0,0
10903,34,295,0,0,0.02552015,0,0
10904,34,296,0,0,0.01196725,0,0
10905,34,297,0,0,0.01186270,0,0
10906,34,298,0,0,0.01248748,0,0
10907,34,299,0,0,0.03808328,0,0
10908,34,300,0,0,0.03273740,0,0
10909,34,301,0,0,0.01747661,0,0
10910,34,302,0,0,0.02722192,0,0
10911,34,303,0,0,0.02563824,0,0
10912,34,304,0,0,0.01181482,0,0
10913,34,305,0,0,0.01316243,0,0
10914,34,306,0,0,0.02956887,0,0
10915,34,307,0,0,0.01034012,0,0
10916,34,308,0,0,0.02792725,0,0
10917,34,309,0,0,0.00988097,0,0
10918,34,310,0,0,0.00887080,0,0
10919,34,311,0,0,0.03014527,0,0
10920,35,0,1,0,0.01976337,0,0
10921,35,1,0,0,0.01946925,0,0
10922,35,2,0,0,0.00810429,0,0
10923,35,3,0,0,0.02189106,0,0
10924,35,4,0,0,0.03003581,0,0
10925,35,5,0,0,0.01695911,0,0
10926,35,6,0,0,0.00887506,0,0
10927,35,7,0,0,0.02028089,0,0
10928,35,8,0,0,0.01772527,0,0
10929,35,9,0,0,0.01014917,0,0
10930,35,10,0,0,0.03035294,0,0
10931,35,11,0,0,0.02342994,0,0
10932,35,12,0,0,0.03692043,0,0
10933,35,13,0,0,0.01807884,0,0
10934,35,14,0,0,0.00909185,0,0
10935,35,15,0,0,0.01420423,0,0
10936,35,16,0,0,0.02657791,0,0
10937,35,17,0,0,0.00621635,0,0
10938,35,18,0,0,0.02422658,0,0
10939,35,19,0,0,0.01989774,0,0
10940,35,20,0,0,0.01087976,0,0
10941,35,21,0,0,0.01573246,0,0
10942,35,22,0,0,0.02566130,0,0
10943,35,23,0,0,0.02524131,0,0
10944,35,24,0,0,0.00687306,0,0
10945,35,25,0,0,0.00985089,0,0
10946,35,26,0,0,0.01568288,0,0
10947,35,27,0,0,0.01205650,0,0
10948,35,28,0,0,0.04490715,1,30
10949,35,29,0,0,0.00233730,0,0
10950,35,30,0,0,0.00901634,0,0
10951,35,31,0,0,0.01456614,0,0
10952,35,32,0,0,0.04065434,1,32
10953,35,33,0,0,0.00915414,0,0
10954,35,34,0,0,0.06050704,1,15
10955,35,35,0,0,0.00913890,0,0
10956,35,36,0,0,0.01553164,0,0
10957,35,37,0,0,0.02324093,0,0
10958,35,38,0,0,0.04334885,1,32
10959,35,39,0,0,0.01369117,0,0
10960,35,40,0,0,0.00692362,0,0
10961,35,41,0,0,0.01804759,0,0
10962,35,42,0,0,0.01596372,0,0
10963,35,43,0,0,0.02477102,0,0
10964,35,44,0,0,0.02408995,0,0
10965,35,45,0,0,0.01240265,0,0
10966,35,46,0,0,0.01874854,0,0
10967,35,47,0,0,0.00732424,0,0
10968,35,48,0,0,0.01808796,0,0
10969,35,49,0,0,0.02446671,0,0
10970,35,50,0,0,0.02962142,0,0
10971,35,51,0,0,0.01942108,0,0
10972,35,52,0,0,0.03230175,0,0
10973,35,53,0,0,0.00889820,0,0
10974,35,54,0,0,0.01009515,0,0
10975,35,55,0,0,0.04266246,1,32
10976,35,56,0,0,0.01467734,0,0
10977,35,57,0,0,0.02245755,0,0
10978,35,58,0,0,0.06048839,1,32
10979,35,59,0,0,0.02261631,0,0
10980,35,60,0,0,0.01346287,0,0
10981,35,61,0,0,0.00760624,0,0
10982,35,62,0,0,0.03927251,0,0
10983,35,63,0,0,0.02674645,0,0
10984,35,64,0,0,0.00757134,0,0
10985,35,65,0,0,0.04292609,1,31
10986,35,66,0,0,0.08013749,1,32
10987,35,67,0,0,0.03545314,0,0
10988,35,68,0,0,0.02432604,0,0
10989,35,69,0,0,0.02692548,0,0
10990,35,70,0,0,0.02584556,0,0
10991,35,71,0,0,0.02732827,0,0
10992,35,72,0,0,0.02682750,0,0
10993,35,73,0,0,0.01776243,0,0
10994,35,74,0,0,0.02931174,0,0
10995,35,75,0,0,0.03649409,0,0
10996,35,76,0,0,0.02486754,0,0
10997,35,77,0,0,0.04268296,1,32
10998,35,78,0,0,0.01071630,0,0
10999,35,79,0,0,0.03811590,0,0
11000,35,80,0,0,0.01248196,0,0
11001,35,81,0,0,0.04867356,1,31
11002,35,82,0,0,0.02395362,0,0
11003,35,83,0,0,0.01507197,0,0
11004,35,84,0,0,0.04421030,1,32
11005,35,85,0,0,0.02816945,0,0
11006,35,86,0,0,0.02924944,0,0
11007,35,87,0,0,0.03605146,0,0
11008,35,88,0,0,0.02677402,0,0
11009,35,89,0,0,0.01788407,0,0
11010,35,90,0,0,0.02948046,0,0
11011,35,91,0,0,0.00715056,0,0
11012,35,92,0,0,0.01037753,0,0
11013,35,93,0,0,0.03145460,0,0
11014,35,94,0,0,0.01971746,0,0
11015,35,95,0,0,0.03658233,0,0
11016,35,96,0,0,0.02778408,0,0
11017,35,97,0,0,0.01957715,0,0
11018,35,98,0,0,0.02219828,0,0
11019,35,99,0,0,0.01727518,0,0
11020,35,100,0,0,0.02337173,0,0
11021,35,101,0,0,0.02195538,0,0
11022,35,102,0,0,0.04938683,1,30
11023,35,103,0,0,0.04818435,1,32
11024,35,104,0,0,0.04266791,1,32
11025,35,105,0,0,0.01306541,0,0
11026,35,106,0,0,0.00825234,0,0
11027,35,107,0,0,0.01748506,0,0
11028,35,108,0,0,0.01139434,0,0
11029,35,109,0,0,0.02140974,0,0
11030,35,110,0,0,0.02852820,0,0
11031,35,111,0,0,0.02226427,0,0
11032,35,112,0,0,0.01296102,0,0
11033,35,113,0,0,0.02035638,0,0
11034,35,114,0,0,0.00525822,0,0
11035,35,115,0,0,0.02460065,0,0
11036,35,116,0,0,0.02701899,0,0
11037,35,117,0,0,0.05421399,1,32
11038,35,118,0,0,0.03808642,0,0
11039,35,119,0,0,0.00707123,0,0
11040,35,120,0,0,0.01589822,0,0
11041,35,121,0,0,0.06130899,1,31
11042,35,122,0,0,0.00270958,0,0
11043,35,123,0,0,0.01622464,0,0
11044,35,124,0,0,0.02869381,0,0
11045,35,125,0,0,0.01632383,0,0
11046,35,126,0,0,0.02426207,0,0
11047,35,127,0,0,0.03105286,0,0
11048,35,128,0,0,0.03568216,0,0
11049,35,129,0,0,0.03203846,0,0
11050,35,130,0,0,0.01607185,0,0
11051,35,131,0,0,0.01740023,0,0
11052,35,132,0,0,0.01750724,0,0
11053,35,133,0,0,0.03585893,0,0
11054,35,134,0,0,0.00398402,0,0
11055,35,135,0,0,0.01512324,0,0
11056,35,136,0,0,0.01528892,0,0
11057,35,137,0,0,0.01570698,0,0
11058,35,138,0,0,0.05215906,1,32
11059,35,139,0,0,0.00623859,0,0
11060,35,140,0,0,0.02750861,0,0
11061,35,141,0,0,0.01110479,0,0
11062,35,142,0,0,0.04571519,1,32
11063,35,143,0,0,0.01570508,0,0
11064,35,144,0,0,0.02564812,0,0
11065,35,145,0,0,0.05743527,1,32
11066,35,146,0,0,0.02791622,0,0
11067,35,147,0,0,0.04791606,1,32
11068,35,148,0,0,0.05665205,1,32
11069,35,149,0,0,0.02699458,0,0
11070,35,150,0,0,0.01214785,0,0
11071,35,151,0,0,0.01067895,0,0
11072,35,152,0,0,0.01829195,0,0
11073,35,153,0,0,0.00973134,0,0
11074,35,154,0,0,0.02645472,0,0
11075,35,155,0,0,0.02968651,0,0
11076,35,156,0,0,0.03465233,0,0
11077,35,157,0,0,0.01299994,0,0
11078,35,158,0,0,0.01647485,0,0
11079,35,159,0,0,0.02915598,0,0
11080,35,160,0,0,0.01249722,0,0
11081,35,161,0,0,0.05771981,1,32
11082,35,162,0,0,0.02378086,0,0
11083,35,163,0,0,0.05425404,1,31
11084,35,164,0,0,0.02029398,0,0
11085,35,165,0,0,0.02361966,0,0
11086,35,166,0,0,0.06299924,1,32
11087,35,167,0,0,0.02629114,0,0
11088,35,168,0,0,0.01482628,0,0
11089,35,169,0,0,0.00488540,0,0
11090,35,170,0,0,0.02847379,0,0
11091,35,171,0,0,0.01418359,0,0
11092,35,172,0,0,0.01681031,0,0
11093,35,173,0,0,0.03708937,0,0
11094,35,174,0,0,0.00593957,0,0
11095,35,175,0,0,0.01884300,0,0
11096,35,176,0,0,0.01699341,0,0
11097,35,177,0,0,0.00829175,0,0
11098,35,178,0,0,0.01371098,0,0
11099,35,179,0,0,0.01440506,0,0
11100,35,180,0,0,0.03816335,0,0
11101,35,181,0,0,0.00922945,0,0
11102,35,182,0,0,0.02861800,0,0
11103,35,183,0,0,0.02724904,0,0
11104,35,184,0,0,0.01310883,0,0
11105,35,185,0,0,0.01786948,0,0
11106,35,186,0,0,0.01714056,0,0
11107,35,187,0,0,0.01027934,0,0
11108,35,188,0,0,0.02202266,0,0
11109,35,189,0,0,0.01736815,0,0
11110,35,190,0,0,0.00849541,0,0
11111,35,191,0,0,0.04931182,1,31
11112,35,192,0,0,0.01524024,0,0
11113,35,193,0,0,0.01460505,0,0
11114,35,194,0,0,0.03376853,0,0
11115,35,195,0,0,0.01443953,0,0
11116,35,196,0,0,0.04478418,1,32
11117,35,197,0,0,0.00619556,0,0
11118,35,198,0,0,0.04307659,1,31
11119,35,199,0,0,0.01801738,0,0
11120,35,200,0,0,0.02657304,0,0
11121,35,201,0,0,0.01747051,0,0
11122,35,202,0,0,0.01406295,0,0
11123,35,203,0,0,0.01100541,0,0
11124,35,204,0,0,0.03363182,0,0
11125,35,205,0,0,0.01205883,0,0
11126,35,206,0,0,0.01399643,0,0
11127,35,207,0,0,0.03061130,0,0
11128,35,208,0,0,0.04529706,1,32
11129,35,209,0,0,0.01732266,0,0
11130,35,210,0,0,0.03130871,0,0
11131,35,211,0,0,0.05480557,1,30
11132,35,212,0,0,0.01393795,0,0
11133,35,213,0,0,0.02253008,0,0
11134,35,214,0,0,0.01633261,0,0
11135,35,215,0,0,0.03426914,0,0
11136,35,216,0,0,0.02404761,0,0
11137,35,217,0,0,0.02527564,0,0
11138,35,218,0,0,0.01482844,0,0
11139,35,219,0,0,0.02255711,0,0
11140,35,220,0,0,0.02212156,0,0
11141,35,221,0,0,0.03556091,0,0
11142,35,222,0,0,0.01884481,0,0
11143,35,223,0,0,0.00749346,0,0
11144,35,224,0,0,0.02041120,0,0
11145,35,225,0,0,0.04203453,1,32
11146,35,226,0,0,0.02716791,0,0
11147,35,227,0,0,0.01721638,0,0
11148,35,228,0,0,0.03008546,0,0
11149,35,229,0,0,0.04158960,1,32
11150,35,230,0,0,0.03221956,0,0
11151,35,231,0,0,0.05250128,1,32
11152,35,232,0,0,0.03857367,0,0
11153,35,233,0,0,0.05259103,1,31
11154,35,234,0,0,0.05140558,1,32
11155,35,235,0,0,0.03879090,0,0
11156,35,236,0,0,0.02751302,0,0
11157,35,237,0,0,0.04071236,1,31
11158,35,238,0,0,0.05331624,1,32
11159,35,239,0,0,0.01963879,0,0
11160,35,240,0,0,0.00747219,0,0
11161,35,241,0,0,0.01305077,0,0
11162,35,242,0,0,0.01930980,0,0
11163,35,243,0,0,0.01435955,0,0
11164,35,244,0,0,0.04663412,1,32
11165,35,245,0,0,0.02132922,0,0
11166,35,246,0,0,0.01640154,0,0
11167,35,247,0,0,0.05594366,1,32
11168,35,248,0,0,0.02041180,0,0
11169,35,249,0,0,0.01382496,0,0
11170,35,250,0,0,0.01908822,0,0
11171,35,251,0,0,0.01928770,0,0
11172,35,252,0,0,0.03029823,0,0
11173,35,253,0,0,0.02540490,0,0
11174,35,254,0,0,0.00975215,0,0
11175,35,255,0,0,0.02634206,0,0
11176,35,256,0,0,0.02671232,0,0
11177,35,257,0,0,0.01248024,0,0
11178,35,258,0,0,0.05928802,1,31
11179,35,259,0,0,0.01702077,0,0
11180,35,260,0,0,0.01983559,0,0
11181,35,261,0,0,0.04731160,1,32
11182,35,262,0,0,0.05445012,1,32
11183,35,263,0,0,0.04842356,1,32
11184,35,264,0,0,0.02601833,0,0
11185,35,265,0,0,0.01065699,0,0
11186,35,266,0,0,0.01612594,0,0
11187,35,267,0,0,0.03232405,0,0
11188,35,268,0,0,0.03044933,0,0
11189,35,269,0,0,0.01941372,0,0
11190,35,270,0,0,0.01658541,0,0
11191,35,271,0,0,0.05267411,1,32
11192,35,272,0,0,0.01840069,0,0
11193,35,273,0,0,0.03364052,0,0
11194,35,274,0,0,0.05080751,1,32
11195,35,275,0,0,0.03619125,0,0
11196,35,276,0,0,0.02825673,0,0
11197,35,277,0,0,0.02180047,0,0
11198,35,278,0,0,0.01790699,0,0
11199,35,279,0,0,0.01175115,0,0
11200,35,280,0,0,0.01571035,0,0
11201,35,281,0,0,0.02574641,0,0
11202,35,282,0,0,0.01114193,0,0
11203,35,283,0,0,0.03728241,0,0
11204,35,284,0,0,0.01103595,0,0
11205,35,285,0,0,0.02695272,0,0
11206,35,286,0,0,0.05006442,1,32
11207,35,287,0,0,0.03257136,0,0
11208,35,288,0,0,0.01629525,0,0
11209,35,289,0,0,0.02840842,0,0
11210,35,290,0,0,0.03596552,0,0
11211,35,291,0,0,0.01717672,0,0
11212,35,292,0,0,0.02832871,0,0
11213,35,293,0,0,0.01270544,0,0
11214,35,294,0,0,0.01603197,0,0
11215,35,295,0,0,0.01725928,0,0
11216,35,296,0,0,0.01117578,0,0
11217,35,297,0,0,0.01946668,0,0
11218,35,298,0,0,0.01339432,0,0
11219,35,299,0,0,0.02312357,0,0
11220,35,300,0,0,0.02522074,0,0
11221,35,301,0,0,0.04596861,1,32
11222,35,302,0,0,0.01631957,0,0
11223,35,303,0,0,0.02143629,0,0
11224,35,304,0,0,0.02422137,0,0
11225,35,305,0,0,0.02378662,0,0
11226,35,306,0,0,0.01073438,0,0
11227,35,307,0,0,0.04152212,1,32
11228,35,308,0,0,0.01716521,0,0
11229,35,309,0,0,0.04891487,1,32
11230,35,310,0,0,0.02589162,0,0
11231,35,311,0,0,0.01575442,0,0
11232,36,0,1,0,0.04395520,1,32
11233,36,1,0,0,0.02585237,0,0
11234,36,2,0,0,0.01131639,0,0
11235,36,3,0,0,0.02770879,0,0
11236,36,4,0,0,0.03500008,0,0
11237,36,5,0,0,0.02163610,0,0
11238,36,6,0,0,0.01543986,0,0
11239,36,7,0,0,0.02381252,0,0
11240,36,8,0,0,0.00874967,0,0
11241,36,9,0,0,0.00797945,0,0
11242,36,10,0,0,0.00616261,0,0
11243,36,11,0,0,0.04767817,1,31
11244,36,12,0,0,0.02163927,0,0
11245,36,13,0,0,0.05172086,1,32
11246,36,14,0,0,0.02626259,0,0
11247,36,15,0,0,0.01298631,0,0
11248,36,16,0,0,0.01272911,0,0
11249,36,17,0,0,0.02310460,0,0
11250,36,18,0,0,0.00666071,0,0
11251,36,19,0,0,0.02735524,0,0
11252,36,20,0,0,0.02890540,0,0
11253,36,21,0,0,0.01145198,0,0
11254,36,22,0,0,0.01971824,0,0
11255,36,23,0,0,0.02284149,0,0
11256,36,24,0,0,0.01924748,0,0
11257,36,25,0,0,0.00987630,0,0
11258,36,26,0,0,0.04714900,1,32
11259,36,27,0,0,0.01251944,0,0
11260,36,28,0,0,0.02818954,0,0
11261,36,29,0,0,0.03356741,0,0
11262,36,30,0,0,0.01026094,0,0
11263,36,31,0,0,0.00907023,0,0
11264,36,32,0,0,0.02028927,0,0
11265,36,33,0,0,0.05056428,1,32
11266,36,34,0,0,0.02918404,0,0
11267,36,35,0,0,0.07768670,1,16
11268,36,36,0,0,0.01593307,0,0
11269,36,37,0,0,0.01620664,0,0
11270,36,38,0,0,0.02122363,0,0
11271,36,39,0,0,0.04165365,1,31
11272,36,40,0,0,0.01802787,0,0
11273,36,41,0,0,0.01026805,0,0
11274,36,42,0,0,0.03787297,0,0
11275,36,43,0,0,0.01600901,0,0
11276,36,44,0,0,0.01951582,0,0
11277,36,45,0,0,0.02343271,0,0
11278,36,46,0,0,0.01597207,0,0
11279,36,47,0,0,0.01361464,0,0
11280,36,48,0,0,0.00780244,0,0
11281,36,49,0,0,0.02067917,0,0
11282,36,50,0,0,0.02857805,0,0
11283,36,51,0,0,0.03030048,0,0
11284,36,52,0,0,0.01635835,0,0
11285,36,53,0,0,0.03566400,0,0
11286,36,54,0,0,0.01346503,0,0
11287,36,55,0,0,0.01524760,0,0
11288,36,56,0,0,0.03927248,0,0
11289,36,57,0,0,0.01289636,0,0
11290,36,58,0,0,0.03534099,0,0
11291,36,59,0,0,0.06886412,1,32
11292,36,60,0,0,0.01993639,0,0
11293,36,61,0,0,0.02579082,0,0
11294,36,62,0,0,0.01204618,0,0
11295,36,63,0,0,0.05406387,1,32
11296,36,64,0,0,0.03268533,0,0
11297,36,65,0,0,0.01620648,0,0
11298,36,66,0,0,0.04495696,1,32
11299,36,67,0,0,0.06537007,1,32
11300,36,68,0,0,0.05394769,1,31
11301,36,69,0,0,0.02407821,0,0
11302,36,70,0,0,0.02299770,0,0
11303,36,71,0,0,0.01545107,0,0
11304,36,72,0,0,0.03221354,0,0
11305,36,73,0,0,0.02141267,0,0
11306,36,74,0,0,0.01986918,0,0
11307,36,75,0,0,0.04585213,1,32
11308,36,76,0,0,0.02651453,0,0
11309,36,77,0,0,0.02671086,0,0
11310,36,78,0,0,0.06590267,1,32
11311,36,79,0,0,0.01090694,0,0
11312,36,80,0,0,0.02768036,0,0
11313,36,81,0,0,0.01925576,0,0
11314,36,82,0,0,0.03777836,0,0
11315,36,83,0,0,0.04757234,1,31
11316,36,84,0,0,0.03440563,0,0
11317,36,85,0,0,0.04181380,1,32
11318,36,86,0,0,0.01834829,0,0
11319,36,87,0,0,0.03039501,0,0
11320,36,88,0,0,0.04316555,1,31
11321,36,89,0,0,0.02242440,0,0
11322,36,90,0,0,0.01482786,0,0
11323,36,91,0,0,0.01743177,0,0
11324,36,92,0,0,0.01737234,0,0
11325,36,93,0,0,0.01618126,0,0
11326,36,94,0,0,0.05508064,1,32
11327,36,95,0,0,0.03554954,0,0
11328,36,96,0,0,0.01310922,0,0
11329,36,97,0,0,0.02795317,0,0
11330,36,98,0,0,0.03818224,0,0
11331,36,99,0,0,0.01195109,0,0
11332,36,100,0,0,0.01515086,0,0
11333,36,101,0,0,0.03877397,0,0
11334,36,102,0,0,0.02294403,0,0
11335,36,103,0,0,0.05549300,1,31
11336,36,104,0,0,0.05858938,1,32
11337,36,105,0,0,0.04460994,1,32
11338,36,106,0,0,0.02838995,0,0
11339,36,107,0,0,0.00929757,0,0
11340,36,108,0,0,0.02248043,0,0
11341,36,109,0,0,0.01380604,0,0
11342,36,110,0,0,0.01944073,0,0
11343,36,111,0,0,0.02081317,0,0
11344,36,112,0,0,0.02030175,0,0
11345,36,113,0,0,0.02707992,0,0
11346,36,114,0,0,0.04239767,1,30
11347,36,115,0,0,0.00466704,0,0
11348,36,116,0,0,0.03814542,0,0
11349,36,117,0,0,0.01439606,0,0
11350,36,118,0,0,0.04652786,1,32
11351,36,119,0,0,0.04280104,1,32
11352,36,120,0,0,0.01668968,0,0
11353,36,121,0,0,0.02483433,0,0
11354,36,122,0,0,0.04985199,1,32
11355,36,123,0,0,0.00393577,0,0
11356,36,124,0,0,0.00927109,0,0
11357,36,125,0,0,0.02427471,0,0
11358,36,126,0,0,0.02630446,0,0
11359,36,127,0,0,0.02527035,0,0
11360,36,128,0,0,0.02630745,0,0
11361,36,129,0,0,0.06155807,1,32
11362,36,130,0,0,0.03600361,0,0
11363,36,131,0,0,0.01548278,0,0
11364,36,132,0,0,0.01117435,0,0
11365,36,133,0,0,0.01965810,0,0
11366,36,134,0,0,0.08148205,1,31
11367,36,135,0,0,0.00960160,0,0
11368,36,136,0,0,0.02348335,0,0
11369,36,137,0,0,0.02146673,0,0
11370,36,138,0,0,0.03339672,0,0
11371,36,139,0,0,0.03192411,0,0
11372,36,140,0,0,0.00948112,0,0
11373,36,141,0,0,0.03763878,0,0
11374,36,142,0,0,0.01309079,0,0
11375,36,143,0,0,0.04793274,1,32
11376,36,144,0,0,0.01193518,0,0
11377,36,145,0,0,0.02454283,0,0
11378,36,146,0,0,0.03723694,0,0
11379,36,147,0,0,0.02685422,0,0
11380,36,148,0,0,0.04327410,1,32
11381,36,149,0,0,0.06951898,1,32
11382,36,150,0,0,0.01554276,0,0
11383,36,151,0,0,0.01706685,0,0
11384,36,152,0,0,0.00813638,0,0
11385,36,153,0,0,0.01293033,0,0
11386,36,154,0,0,0.01909132,0,0
11387,36,155,0,0,0.04800739,1,32
11388,36,156,0,0,0.02115479,0,0
11389,36,157,0,0,0.02470255,0,0
11390,36,158,0,0,0.02202719,0,0
11391,36,159,0,0,0.01782653,0,0
11392,36,160,0,0,0.04824565,1,32
11393,36,161,0,0,0.01025420,0,0
11394,36,162,0,0,0.04292979,1,32
11395,36,163,0,0,0.02946771,0,0
11396,36,164,0,0,0.04995081,1,32
11397,36,165,0,0,0.02720498,0,0
11398,36,166,0,0,0.02699202,0,0
11399,36,167,0,0,0.09171803,1,32
11400,36,168,0,0,0.03256951,0,0
11401,36,169,0,0,0.00859427,0,0
11402,36,170,0,0,0.01946963,0,0
11403,36,171,0,0,0.02708881,0,0
11404,36,172,0,0,0.01395197,0,0
11405,36,173,0,0,0.01483357,0,0
11406,36,174,0,0,0.03393575,0,0
11407,36,175,0,0,0.01103477,0,0
11408,36,176,0,0,0.03104885,0,0
11409,36,177,0,0,0.01298691,0,0
11410,36,178,0,0,0.02146707,0,0
11411,36,179,0,0,0.01513343,0,0
11412,36,180,0,0,0.03187469,0,0
11413,36,181,0,0,0.03865771,0,0
11414,36,182,0,0,0.01454735,0,0
11415,36,183,0,0,0.02249698,0,0
11416,36,184,0,0,0.02756128,0,0
11417,36,185,0,0,0.01602383,0,0
11418,36,186,0,0,0.01924498,0,0
11419,36,187,0,0,0.02430379,0,0
11420,36,188,0,0,0.01055141,0,0
11421,36,189,0,0,0.01282006,0,0
11422,36,190,0,0,0.01671907,0,0
11423,36,191,0,0,0.02680782,0,0
11424,36,192,0,0,0.05087319,1,31
11425,36,193,0,0,0.01222471,0,0
11426,36,194,0,0,0.01589735,0,0
11427,36,195,0,0,0.05360798,1,30
11428,36,196,0,0,0.02122667,0,0
11429,36,197,0,0,0.03833665,0,0
11430,36,198,0,0,0.01707008,0,0
11431,36,199,0,0,0.02537148,0,0
11432,36,200,0,0,0.03171264,0,0
11433,36,201,0,0,0.02983381,0,0
11434,36,202,0,0,0.01964724,0,0
11435,36,203,0,0,0.02690683,0,0
11436,36,204,0,0,0.00964884,0,0
11437,36,205,0,0,0.04172356,1,32
11438,36,206,0,0,0.01546123,0,0
11439,36,207,0,0,0.01619362,0,0
11440,36,208,0,0,0.02247768,0,0
11441,36,209,0,0,0.03723795,0,0
11442,36,210,0,0,0.01448807,0,0
11443,36,211,0,0,0.03667402,0,0
11444,36,212,0,0,0.05672146,1,32
11445,36,213,0,0,0.01399661,0,0
11446,36,214,0,0,0.03599456,0,0
11447,36,215,0,0,0.02190966,0,0
11448,36,216,0,0,0.04356899,1,32
11449,36,217,0,0,0.01389128,0,0
11450,36,218,0,0,0.01485448,0,0
11451,36,219,0,0,0.02305436,0,0
11452,36,220,0,0,0.01529866,0,0
11453,36,221,0,0,0.01936007,0,0
11454,36,222,0,0,0.05041344,1,32
11455,36,223,0,0,0.03437413,0,0
11456,36,224,0,0,0.02856971,0,0
11457,36,225,0,0,0.02474806,0,0
11458,36,226,0,0,0.04082208,1,32
11459,36,227,0,0,0.03762798,0,0
11460,36,228,0,0,0.01857238,0,0
11461,36,229,0,0,0.03279952,0,0
11462,36,230,0,0,0.04099577,1,31
11463,36,231,0,0,0.03585202,0,0
11464,36,232,0,0,0.05582353,1,32
11465,36,233,0,0,0.02859617,0,0
11466,36,234,0,0,0.04907004,1,32
11467,36,235,0,0,0.02315350,0,0
11468,36,236,0,0,0.04001703,1,32
11469,36,237,0,0,0.03417332,0,0
11470,36,238,0,0,0.04050398,1,32
11471,36,239,0,0,0.05978183,1,32
11472,36,240,0,0,0.01593790,0,0
11473,36,241,0,0,0.00992090,0,0
11474,36,242,0,0,0.02639131,0,0
11475,36,243,0,0,0.02335848,0,0
11476,36,244,0,0,0.01894471,0,0
11477,36,245,0,0,0.07715101,1,32
11478,36,246,0,0,0.02281228,0,0
11479,36,247,0,0,0.02054252,0,0
11480,36,248,0,0,0.07301590,1,32
11481,36,249,0,0,0.03519381,0,0
11482,36,250,0,0,0.02127059,0,0
11483,36,251,0,0,0.02416655,0,0
11484,36,252,0,0,0.02744509,0,0
11485,36,253,0,0,0.03014378,0,0
11486,36,254,0,0,0.02546367,0,0
11487,36,255,0,0,0.00443414,0,0
11488,36,256,0,0,0.02489039,0,0
11489,36,257,0,0,0.02430635,0,0
11490,36,258,0,0,0.02541914,0,0
11491,36,259,0,0,0.05458348,1,31
11492,36,260,0,0,0.01565225,0,0
11493,36,261,0,0,0.01597809,0,0
11494,36,262,0,0,0.03066660,0,0
11495,36,263,0,0,0.03430503,0,0
11496,36,264,0,0,0.02731435,0,0
11497,36,265,0,0,0.02131151,0,0
11498,36,266,0,0,0.01314355,0,0
11499,36,267,0,0,0.02123008,0,0
11500,36,268,0,0,0.02487522,0,0
11501,36,269,0,0,0.04063381,1,32
11502,36,270,0,0,0.02033263,0,0
11503,36,271,0,0,0.01035623,0,0
11504,36,272,0,0,0.06844427,1,32
11505,36,273,0,0,0.02123784,0,0
11506,36,274,0,0,0.02370621,0,0
11507,36,275,0,0,0.04235158,1,32
11508,36,276,0,0,0.04143260,1,32
11509,36,277,0,0,0.03087265,0,0
11510,36,278,0,0,0.01889385,0,0
11511,36,279,0,0,0.04327683,1,32
11512,36,280,0,0,0.01292522,0,0
11513,36,281,0,0,0.02368397,0,0
11514,36,282,0,0,0.02715696,0,0
11515,36,283,0,0,0.01164860,0,0
11516,36,284,0,0,0.03516223,0,0
11517,36,285,0,0,0.02005392,0,0
11518,36,286,0,0,0.01421749,0,0
11519,36,287,0,0,0.05270549,1,32
11520,36,288,0,0,0.04057685,1,32
11521,36,289,0,0,0.02873252,0,0
11522,36,290,0,0,0.02965098,0,0
11523,36,291,0,0,0.05955569,1,32
11524,36,292,0,0,0.01704025,0,0
11525,36,293,0,0,0.02686227,0,0
11526,36,294,0,0,0.02095340,0,0
11527,36,295,0,0,0.02449142,0,0
11528,36,296,0,0,0.05152800,1,32
11529,36,297,0,0,0.01898558,0,0
11530,36,298,0,0,0.03591140,0,0
11531,36,299,0,0,0.02047724,0,0
11532,36,300,0,0,0.01962997,0,0
11533,36,301,0,0,0.03980027,0,0
11534,36,302,0,0,0.05143964,1,32
11535,36,303,0,0,0.02948020,0,0
11536,36,304,0,0,0.02335987,0,0
11537,36,305,0,0,0.02021388,0,0
11538,36,306,0,0,0.02222496,0,0
11539,36,307,0,0,0.00870078,0,0
11540,36,308,0,0,0.06344745,1,32
11541,36,309,0,0,0.01558094,0,0
11542,36,310,0,0,0.03174160,0,0
11543,36,311,0,0,0.01378260,0,0
11544,37,0,1,0,0.01672345,0,0
11545,37,1,0,0,0.04711302,1,32
11546,37,2,0,0,0.04357224,1,32
11547,37,3,0,0,0.01969844,0,0
11548,37,4,0,0,0.03189782,0,0
11549,37,5,0,0,0.01224906,0,0
11550,37,6,0,0,0.02503696,0,0
11551,37,7,0,0,0.02172406,0,0
11552,37,8,0,0,0.01267684,0,0
11553,37,9,0,0,0.01666432,0,0
11554,37,10,0,0,0.00989199,0,0
11555,37,11,0,0,0.00422202,0,0
11556,37,12,0,0,0.03979981,0,0
11557,37,13,0,0,0.03677141,0,0
11558,37,14,0,0,0.06279334,1,32
11559,37,15,0,0,0.02781834,0,0
11560,37,16,0,0,0.00909147,0,0
11561,37,17,0,0,0.00662112,0,0
11562,37,18,0,0,0.01451749,0,0
11563,37,19,0,0,0.00630063,0,0
11564,37,20,0,0,0.03063842,0,0
11565,37,21,0,0,0.01808582,0,0
11566,37,22,0,0,0.02462733,0,0
11567,37,23,0,0,0.02348161,0,0
11568,37,24,0,0,0.02262938,0,0
11569,37,25,0,0,0.03277263,0,0
11570,37,26,0,0,0.02842196,0,0
11571,37,27,0,0,0.02210800,0,0
11572,37,28,0,0,0.01894178,0,0
11573,37,29,0,0,0.02655320,0,0
11574,37,30,0,0,0.04693495,1,32
11575,37,31,0,0,0.01751046,0,0
11576,37,32,0,0,0.02375712,0,0
11577,37,33,0,0,0.02696315,0,0
11578,37,34,0,0,0.05190364,1,32
11579,37,35,0,0,0.02268643,0,0
11580,37,36,0,0,0.07868810,1,16
11581,37,37,0,0,0.01675184,0,0
11582,37,38,0,0,0.02428233,0,0
11583,37,39,0,0,0.02641043,0,0
11584,37,40,0,0,0.05240642,1,32
11585,37,41,0,0,0.01533429,0,0
11586,37,42,0,0,0.00418589,0,0
11587,37,43,0,0,0.01402918,0,0
11588,37,44,0,0,0.01489099,0,0
11589,37,45,0,0,0.01551051,0,0
11590,37,46,0,0,0.02513914,0,0
11591,37,47,0,0,0.01236977,0,0
11592,37,48,0,0,0.00965017,0,0
11593,37,49,0,0,0.00896002,0,0
11594,37,50,0,0,0.04622013,1,31
11595,37,51,0,0,0.01984704,0,0
11596,37,52,0,0,0.01237690,0,0
11597,37,53,0,0,0.01596523,0,0
11598,37,54,0,0,0.02836743,0,0
11599,37,55,0,0,0.00817684,0,0
11600,37,56,0,0,0.02091657,0,0
11601,37,57,0,0,0.04821045,1,32
11602,37,58,0,0,0.01718907,0,0
11603,37,59,0,0,0.04693813,1,32
11604,37,60,0,0,0.06943105,1,32
11605,37,61,0,0,0.01991178,0,0
11606,37,62,0,0,0.02834411,0,0
11607,37,63,0,0,0.01596206,0,0
11608,37,64,0,0,0.03957939,0,0
11609,37,65,0,0,0.02539629,0,0
11610,37,66,0,0,0.01287034,0,0
11611,37,67,0,0,0.03739069,0,0
11612,37,68,0,0,0.04934937,1,31
11613,37,69,0,0,0.03278611,0,0
11614,37,70,0,0,0.02405571,0,0
11615,37,71,0,0,0.00461617,0,0
11616,37,72,0,0,0.01526298,0,0
11617,37,73,0,0,0.01910381,0,0
11618,37,74,0,0,0.01783786,0,0
11619,37,75,0,0,0.01896233,0,0
11620,37,76,0,0,0.03950819,0,0
11621,37,77,0,0,0.03162435,0,0
11622,37,78,0,0,0.05208737,1,31
11623,37,79,0,0,0.06127451,1,32
11624,37,80,0,0,0.01297960,0,0
11625,37,81,0,0,0.04828537,1,32
11626,37,82,0,0,0.02847577,0,0
11627,37,83,0,0,0.03892936,0,0
11628,37,84,0,0,0.03601525,0,0
11629,37,85,0,0,0.01983050,0,0
11630,37,86,0,0,0.07115763,1,32
11631,37,87,0,0,0.04087083,1,31
11632,37,88,0,0,0.03296319,0,0
11633,37,89,0,0,0.05965171,1,32
11634,37,90,0,0,0.03806970,0,0
11635,37,91,0,0,0.01042013,0,0
11636,37,92,0,0,0.01180791,0,0
11637,37,93,0,0,0.03321392,0,0
11638,37,94,0,0,0.00820503,0,0
11639,37,95,0,0,0.02634575,0,0
11640,37,96,0,0,0.01899733,0,0
11641,37,97,0,0,0.00556350,0,0
11642,37,98,0,0,0.03521565,0,0
11643,37,99,0,0,0.02768390,0,0
11644,37,100,0,0,0.01254359,0,0
11645,37,101,0,0,0.01796382,0,0
11646,37,102,0,0,0.03943559,0,0
11647,37,103,0,0,0.01738187,0,0
11648,37,104,0,0,0.03590603,0,0
11649,37,105,0,0,0.05423782,1,32
11650,37,106,0,0,0.03948070,0,0
11651,37,107,0,0,0.02124149,0,0
11652,37,108,0,0,0.01356468,0,0
11653,37,109,0,0,0.01280950,0,0
11654,37,110,0,0,0.00788368,0,0
11655,37,111,0,0,0.01783541,0,0
11656,37,112,0,0,0.02399985,0,0
11657,37,113,0,0,0.02103201,0,0
11658,37,114,0,0,0.01572195,0,0
11659,37,115,0,0,0.04029500,1,32
11660,37,116,0,0,0.00754423,0,0
11661,37,117,0,0,0.02806501,0,0
11662,37,118,0,0,0.01903275,0,0
11663,37,119,0,0,0.04079732,1,32
11664,37,120,0,0,0.04031079,1,32
11665,37,121,0,0,0.01581977,0,0
11666,37,122,0,0,0.02615657,0,0
11667,37,123,0,0,0.05458909,1,32
11668,37,124,0,0,0.00920046,0,0
11669,37,125,0,0,0.01588553,0,0
11670,37,126,0,0,0.02089949,0,0
11671,37,127,0,0,0.02212305,0,0
11672,37,128,0,0,0.02230335,0,0
11673,37,129,0,0,0.01706201,0,0
11674,37,130,0,0,0.05606319,1,32
11675,37,131,0,0,0.03580186,0,0
11676,37,132,0,0,0.02324438,0,0
11677,37,133,0,0,0.01101257,0,0
11678,37,134,0,0,0.01940866,0,0
11679,37,135,0,0,0.09617989,1,32
11680,37,136,0,0,0.00464295,0,0
11681,37,137,0,0,0.01745089,0,0
11682,37,138,0,0,0.02190965,0,0
11683,37,139,0,0,0.03227498,0,0
11684,37,140,0,0,0.04921311,1,32
11685,37,141,0,0,0.00668720,0,0
11686,37,142,0,0,0.03468139,0,0
11687,37,143,0,0,0.00385384,0,0
11688,37,144,0,0,0.04471106,1,32
11689,37,145,0,0,0.01734826,0,0
11690,37,146,0,0,0.02717215,0,0
11691,37,147,0,0,0.02130599,0,0
11692,37,148,0,0,0.02478607,0,0
11693,37,149,0,0,0.04489271,1,31
11694,37,150,0,0,0.04083187,1,32
11695,37,151,0,0,0.01815242,0,0
11696,37,152,0,0,0.01388093,0,0
11697,37,153,0,0,0.01087072,0,0
11698,37,154,0,0,0.01599981,0,0
11699,37,155,0,0,0.02712088,0,0
11700,37,156,0,0,0.02252726,0,0
11701,37,157,0,0,0.02460280,0,0
11702,37,158,0,0,0.03654069,0,0
11703,37,159,0,0,0.02090612,0,0
11704,37,160,0,0,0.02820642,0,0
11705,37,161,0,0,0.04038845,1,30
11706,37,162,0,0,0.01305157,0,0
11707,37,163,0,0,0.06291733,1,31
11708,37,164,0,0,0.03116342,0,0
11709,37,165,0,0,0.03737743,0,0
11710,37,166,0,0,0.01666372,0,0
11711,37,167,0,0,0.01446226,0,0
11712,37,168,0,0,0.06710316,1,32
11713,37,169,0,0,0.02489691,0,0
11714,37,170,0,0,0.00747931,0,0
11715,37,171,0,0,0.00656768,0,0
11716,37,172,0,0,0.02736135,0,0
11717,37,173,0,0,0.01672553,0,0
11718,37,174,0,0,0.01167296,0,0
11719,37,175,0,0,0.02432937,0,0
11720,37,176,0,0,0.00478132,0,0
11721,37,177,0,0,0.01664516,0,0
11722,37,178,0,0,0.01978273,0,0
11723,37,179,0,0,0.01684506,0,0
11724,37,180,0,0,0.02122854,0,0
11725,37,181,0,0,0.03129273,0,0
11726,37,182,0,0,0.03525365,0,0
11727,37,183,0,0,0.00848079,0,0
11728,37,184,0,0,0.01880567,0,0
11729,37,185,0,0,0.02099212,0,0
11730,37,186,0,0,0.01952700,0,0
11731,37,187,0,0,0.02491429,0,0
11732,37,188,0,0,0.03436302,0,0
11733,37,189,0,0,0.00801101,0,0
11734,37,190,0,0,0.01218697,0,0
11735,37,191,0,0,0.02510845,0,0
11736,37,192,0,0,0.00947002,0,0
11737,37,193,0,0,0.02987381,0,0
11738,37,194,0,0,0.02282508,0,0
11739,37,195,0,0,0.01776947,0,0
11740,37,196,0,0,0.04615469,1,32
11741,37,197,0,0,0.01801927,0,0
11742,37,198,0,0,0.04389296,1,31
11743,37,199,0,0,0.01509299,0,0
11744,37,200,0,0,0.02049278,0,0
11745,37,201,0,0,0.02098449,0,0
11746,37,202,0,0,0.01980476,0,0
11747,37,203,0,0,0.01020829,0,0
11748,37,204,0,0,0.02709113,0,0
11749,37,205,0,0,0.01705594,0,0
11750,37,206,0,0,0.02002703,0,0
11751,37,207,0,0,0.01780148,0,0
11752,37,208,0,0,0.00876963,0,0
11753,37,209,0,0,0.02277098,0,0
11754,37,210,0,0,0.02302254,0,0
11755,37,211,0,0,0.01190151,0,0
11756,37,212,0,0,0.05873749,1,32
11757,37,213,0,0,0.05175703,1,31
11758,37,214,0,0,0.01469567,0,0
11759,37,215,0,0,0.03944254,0,0
11760,37,216,0,0,0.02491352,0,0
11761,37,217,0,0,0.03563748,0,0
11762,37,218,0,0,0.01686492,0,0
11763,37,219,0,0,0.01811869,0,0
11764,37,220,0,0,0.03230655,0,0
11765,37,221,0,0,0.03809901,0,0
11766,37,222,0,0,0.02387225,0,0
11767,37,223,0,0,0.04091929,1,32
11768,37,224,0,0,0.02239794,0,0
11769,37,225,0,0,0.03001885,0,0
11770,37,226,0,0,0.03001492,0,0
11771,37,227,0,0,0.05681603,1,32
11772,37,228,0,0,0.03341851,0,0
11773,37,229,0,0,0.01610816,0,0
11774,37,230,0,0,0.02610285,0,0
11775,37,231,0,0,0.05005429,1,32
11776,37,232,0,0,0.02489150,0,0
11777,37,233,0,0,0.03378495,0,0
11778,37,234,0,0,0.02437926,0,0
11779,37,235,0,0,0.03478922,0,0
11780,37,236,0,0,0.03286809,0,0
11781,37,237,0,0,0.03877309,0,0
11782,37,238,0,0,0.05326076,1,32
11783,37,239,0,0,0.04122355,1,32
11784,37,240,0,0,0.05304895,1,31
11785,37,241,0,0,0.02014682,0,0
11786,37,242,0,0,0.01396342,0,0
11787,37,243,0,0,0.03848425,0,0
11788,37,244,0,0,0.03053023,0,0
11789,37,245,0,0,0.01766419,0,0
11790,37,246,0,0,0.08038568,1,32
11791,37,247,0,0,0.02767324,0,0
11792,37,248,0,0,0.02070276,0,0
11793,37,249,0,0,0.04326877,1,32
11794,37,250,0,0,0.02388262,0,0
11795,37,251,0,0,0.01426883,0,0
11796,37,252,0,0,0.04629751,1,32
11797,37,253,0,0,0.01426385,0,0
11798,37,254,0,0,0.03032827,0,0
11799,37,255,0,0,0.01775536,0,0
11800,37,256,0,0,0.01864276,0,0
11801,37,257,0,0,0.02141184,0,0
11802,37,258,0,0,0.02765970,0,0
11803,37,259,0,0,0.01476477,0,0
11804,37,260,0,0,0.03994755,0,0
11805,37,261,0,0,0.01108948,0,0
11806,37,262,0,0,0.01142446,0,0
11807,37,263,0,0,0.01316312,0,0
11808,37,264,0,0,0.05099458,1,32
11809,37,265,0,0,0.06972180,1,32
11810,37,266,0,0,0.02255221,0,0
11811,37,267,0,0,0.02053887,0,0
11812,37,268,0,0,0.01990643,0,0
11813,37,269,0,0,0.03557924,0,0
11814,37,270,0,0,0.03654015,0,0
11815,37,271,0,0,0.02074368,0,0
11816,37,272,0,0,0.01975284,0,0
11817,37,273,0,0,0.06591985,1,32
11818,37,274,0,0,0.01078521,0,0
11819,37,275,0,0,0.02267082,0,0
11820,37,276,0,0,0.02879352,0,0
11821,37,277,0,0,0.04966228,1,32
11822,37,278,0,0,0.03871224,0,0
11823,37,279,0,0,0.02605736,0,0
11824,37,280,0,0,0.03807554,0,0
11825,37,281,0,0,0.02327551,0,0
11826,37,282,0,0,0.04557525,1,32
11827,37,283,0,0,0.03292276,0,0
11828,37,284,0,0,0.01426859,0,0
11829,37,285,0,0,0.04582622,1,32
11830,37,286,0,0,0.02277367,0,0
11831,37,287,0,0,0.02303740,0,0
11832,37,288,0,0,0.02265142,0,0
11833,37,289,0,0,0.03255539,0,0
11834,37,290,0,0,0.04129600,1,32
11835,37,291,0,0,0.03321210,0,0
11836,37,292,0,0,0.04028224,1,32
11837,37,293,0,0,0.01565339,0,0
11838,37,294,0,0,0.02474967,0,0
11839,37,295,0,0,0.01634849,0,0
11840,37,296,0,0,0.01406868,0,0
11841,37,297,0,0,0.02787481,0,0
11842,37,298,0,0,0.01526991,0,0
11843,37,299,0,0,0.02575740,0,0
11844,37,300,0,0,0.01113041,0,0
11845,37,301,0,0,0.01547369,0,0
11846,37,302,0,0,0.03086494,0,0
11847,37,303,0,0,0.02701532,0,0
11848,37,304,0,0,0.02662198,0,0
11849,37,305,0,0,0.04078509,1,31
11850,37,306,0,0,0.02584985,0,0
11851,37,307,0,0,0.02152806,0,0
11852,37,308,0,0,0.01271445,0,0
11853,37,309,0,0,0.03851150,0,0
11854,37,310,0,0,0.01506025,0,0
11855,37,311,0,0,0.03663905,0,0
11856,38,0,1,0,0.01801538,0,0
11857,38,1,0,0,0.02328211,0,0
11858,38,2,0,0,0.03306638,0,0
11859,38,3,0,0,0.03828400,0,0
11860,38,4,0,0,0.04026014,1,32
11861,38,5,0,0,0.01861706,0,0
11862,38,6,0,0,0.03221878,0,0
11863,38,7,0,0,0.02685646,0,0
11864,38,8,0,0,0.01574370,0,0
11865,38,9,0,0,0.01180909,0,0
11866,38,10,0,0,0.02790149,0,0
11867,38,11,0,0,0.02272084,0,0
11868,38,12,0,0,0.01277168,0,0
11869,38,13,0,0,0.04261865,1,32
11870,38,14,0,0,0.02948586,0,0
11871,38,15,0,0,0.03318282,0,0
11872,38,16,0,0,0.01833386,0,0
11873,38,17,0,0,0.01297515,0,0
11874,38,18,0,0,0.01801153,0,0
11875,38,19,0,0,0.01845719,0,0
11876,38,20,0,0,0.01494133,0,0
11877,38,21,0,0,0.02287225,0,0
11878,38,22,0,0,0.02377558,0,0
11879,38,23,0,0,0.01429478,0,0
11880,38,24,0,0,0.01733348,0,0
11881,38,25,0,0,0.01667395,0,0
11882,38,26,0,0,0.03286749,0,0
11883,38,27,0,0,0.03212937,0,0
11884,38,28,0,0,0.01892658,0,0
11885,38,29,0,0,0.01518515,0,0
11886,38,30,0,0,0.02616382,0,0
11887,38,31,0,0,0.05055484,1,32
11888,38,32,0,0,0.00494757,0,0
11889,38,33,0,0,0.00879689,0,0
11890,38,34,0,0,0.02929698,0,0
11891,38,35,0,0,0.04680129,1,32
11892,38,36,0,0,0.02691823,0,0
11893,38,37,0,0,0.12316135,1,16
11894,38,38,0,0,0.00638448,0,0
11895,38,39,0,0,0.02375390,0,0
11896,38,40,0,0,0.02176457,0,0
11897,38,41,0,0,0.04357702,1,32
11898,38,42,0,0,0.02185280,0,0
11899,38,43,0,0,0.01323217,0,0
11900,38,44,0,0,0.01234648,0,0
11901,38,45,0,0,0.02339506,0,0
11902,38,46,0,0,0.01080064,0,0
11903,38,47,0,0,0.01891999,0,0
11904,38,48,0,0,0.01421093,0,0
11905,38,49,0,0,0.01209130,0,0
11906,38,50,0,0,0.01385564,0,0
11907,38,51,0,0,0.02186261,0,0
11908,38,52,0,0,0.02366710,0,0
11909,38,53,0,0,0.01859580,0,0
11910,38,54,0,0,0.02074093,0,0
11911,38,55,0,0,0.02090167,0,0
11912,38,56,0,0,0.01052321,0,0
11913,38,57,0,0,0.02026010,0,0
11914,38,58,0,0,0.03044922,0,0
11915,38,59,0,0,0.01788335,0,0
11916,38,60,0,0,0.03020604,0,0
11917,38,61,0,0,0.05071025,1,32
11918,38,62,0,0,0.01864583,0,0
11919,38,63,0,0,0.01597520,0,0
11920,38,64,0,0,0.01211255,0,0
11921,38,65,0,0,0.02561018,0,0
11922,38,66,0,0,0.02067740,0,0
11923,38,67,0,0,0.01044537,0,0
11924,38,68,0,0,0.04653265,1,31
11925,38,69,0,0,0.03162914,0,0
11926,38,70,0,0,0.05525314,1,31
11927,38,71,0,0,0.02112396,0,0
11928,38,72,0,0,0.01377846,0,0
11929,38,73,0,0,0.01693672,0,0
11930,38,74,0,0,0.04769771,1,31
11931,38,75,0,0,0.01734749,0,0
11932,38,76,0,0,0.00961610,0,0
11933,38,77,0,0,0.03630409,0,0
11934,38,78,0,0,0.02850218,0,0
11935,38,79,0,0,0.01632003,0,0
11936,38,80,0,0,0.03235208,0,0
11937,38,81,0,0,0.00925712,0,0
11938,38,82,0,0,0.02376597,0,0
11939,38,83,0,0,0.01479743,0,0
11940,38,84,0,0,0.01627538,0,0
11941,38,85,0,0,0.03582595,0,0
11942,38,86,0,0,0.01896256,0,0
11943,38,87,0,0,0.06487401,1,32
11944,38,88,0,0,0.02008929,0,0
11945,38,89,0,0,0.02990086,0,0
11946,38,90,0,0,0.04494977,1,32
11947,38,91,0,0,0.02365389,0,0
11948,38,92,0,0,0.00830647,0,0
11949,38,93,0,0,0.03870361,0,0
11950,38,94,0,0,0.01495967,0,0
11951,38,95,0,0,0.01155660,0,0
11952,38,96,0,0,0.02848732,0,0
11953,38,97,0,0,0.02322977,0,0
11954,38,98,0,0,0.01095611,0,0
11955,38,99,0,0,0.02171974,0,0
11956,38,100,0,0,0.01761364,0,0
11957,38,101,0,0,0.04158042,1,32
11958,38,102,0,0,0.01536873,0,0
11959,38,103,0,0,0.05740360,1,32
11960,38,104,0,0,0.02647655,0,0
11961,38,105,0,0,0.04516499,1,31
11962,38,106,0,0,0.06973308,1,32
11963,38,107,0,0,0.05323125,1,32
11964,38,108,0,0,0.01575560,0,0
11965,38,109,0,0,0.01129844,0,0
11966,38,110,0,0,0.01572465,0,0
11967,38,111,0,0,0.00709945,0,0
11968,38,112,0,0,0.03589724,0,0
11969,38,113,0,0,0.02242563,0,0
11970,38,114,0,0,0.03944045,0,0
11971,38,115,0,0,0.02705672,0,0
11972,38,116,0,0,0.04131151,1,31
11973,38,117,0,0,0.00724503,0,0
11974,38,118,0,0,0.03888683,0,0
11975,38,119,0,0,0.01917400,0,0
11976,38,120,0,0,0.02036946,0,0
11977,38,121,0,0,0.03104891,0,0
11978,38,122,0,0,0.00918119,0,0
11979,38,123,0,0,0.02504117,0,0
11980,38,124,0,0,0.05273769,1,32
11981,38,125,0,0,0.00585154,0,0
11982,38,126,0,0,0.01203778,0,0
11983,38,127,0,0,0.01295992,0,0
11984,38,128,0,0,0.01400158,0,0
11985,38,129,0,0,0.02006337,0,0
11986,38,130,0,0,0.01389714,0,0
11987,38,131,0,0,0.06635778,1,31
11988,38,132,0,0,0.03438176,0,0
11989,38,133,0,0,0.01723821,0,0
11990,38,134,0,0,0.00859632,0,0
11991,38,135,0,0,0.01399660,0,0
11992,38,136,0,0,0.07094176,1,32
11993,38,137,0,0,0.00691162,0,0
11994,38,138,0,0,0.02920224,0,0
11995,38,139,0,0,0.01756331,0,0
11996,38,140,0,0,0.02017554,0,0
11997,38,141,0,0,0.05354428,1,31
11998,38,142,0,0,0.00530134,0,0
11999,38,143,0,0,0.01578193,0,0
12000,38,144,0,0,0.00794064,0,0
12001,38,145,0,0,0.03356421,0,0
12002,38,146,0,0,0.01297605,0,0
12003,38,147,0,0,0.02503001,0,0
12004,38,148,0,0,0.03026784,0,0
12005,38,149,0,0,0.01899299,0,0
12006,38,150,0,0,0.04013228,1,31
12007,38,151,0,0,0.07637116,1,32
12008,38,152,0,0,0.03510618,0,0
12009,38,153,0,0,0.02254423,0,0
12010,38,154,0,0,0.01002093,0,0
12011,38,155,0,0,0.02627563,0,0
12012,38,156,0,0,0.01559416,0,0
12013,38,157,0,0,0.01520610,0,0
12014,38,158,0,0,0.01527472,0,0
12015,38,159,0,0,0.05375716,1,32
12016,38,160,0,0,0.02012306,0,0
12017,38,161,0,0,0.02591047,0,0
12018,38,162,0,0,0.01964827,0,0
12019,38,163,0,0,0.00820721,0,0
12020,38,164,0,0,0.06078280,1,32
12021,38,165,0,0,0.01511576,0,0
12022,38,166,0,0,0.02471942,0,0
12023,38,167,0,0,0.02579352,0,0
12024,38,168,0,0,0.01329252,0,0
12025,38,169,0,0,0.07404412,1,31
12026,38,170,0,0,0.02766068,0,0
12027,38,171,0,0,0.00853301,0,0
12028,38,172,0,0,0.01044293,0,0
12029,38,173,0,0,0.01506113,0,0
12030,38,174,0,0,0.02260218,0,0
12031,38,175,0,0,0.01746586,0,0
12032,38,176,0,0,0.01589452,0,0
12033,38,177,0,0,0.00246696,0,0
12034,38,178,0,0,0.01930523,0,0
12035,38,179,0,0,0.03191598,0,0
12036,38,180,0,0,0.02399437,0,0
12037,38,181,0,0,0.02673215,0,0
12038,38,182,0,0,0.02374938,0,0
12039,38,183,0,0,0.03267591,0,0
12040,38,184,0,0,0.00981410,0,0
12041,38,185,0,0,0.02251569,0,0
12042,38,186,0,0,0.02373939,0,0
12043,38,187,0,0,0.01111913,0,0
12044,38,188,0,0,0.01426357,0,0
12045,38,189,0,0,0.02968280,0,0
12046,38,190,0,0,0.01170474,0,0
12047,38,191,0,0,0.02516559,0,0
12048,38,192,0,0,0.01434009,0,0
12049,38,193,0,0,0.02037623,0,0
12050,38,194,0,0,0.03153109,0,0
12051,38,195,0,0,0.01687129,0,0
12052,38,196,0,0,0.01210189,0,0
12053,38,197,0,0,0.06516331,1,32
12054,38,198,0,0,0.01971283,0,0
12055,38,199,0,0,0.04039367,1,32
12056,38,200,0,0,0.01288530,0,0
12057,38,201,0,0,0.02442839,0,0
12058,38,202,0,0,0.02085716,0,0
12059,38,203,0,0,0.04494646,1,30
12060,38,204,0,0,0.01619025,0,0
12061,38,205,0,0,0.01909654,0,0
12062,38,206,0,0,0.02056210,0,0
12063,38,207,0,0,0.03144947,0,0
12064,38,208,0,0,0.01672294,0,0
12065,38,209,0,0,0.02092678,0,0
12066,38,210,0,0,0.02137148,0,0
12067,38,211,0,0,0.04650917,1,32
12068,38,212,0,0,0.02252607,0,0
12069,38,213,0,0,0.03609036,0,0
12070,38,214,0,0,0.03915982,0,0
12071,38,215,0,0,0.01491135,0,0
12072,38,216,0,0,0.03856194,0,0
12073,38,217,0,0,0.01433706,0,0
12074,38,218,0,0,0.03611969,0,0
12075,38,219,0,0,0.01091074,0,0
12076,38,220,0,0,0.00918252,0,0
12077,38,221,0,0,0.01776272,0,0
12078,38,222,0,0,0.03088742,0,0
12079,38,223,0,0,0.02483043,0,0
12080,38,224,0,0,0.05420492,1,32
12081,38,225,0,0,0.02060247,0,0
12082,38,226,0,0,0.02750139,0,0
12083,38,227,0,0,0.01340052,0,0
12084,38,228,0,0,0.05957047,1,31
12085,38,229,0,0,0.01712535,0,0
12086,38,230,0,0,0.02243504,0,0
12087,38,231,0,0,0.03308358,0,0
12088,38,232,0,0,0.04705138,1,32
12089,38,233,0,0,0.02267458,0,0
12090,38,234,0,0,0.06378362,1,32
12091,38,235,0,0,0.03077205,0,0
12092,38,236,0,0,0.06518229,1,31
12093,38,237,0,0,0.05432393,1,32
12094,38,238,0,0,0.03987237,0,0
12095,38,239,0,0,0.03294774,0,0
12096,38,240,0,0,0.03954570,0,0
12097,38,241,0,0,0.06069238,1,32
12098,38,242,0,0,0.01390955,0,0
12099,38,243,0,0,0.01698738,0,0
12100,38,244,0,0,0.01038790,0,0
12101,38,245,0,0,0.04399640,1,32
12102,38,246,0,0,0.01445306,0,0
12103,38,247,0,0,0.06453221,1,32
12104,38,248,0,0,0.02140335,0,0
12105,38,249,0,0,0.02645514,0,0
12106,38,250,0,0,0.03142066,0,0
12107,38,251,0,0,0.03239521,0,0
12108,38,252,0,0,0.01242535,0,0
12109,38,253,0,0,0.01837687,0,0
12110,38,254,0,0,0.02009062,0,0
12111,38,255,0,0,0.01884138,0,0
12112,38,256,0,0,0.01395635,0,0
12113,38,257,0,0,0.01214596,0,0
12114,38,258,0,0,0.01534512,0,0
12115,38,259,0,0,0.02506525,0,0
12116,38,260,0,0,0.02743698,0,0
12117,38,261,0,0,0.03993287,0,0
12118,38,262,0,0,0.01321667,0,0
12119,38,263,0,0,0.00900354,0,0
12120,38,264,0,0,0.01243885,0,0
12121,38,265,0,0,0.06033519,1,32
12122,38,266,0,0,0.03272954,0,0
12123,38,267,0,0,0.02496456,0,0
12124,38,268,0,0,0.02319390,0,0
12125,38,269,0,0,0.01784956,0,0
12126,38,270,0,0,0.03422210,0,0
12127,38,271,0,0,0.04066731,1,32
12128,38,272,0,0,0.02213775,0,0
12129,38,273,0,0,0.02414789,0,0
12130,38,274,0,0,0.03879402,0,0
12131,38,275,0,0,0.01188352,0,0
12132,38,276,0,0,0.02170117,0,0
12133,38,277,0,0,0.01997458,0,0
12134,38,278,0,0,0.04264807,1,32
12135,38,279,0,0,0.04238400,1,32
12136,38,280,0,0,0.05011915,1,32
12137,38,281,0,0,0.03736382,0,0
12138,38,282,0,0,0.01800798,0,0
12139,38,283,0,0,0.04328361,1,31
12140,38,284,0,0,0.01976656,0,0
12141,38,285,0,0,0.01005952,0,0
12142,38,286,0,0,0.03722418,0,0
12143,38,287,0,0,0.02178799,0,0
12144,38,288,0,0,0.01053429,0,0
12145,38,289,0,0,0.02769817,0,0
12146,38,290,0,0,0.02517870,0,0
12147,38,291,0,0,0.02105987,0,0
12148,38,292,0,0,0.04078791,1,32
12149,38,293,0,0,0.03964154,0,0
12150,38,294,0,0,0.02241998,0,0
12151,38,295,0,0,0.01093503,0,0
12152,38,296,0,0,0.01959853,0,0
12153,38,297,0,0,0.01463622,0,0
12154,38,298,0,0,0.02881861,0,0
12155,38,299,0,0,0.01286858,0,0
12156,38,300,0,0,0.04091207,1,32
12157,38,301,0,0,0.01917655,0,0
12158,38,302,0,0,0.01560666,0,0
12159,38,303,0,0,0.02879696,0,0
12160,38,304,0,0,0.03699542,0,0
12161,38,305,0,0,0.02133620,0,0
12162,38,306,0,0,0.03967223,0,0
12163,38,307,0,0,0.02179606,0,0
12164,38,308,0,0,0.01970461,0,0
12165,38,309,0,0,0.00749893,0,0
12166,38,310,0,0,0.04874184,1,32
12167,38,311,0,0,0.00694382,0,0
12168,39,0,1,0,0.03096810,0,0
12169,39,1,0,0,0.02852090,0,0
12170,39,2,0,0,0.01799758,0,0
12171,39,3,0,0,0.03729392,0,0
12172,39,4,0,0,0.02579627,0,0
12173,39,5,0,0,0.01523554,0,0
12174,39,6,0,0,0.03023683,0,0
12175,39,7,0,0,0.03333314,0,0
12176,39,8,0,0,0.02099909,0,0
12177,39,9,0,0,0.01406738,0,0
12178,39,10,0,0,0.01461693,0,0
12179,39,11,0,0,0.01966908,0,0
12180,39,12,0,0,0.02489346,0,0
12181,39,13,0,0,0.00772616,0,0
12182,39,14,0,0,0.03230068,0,0
12183,39,15,0,0,0.03344280,0,0
12184,39,16,0,0,0.05248295,1,32
12185,39,17,0,0,0.02249739,0,0
12186,39,18,0,0,0.01097990,0,0
12187,39,19,0,0,0.02605546,0,0
12188,39,20,0,0,0.01659722,0,0
12189,39,21,0,0,0.01131270,0,0
12190,39,22,0,0,0.02925208,0,0
12191,39,23,0,0,0.02155160,0,0
12192,39,24,0,0,0.01973168,0,0
12193,39,25,0,0,0.02968455,0,0
12194,39,26,0,0,0.01968111,0,0
12195,39,27,0,0,0.03397558,0,0
12196,39,28,0,0,0.04108045,1,32
12197,39,29,0,0,0.04053241,1,32
12198,39,30,0,0,0.01774890,0,0
12199,39,31,0,0,0.02226140,0,0
12200,39,32,0,0,0.03356322,0,0
12201,39,33,0,0,0.01510336,0,0
12202,39,34,0,0,0.01551051,0,0
12203,39,35,0,0,0.02367252,0,0
12204,39,36,0,0,0.03801335,0,0
12205,39,37,0,0,0.02045241,0,0
12206,39,38,0,0,0.09228429,1,16
12207,39,39,0,0,0.01210723,0,0
12208,39,40,0,0,0.02073033,0,0
12209,39,41,0,0,0.04290664,1,32
12210,39,42,0,0,0.04436949,1,32
12211,39,43,0,0,0.02019846,0,0
12212,39,44,0,0,0.02191829,0,0
12213,39,45,0,0,0.02703616,0,0
12214,39,46,0,0,0.01778569,0,0
12215,39,47,0,0,0.02108875,0,0
12216,39,48,0,0,0.01759870,0,0
12217,39,49,0,0,0.02189201,0,0
12218,39,50,0,0,0.00667479,0,0
12219,39,51,0,0,0.00821025,0,0
12220,39,52,0,0,0.02881800,0,0
12221,39,53,0,0,0.02720829,0,0
12222,39,54,0,0,0.02240174,0,0
12223,39,55,0,0,0.02254305,0,0
12224,39,56,0,0,0.03718682,0,0
12225,39,57,0,0,0.01282337,0,0
12226,39,58,0,0,0.02583890,0,0
12227,39,59,0,0,0.03994378,0,0
12228,39,60,0,0,0.01752287,0,0
12229,39,61,0,0,0.04702106,1,32
12230,39,62,0,0,0.06999408,1,32
12231,39,63,0,0,0.02009296,0,0
12232,39,64,0,0,0.02956603,0,0
12233,39,65,0,0,0.02447327,0,0
12234,39,66,0,0,0.05391966,1,32
12235,39,67,0,0,0.03144165,0,0
12236,39,68,0,0,0.02232160,0,0
12237,39,69,0,0,0.04680856,1,32
12238,39,70,0,0,0.07744627,1,32
12239,39,71,0,0,0.05786421,1,32
12240,39,72,0,0,0.02508964,0,0
12241,39,73,0,0,0.01807446,0,0
12242,39,74,0,0,0.00751337,0,0
12243,39,75,0,0,0.02560550,0,0
12244,39,76,0,0,0.01694441,0,0
12245,39,77,0,0,0.01706472,0,0
12246,39,78,0,0,0.04550244,1,32
12247,39,79,0,0,0.02438457,0,0
12248,39,80,0,0,0.02720361,0,0
12249,39,81,0,0,0.05193861,1,32
12250,39,82,0,0,0.01288626,0,0
12251,39,83,0,0,0.05137320,1,32
12252,39,84,0,0,0.01944762,0,0
12253,39,85,0,0,0.01852567,0,0
12254,39,86,0,0,0.04659416,1,32
12255,39,87,0,0,0.03710087,0,0
12256,39,88,0,0,0.07666188,1,32
12257,39,89,0,0,0.03637999,0,0
12258,39,90,0,0,0.02852743,0,0
12259,39,91,0,0,0.05099802,1,32
12260,39,92,0,0,0.02884886,0,0
12261,39,93,0,0,0.02061766,0,0
12262,39,94,0,0,0.03502450,0,0
12263,39,95,0,0,0.01476950,0,0
12264,39,96,0,0,0.01427440,0,0
12265,39,97,0,0,0.05785333,1,31
12266,39,98,0,0,0.03418124,0,0
12267,39,99,0,0,0.00483672,0,0
12268,39,100,0,0,0.03132104,0,0
12269,39,101,0,0,0.02380165,0,0
12270,39,102,0,0,0.01649856,0,0
12271,39,103,0,0,0.01698765,0,0
12272,39,104,0,0,0.05378447,1,31
12273,39,105,0,0,0.03113388,0,0
12274,39,106,0,0,0.05683246,1,32
12275,39,107,0,0,0.05797635,1,32
12276,39,108,0,0,0.05403050,1,32
12277,39,109,0,0,0.02444856,0,0
12278,39,110,0,0,0.01126309,0,0
12279,39,111,0,0,0.02600891,0,0
12280,39,112,0,0,0.01297578,0,0
12281,39,113,0,0,0.02329710,0,0
12282,39,114,0,0,0.02728347,0,0
12283,39,115,0,0,0.02611417,0,0
12284,39,116,0,0,0.03260124,0,0
12285,39,117,0,0,0.04318058,1,32
12286,39,118,0,0,0.01597604,0,0
12287,39,119,0,0,0.02327019,0,0
12288,39,120,0,0,0.02222469,0,0
12289,39,121,0,0,0.04763308,1,32
12290,39,122,0,0,0.04316381,1,32
12291,39,123,0,0,0.00980540,0,0
12292,39,124,0,0,0.02921391,0,0
12293,39,125,0,0,0.03728393,0,0
12294,39,126,0,0,0.00620145,0,0
12295,39,127,0,0,0.01953660,0,0
12296,39,128,0,0,0.02176669,0,0
12297,39,129,0,0,0.02314513,0,0
12298,39,130,0,0,0.02160316,0,0
12299,39,131,0,0,0.02304867,0,0
12300,39,132,0,0,0.04486617,1,32
12301,39,133,0,0,0.04469766,1,32
12302,39,134,0,0,0.02615376,0,0
12303,39,135,0,0,0.01547739,0,0
12304,39,136,0,0,0.01696432,0,0
12305,39,137,0,0,0.09503679,1,32
12306,39,138,0,0,0.01049128,0,0
12307,39,139,0,0,0.02282346,0,0
12308,39,140,0,0,0.01497697,0,0
12309,39,141,0,0,0.02826966,0,0
12310,39,142,0,0,0.05158369,1,32
12311,39,143,0,0,0.00600809,0,0
12312,39,144,0,0,0.03924520,0,0
12313,39,145,0,0,0.01168161,0,0
12314,39,146,0,0,0.05052508,1,32
12315,39,147,0,0,0.01401091,0,0
12316,39,148,0,0,0.02542740,0,0
12317,39,149,0,0,0.03601088,0,0
12318,39,150,0,0,0.02558186,0,0
12319,39,151,0,0,0.03470434,0,0
12320,39,152,0,0,0.05234313,1,32
12321,39,153,0,0,0.01473129,0,0
12322,39,154,0,0,0.01651195,0,0
12323,39,155,0,0,0.01010245,0,0
12324,39,156,0,0,0.01537171,0,0
12325,39,157,0,0,0.01438587,0,0
12326,39,158,0,0,0.01988233,0,0
12327,39,159,0,0,0.02142692,0,0
12328,39,160,0,0,0.04521154,1,32
12329,39,161,0,0,0.02193940,0,0
12330,39,162,0,0,0.01961204,0,0
12331,39,163,0,0,0.04261803,1,32
12332,39,164,0,0,0.00683943,0,0
12333,39,165,0,0,0.04293419,1,32
12334,39,166,0,0,0.02247906,0,0
12335,39,167,0,0,0.05836929,1,32
12336,39,168,0,0,0.01989402,0,0
12337,39,169,0,0,0.01449813,0,0
12338,39,170,0,0,0.07786595,1,32
12339,39,171,0,0,0.03790980,0,0
12340,39,172,0,0,0.01220480,0,0
12341,39,173,0,0,0.00756440,0,0
12342,39,174,0,0,0.01539625,0,0
12343,39,175,0,0,0.03687265,0,0
12344,39,176,0,0,0.01940347,0,0
12345,39,177,0,0,0.03921245,0,0
12346,39,178,0,0,0.01176272,0,0
12347,39,179,0,0,0.02632955,0,0
12348,39,180,0,0,0.02649028,0,0
12349,39,181,0,0,0.02335749,0,0
12350,39,182,0,0,0.01431402,0,0
12351,39,183,0,0,0.03631069,0,0
12352,39,184,0,0,0.03053420,0,0
12353,39,185,0,0,0.01442163,0,0
12354,39,186,0,0,0.02206403,0,0
12355,39,187,0,0,0.02521826,0,0
12356,39,188,0,0,0.03056863,0,0
12357,39,189,0,0,0.03527312,0,0
12358,39,190,0,0,0.02697157,0,0
12359,39,191,0,0,0.01049060,0,0
12360,39,192,0,0,0.02612653,0,0
12361,39,193,0,0,0.01216100,0,0
12362,39,194,0,0,0.00679127,0,0
12363,39,195,0,0,0.05270829,1,31
12364,39,196,0,0,0.01585775,0,0
12365,39,197,0,0,0.01437686,0,0
12366,39,198,0,0,0.05610839,1,32
12367,39,199,0,0,0.01692994,0,0
12368,39,200,0,0,0.04602078,1,32
12369,39,201,0,0,0.01781069,0,0
12370,39,202,0,0,0.03295442,0,0
12371,39,203,0,0,0.02764675,0,0
12372,39,204,0,0,0.03307903,0,0
12373,39,205,0,0,0.01451094,0,0
12374,39,206,0,0,0.02047071,0,0
12375,39,207,0,0,0.01099219,0,0
12376,39,208,0,0,0.04321991,1,32
12377,39,209,0,0,0.02853728,0,0
12378,39,210,0,0,0.01344949,0,0
12379,39,211,0,0,0.03133195,0,0
12380,39,212,0,0,0.04554235,1,32
12381,39,213,0,0,0.02376989,0,0
12382,39,214,0,0,0.06483045,1,32
12383,39,215,0,0,0.05589103,1,32
12384,39,216,0,0,0.01394830,0,0
12385,39,217,0,0,0.02681302,0,0
12386,39,218,0,0,0.02248849,0,0
12387,39,219,0,0,0.03152207,0,0
12388,39,220,0,0,0.02080895,0,0
12389,39,221,0,0,0.01796776,0,0
12390,39,222,0,0,0.01831645,0,0
12391,39,223,0,0,0.03419709,0,0
12392,39,224,0,0,0.02784476,0,0
12393,39,225,0,0,0.04098466,1,32
12394,39,226,0,0,0.04045168,1,32
12395,39,227,0,0,0.04194207,1,32
12396,39,228,0,0,0.04805554,1,32
12397,39,229,0,0,0.06109924,1,32
12398,39,230,0,0,0.03038457,0,0
12399,39,231,0,0,0.01525314,0,0
12400,39,232,0,0,0.02689703,0,0
12401,39,233,0,0,0.05072432,1,32
12402,39,234,0,0,0.01593002,0,0
12403,39,235,0,0,0.05677663,1,32
12404,39,236,0,0,0.03886762,0,0
12405,39,237,0,0,0.07217544,1,32
12406,39,238,0,0,0.03104296,0,0
12407,39,239,0,0,0.04069330,1,32
12408,39,240,0,0,0.04237419,1,32
12409,39,241,0,0,0.04538085,1,32
12410,39,242,0,0,0.05517941,1,32
12411,39,243,0,0,0.01560301,0,0
12412,39,244,0,0,0.02929488,0,0
12413,39,245,0,0,0.02510776,0,0
12414,39,246,0,0,0.02956737,0,0
12415,39,247,0,0,0.01672583,0,0
12416,39,248,0,0,0.08075230,1,32
12417,39,249,0,0,0.02717175,0,0
12418,39,250,0,0,0.02744518,0,0
12419,39,251,0,0,0.07418956,1,32
12420,39,252,0,0,0.04295304,1,32
12421,39,253,0,0,0.01881617,0,0
12422,39,254,0,0,0.02237982,0,0
12423,39,255,0,0,0.01914384,0,0
12424,39,256,0,0,0.04263696,1,31
12425,39,257,0,0,0.01138365,0,0
12426,39,258,0,0,0.01697813,0,0
12427,39,259,0,0,0.02802745,0,0
12428,39,260,0,0,0.02752122,0,0
12429,39,261,0,0,0.01633681,0,0
12430,39,262,0,0,0.05933571,1,31
12431,39,263,0,0,0.01411453,0,0
12432,39,264,0,0,0.01238912,0,0
12433,39,265,0,0,0.05303177,1,32
12434,39,266,0,0,0.05981244,1,32
12435,39,267,0,0,0.07456557,1,32
12436,39,268,0,0,0.02251517,0,0
12437,39,269,0,0,0.02119056,0,0
12438,39,270,0,0,0.02822347,0,0
12439,39,271,0,0,0.03992785,0,0
12440,39,272,0,0,0.04385328,1,32
12441,39,273,0,0,0.02795704,0,0
12442,39,274,0,0,0.01866177,0,0
12443,39,275,0,0,0.06408149,1,32
12444,39,276,0,0,0.01523199,0,0
12445,39,277,0,0,0.01793950,0,0
12446,39,278,0,0,0.03123882,0,0
12447,39,279,0,0,0.05165591,1,32
12448,39,280,0,0,0.03583558,0,0
12449,39,281,0,0,0.02518904,0,0
12450,39,282,0,0,0.06122166,1,32
12451,39,283,0,0,0.01304124,0,0
12452,39,284,0,0,0.01975271,0,0
12453,39,285,0,0,0.03114681,0,0
12454,39,286,0,0,0.01388026,0,0
12455,39,287,0,0,0.04839417,1,32
12456,39,288,0,0,0.02348770,0,0
12457,39,289,0,0,0.01746153,0,0
12458,39,290,0,0,0.02864726,0,0
12459,39,291,0,0,0.03472580,0,0
12460,39,292,0,0,0.02467680,0,0
12461,39,293,0,0,0.03329083,0,0
12462,39,294,0,0,0.04783280,1,32
12463,39,295,0,0,0.02028192,0,0
12464,39,296,0,0,0.02660713,0,0
12465,39,297,0,0,0.01273199,0,0
12466,39,298,0,0,0.01221453,0,0
12467,39,299,0,0,0.05081160,1,32
12468,39,300,0,0,0.01149642,0,0
12469,39,301,0,0,0.04538294,1,32
12470,39,302,0,0,0.02333574,0,0
12471,39,303,0,0,0.02434802,0,0
12472,39,304,0,0,0.03902503,0,0
12473,39,305,0,0,0.05411558,1,32
12474,39,306,0,0,0.02512732,0,0
12475,39,307,0,0,0.02303291,0,0
12476,39,308,0,0,0.01989637,0,0
12477,39,309,0,0,0.02151976,0,0
12478,39,310,0,0,0.01138141,0,0
12479,39,311,0,0,0.06999287,1,32
12480,40,0,1,0,0.01364943,0,0
12481,40,1,0,0,0.04133193,1,32
12482,40,2,0,0,0.01484704,0,0
12483,40,3,0,0,0.02600120,0,0
12484,40,4,0,0,0.03884334,0,0
12485,40,5,0,0,0.02483887,0,0
12486,40,6,0,0,0.02609790,0,0
12487,40,7,0,0,0.02335512,0,0
12488,40,8,0,0,0.03013578,0,0
12489,40,9,0,0,0.03723442,0,0
12490,40,10,0,0,0.02414286,0,0
12491,40,11,0,0,0.01056334,0,0
12492,40,12,0,0,0.01688050,0,0
12493,40,13,0,0,0.01186288,0,0
12494,40,14,0,0,0.00752788,0,0
12495,40,15,0,0,0.03200669,0,0
12496,40,16,0,0,0.02849666,0,0
12497,40,17,0,0,0.06926497,1,32
12498,40,18,0,0,0.02352235,0,0
12499,40,19,0,0,0.01641557,0,0
12500,40,20,0,0,0.02084937,0,0
12501,40,21,0,0,0.01506405,0,0
12502,40,22,0,0,0.00866812,0,0
12503,40,23,0,0,0.04092849,1,32
12504,40,24,0,0,0.05155591,1,32
12505,40,25,0,0,0.01652406,0,0
12506,40,26,0,0,0.02290288,0,0
12507,40,27,0,0,0.03259244,0,0
12508,40,28,0,0,0.02505746,0,0
12509,40,29,0,0,0.04048285,1,32
12510,40,30,0,0,0.02876015,0,0
12511,40,31,0,0,0.01164064,0,0
12512,40,32,0,0,0.03307039,0,0
12513,40,33,0,0,0.05032843,1,32
12514,40,34,0,0,0.01394937,0,0
12515,40,35,0,0,0.01845659,0,0
12516,40,36,0,0,0.03452644,0,0
12517,40,37,0,0,0.06169450,1,32
12518,40,38,0,0,0.03006475,0,0
12519,40,39,0,0,0.12408651,1,16
12520,40,40,0,0,0.02480237,0,0
12521,40,41,0,0,0.01886390,0,0
12522,40,42,0,0,0.04230824,1,32
12523,40,43,0,0,0.04764950,1,32
12524,40,44,0,0,0.02017485,0,0
12525,40,45,0,0,0.02332548,0,0
12526,40,46,0,0,0.02496593,0,0
12527,40,47,0,0,0.01501040,0,0
12528,40,48,0,0,0.02529782,0,0
12529,40,49,0,0,0.02858786,0,0
12530,40,50,0,0,0.01459506,0,0
12531,40,51,0,0,0.00667298,0,0
12532,40,52,0,0,0.01814320,0,0
12533,40,53,0,0,0.03645163,0,0
12534,40,54,0,0,0.02500198,0,0
12535,40,55,0,0,0.03040026,0,0
12536,40,56,0,0,0.02324013,0,0
12537,40,57,0,0,0.03584022,0,0
12538,40,58,0,0,0.01515614,0,0
12539,40,59,0,0,0.02297845,0,0
12540,40,60,0,0,0.05906154,1,32
12541,40,61,0,0,0.01962880,0,0
12542,40,62,0,0,0.04883459,1,32
12543,40,63,0,0,0.07057996,1,32
12544,40,64,0,0,0.02281811,0,0
12545,40,65,0,0,0.03023582,0,0
12546,40,66,0,0,0.02382352,0,0
12547,40,67,0,0,0.05281950,1,32
12548,40,68,0,0,0.03366661,0,0
12549,40,69,0,0,0.01896403,0,0
12550,40,70,0,0,0.04977265,1,32
12551,40,71,0,0,0.08620052,1,32
12552,40,72,0,0,0.04740456,1,31
12553,40,73,0,0,0.02722552,0,0
12554,40,74,0,0,0.01368817,0,0
12555,40,75,0,0,0.01990195,0,0
12556,40,76,0,0,0.03333827,0,0
12557,40,77,0,0,0.02115401,0,0
12558,40,78,0,0,0.02197707,0,0
12559,40,79,0,0,0.04458143,1,32
12560,40,80,0,0,0.03321268,0,0
12561,40,81,0,0,0.02136352,0,0
12562,40,82,0,0,0.06283605,1,32
12563,40,83,0,0,0.01269030,0,0
12564,40,84,0,0,0.04982889,1,32
12565,40,85,0,0,0.02021717,0,0
12566,40,86,0,0,0.03707424,0,0
12567,40,87,0,0,0.05400021,1,32
12568,40,88,0,0,0.03338994,0,0
12569,40,89,0,0,0.07098884,1,32
12570,40,90,0,0,0.03210156,0,0
12571,40,91,0,0,0.03428273,0,0
12572,40,92,0,0,0.05128559,1,32
12573,40,93,0,0,0.02749867,0,0
12574,40,94,0,0,0.01160312,0,0
12575,40,95,0,0,0.01695831,0,0
12576,40,96,0,0,0.01678595,0,0
12577,40,97,0,0,0.01052357,0,0
12578,40,98,0,0,0.03384652,0,0
12579,40,99,0,0,0.03332324,0,0
12580,40,100,0,0,0.00424030,0,0
12581,40,101,0,0,0.03278516,0,0
12582,40,102,0,0,0.01517648,0,0
12583,40,103,0,0,0.02238797,0,0
12584,40,104,0,0,0.01828637,0,0
12585,40,105,0,0,0.06417403,1,32
12586,40,106,0,0,0.02339578,0,0
12587,40,107,0,0,0.06151037,1,32
12588,40,108,0,0,0.05694229,1,32
12589,40,109,0,0,0.05729997,1,32
12590,40,110,0,0,0.02456191,0,0
12591,40,111,0,0,0.00773183,0,0
12592,40,112,0,0,0.03786263,0,0
12593,40,113,0,0,0.01755862,0,0
12594,40,114,0,0,0.02268620,0,0
12595,40,115,0,0,0.02460362,0,0
12596,40,116,0,0,0.02421356,0,0
12597,40,117,0,0,0.02525545,0,0
12598,40,118,0,0,0.04580761,1,32
12599,40,119,0,0,0.01078843,0,0
12600,40,120,0,0,0.03824361,0,0
12601,40,121,0,0,0.02277299,0,0
12602,40,122,0,0,0.05202592,1,32
12603,40,123,0,0,0.04481053,1,32
12604,40,124,0,0,0.01388005,0,0
12605,40,125,0,0,0.02825940,0,0
12606,40,126,0,0,0.06251370,1,32
12607,40,127,0,0,0.00742693,0,0
12608,40,128,0,0,0.01389368,0,0
12609,40,129,0,0,0.02600646,0,0
12610,40,130,0,0,0.02502601,0,0
12611,40,131,0,0,0.02241565,0,0
12612,40,132,0,0,0.01638311,0,0
12613,40,133,0,0,0.05866900,1,32
12614,40,134,0,0,0.04645266,1,32
12615,40,135,0,0,0.01829742,0,0
12616,40,136,0,0,0.01269904,0,0
12617,40,137,0,0,0.01859176,0,0
12618,40,138,0,0,0.09567694,1,32
12619,40,139,0,0,0.01126058,0,0
12620,40,140,0,0,0.02127927,0,0
12621,40,141,0,0,0.01623783,0,0
12622,40,142,0,0,0.03316675,0,0
12623,40,143,0,0,0.05454294,1,32
12624,40,144,0,0,0.00945000,0,0
12625,40,145,0,0,0.03952214,0,0
12626,40,146,0,0,0.01266724,0,0
12627,40,147,0,0,0.04744070,1,32
12628,40,148,0,0,0.01550176,0,0
12629,40,149,0,0,0.05403436,1,32
12630,40,150,0,0,0.03819244,0,0
12631,40,151,0,0,0.03205823,0,0
12632,40,152,0,0,0.04388347,1,32
12633,40,153,0,0,0.04961783,1,32
12634,40,154,0,0,0.01603530,0,0
12635,40,155,0,0,0.02018837,0,0
12636,40,156,0,0,0.01689332,0,0
12637,40,157,0,0,0.01731440,0,0
12638,40,158,0,0,0.01486707,0,0
12639,40,159,0,0,0.04600062,1,32
12640,40,160,0,0,0.02231716,0,0
12641,40,161,0,0,0.04925753,1,32
12642,40,162,0,0,0.02208954,0,0
12643,40,163,0,0,0.01652929,0,0
12644,40,164,0,0,0.03344895,0,0
12645,40,165,0,0,0.01235729,0,0
12646,40,166,0,0,0.04348582,1,32
12647,40,167,0,0,0.03096395,0,0
12648,40,168,0,0,0.06409518,1,32
12649,40,169,0,0,0.02276741,0,0
12650,40,170,0,0,0.01520749,0,0
12651,40,171,0,0,0.10461193,1,32
12652,40,172,0,0,0.04323724,1,32
12653,40,173,0,0,0.01239915,0,0
12654,40,174,0,0,0.00987604,0,0
12655,40,175,0,0,0.01663134,0,0
12656,40,176,0,0,0.01605528,0,0
12657,40,177,0,0,0.01856411,0,0
12658,40,178,0,0,0.03470326,0,0
12659,40,179,0,0,0.00584827,0,0
12660,40,180,0,0,0.02049566,0,0
12661,40,181,0,0,0.02433036,0,0
12662,40,182,0,0,0.01896243,0,0
12663,40,183,0,0,0.01363594,0,0
12664,40,184,0,0,0.04089271,1,32
12665,40,185,0,0,0.04361298,1,32
12666,40,186,0,0,0.01247566,0,0
12667,40,187,0,0,0.02698512,0,0
12668,40,188,0,0,0.02304360,0,0
12669,40,189,0,0,0.02842677,0,0
12670,40,190,0,0,0.01953720,0,0
12671,40,191,0,0,0.02762466,0,0
12672,40,192,0,0,0.01050386,0,0
12673,40,193,0,0,0.01716966,0,0
12674,40,194,0,0,0.00968669,0,0
12675,40,195,0,0,0.01295331,0,0
12676,40,196,0,0,0.04896889,1,32
12677,40,197,0,0,0.01104558,0,0
12678,40,198,0,0,0.01616152,0,0
12679,40,199,0,0,0.03546516,0,0
12680,40,200,0,0,0.02270713,0,0
12681,40,201,0,0,0.04432663,1,32
12682,40,202,0,0,0.01163156,0,0
12683,40,203,0,0,0.04552782,1,32
12684,40,204,0,0,0.02477852,0,0
12685,40,205,0,0,0.04878766,1,32
12686,40,206,0,0,0.02063673,0,0
12687,40,207,0,0,0.02953990,0,0
12688,40,208,0,0,0.01598962,0,0
12689,40,209,0,0,0.04346512,1,32
12690,40,210,0,0,0.04685736,1,32
12691,40,211,0,0,0.01560007,0,0
12692,40,212,0,0,0.03055874,0,0
12693,40,213,0,0,0.03739599,0,0
12694,40,214,0,0,0.02630427,0,0
12695,40,215,0,0,0.06007355,1,32
12696,40,216,0,0,0.08092204,1,32
12697,40,217,0,0,0.01541363,0,0
12698,40,218,0,0,0.04052138,1,32
12699,40,219,0,0,0.02407691,0,0
12700,40,220,0,0,0.04315403,1,32
12701,40,221,0,0,0.02793366,0,0
12702,40,222,0,0,0.01846603,0,0
12703,40,223,0,0,0.02184245,0,0
12704,40,224,0,0,0.03986251,0,0
12705,40,225,0,0,0.02707172,0,0
12706,40,226,0,0,0.04827140,1,32
12707,40,227,0,0,0.03932704,0,0
12708,40,228,0,0,0.04167476,1,32
12709,40,229,0,0,0.03510800,0,0
12710,40,230,0,0,0.06836769,1,32
12711,40,231,0,0,0.02476934,0,0
12712,40,232,0,0,0.01687814,0,0
12713,40,233,0,0,0.03469497,0,0
12714,40,234,0,0,0.04678084,1,32
12715,40,235,0,0,0.02559694,0,0
12716,40,236,0,0,0.05806831,1,32
12717,40,237,0,0,0.04117961,1,32
12718,40,238,0,0,0.08174324,1,32
12719,40,239,0,0,0.03175864,0,0
12720,40,240,0,0,0.04950350,1,32
12721,40,241,0,0,0.04418580,1,32
12722,40,242,0,0,0.04733552,1,32
12723,40,243,0,0,0.06179677,1,32
12724,40,244,0,0,0.01635723,0,0
12725,40,245,0,0,0.02433940,0,0
12726,40,246,0,0,0.02628006,0,0
12727,40,247,0,0,0.04303019,1,32
12728,40,248,0,0,0.02207542,0,0
12729,40,249,0,0,0.11133320,1,32
12730,40,250,0,0,0.02344537,0,0
12731,40,251,0,0,0.02139499,0,0
12732,40,252,0,0,0.07341178,1,32
12733,40,253,0,0,0.04317752,1,32
12734,40,254,0,0,0.02151636,0,0
12735,40,255,0,0,0.04354119,1,32
12736,40,256,0,0,0.02168250,0,0
12737,40,257,0,0,0.03265705,0,0
12738,40,258,0,0,0.01008211,0,0
12739,40,259,0,0,0.02237942,0,0
12740,40,260,0,0,0.03652179,0,0
12741,40,261,0,0,0.02718633,0,0
12742,40,262,0,0,0.01640541,0,0
12743,40,263,0,0,0.06216054,1,32
12744,40,264,0,0,0.01435271,0,0
12745,40,265,0,0,0.01821195,0,0
12746,40,266,0,0,0.05237588,1,32
12747,40,267,0,0,0.05885276,1,32
12748,40,268,0,0,0.05343378,1,32
12749,40,269,0,0,0.02146819,0,0
12750,40,270,0,0,0.02593081,0,0
12751,40,271,0,0,0.02392610,0,0
12752,40,272,0,0,0.03994261,0,0
12753,40,273,0,0,0.04413093,1,32
12754,40,274,0,0,0.03483672,0,0
12755,40,275,0,0,0.01907398,0,0
12756,40,276,0,0,0.06684116,1,32
12757,40,277,0,0,0.01692045,0,0
12758,40,278,0,0,0.02063793,0,0
12759,40,279,0,0,0.05574725,1,32
12760,40,280,0,0,0.05291586,1,32
12761,40,281,0,0,0.02675220,0,0
12762,40,282,0,0,0.02741764,0,0
12763,40,283,0,0,0.07036339,1,32
12764,40,284,0,0,0.01077570,0,0
12765,40,285,0,0,0.03004625,0,0
12766,40,286,0,0,0.02307380,0,0
12767,40,287,0,0,0.01125513,0,0
12768,40,288,0,0,0.05027474,1,32
12769,40,289,0,0,0.02494530,0,0
12770,40,290,0,0,0.01603616,0,0
12771,40,291,0,0,0.03410522,0,0
12772,40,292,0,0,0.03521800,0,0
12773,40,293,0,0,0.02812455,0,0
12774,40,294,0,0,0.02842974,0,0
12775,40,295,0,0,0.05328181,1,32
12776,40,296,0,0,0.01767854,0,0
12777,40,297,0,0,0.01543441,0,0
12778,40,298,0,0,0.00946081,0,0
12779,40,299,0,0,0.02347026,0,0
12780,40,300,0,0,0.05360302,1,32
12781,40,301,0,0,0.01511034,0,0
12782,40,302,0,0,0.03759054,0,0
12783,40,303,0,0,0.01799310,0,0
12784,40,304,0,0,0.02341343,0,0
12785,40,305,0,0,0.03354842,0,0
12786,40,306,0,0,0.05592997,1,32
12787,40,307,0,0,0.03429586,0,0
12788,40,308,0,0,0.02124126,0,0
12789,40,309,0,0,0.01915432,0,0
12790,40,310,0,0,0.03002325,0,0
12791,40,311,0,0,0.01101401,0,0
12792,41,0,1,0,0.06374419,1,32
12793,41,1,0,0,0.01232342,0,0
12794,41,2,0,0,0.04661024,1,32
12795,41,3,0,0,0.01605646,0,0
12796,41,4,0,0,0.01982985,0,0
12797,41,5,0,0,0.04568566,1,32
12798,41,6,0,0,0.04911409,1,32
12799,41,7,0,0,0.01974684,0,0
12800,41,8,0,0,0.02600345,0,0
12801,41,9,0,0,0.04347084,1,32
12802,41,10,0,0,0.02591009,0,0
12803,41,11,0,0,0.01743267,0,0
12804,41,12,0,0,0.01039643,0,0
12805,41,13,0,0,0.01499548,0,0
12806,41,14,0,0,0.01410528,0,0
12807,41,15,0,0,0.00913051,0,0
12808,41,16,0,0,0.06174999,1,32
12809,41,17,0,0,0.03237161,0,0
12810,41,18,0,0,0.06718216,1,32
12811,41,19,0,0,0.02521131,0,0
12812,41,20,0,0,0.01756273,0,0
12813,41,21,0,0,0.01968366,0,0
12814,41,22,0,0,0.01737607,0,0
12815,41,23,0,0,0.00712437,0,0
12816,41,24,0,0,0.03893008,0,0
12817,41,25,0,0,0.04138975,1,32
12818,41,26,0,0,0.01879262,0,0
12819,41,27,0,0,0.02375988,0,0
12820,41,28,0,0,0.03628186,0,0
12821,41,29,0,0,0.02818501,0,0
12822,41,30,0,0,0.04144717,1,32
12823,41,31,0,0,0.02175508,0,0
12824,41,32,0,0,0.01507874,0,0
12825,41,33,0,0,0.03028883,0,0
12826,41,34,0,0,0.05298566,1,32
12827,41,35,0,0,0.01393836,0,0
12828,41,36,0,0,0.01818259,0,0
12829,41,37,0,0,0.03398957,0,0
12830,41,38,0,0,0.05524074,1,32
12831,41,39,0,0,0.03272951,0,0
12832,41,40,0,0,0.09976588,1,16
12833,41,41,0,0,0.02062381,0,0
12834,41,42,0,0,0.02099740,0,0
12835,41,43,0,0,0.03955359,0,0
12836,41,44,0,0,0.05062143,1,32
12837,41,45,0,0,0.02648643,0,0
12838,41,46,0,0,0.02346056,0,0
12839,41,47,0,0,0.03090509,0,0
12840,41,48,0,0,0.02028694,0,0
12841,41,49,0,0,0.02453433,0,0
12842,41,50,0,0,0.02878773,0,0
12843,41,51,0,0,0.01388182,0,0
12844,41,52,0,0,0.00878146,0,0
12845,41,53,0,0,0.01401518,0,0
12846,41,54,0,0,0.04960936,1,32
12847,41,55,0,0,0.02822762,0,0
12848,41,56,0,0,0.03545275,0,0
12849,41,57,0,0,0.01800379,0,0
12850,41,58,0,0,0.03620395,0,0
12851,41,59,0,0,0.01609596,0,0
12852,41,60,0,0,0.02338992,0,0
12853,41,61,0,0,0.05823157,1,32
12854,41,62,0,0,0.01857022,0,0
12855,41,63,0,0,0.04806115,1,32
12856,41,64,0,0,0.05223956,1,32
12857,41,65,0,0,0.01906775,0,0
12858,41,66,0,0,0.02712243,0,0
12859,41,67,0,0,0.01742545,0,0
12860,41,68,0,0,0.05643943,1,32
12861,41,69,0,0,0.03826029,0,0
12862,41,70,0,0,0.01840249,0,0
12863,41,71,0,0,0.04947527,1,32
12864,41,72,0,0,0.07511185,1,32
12865,41,73,0,0,0.06984907,1,32
12866,41,74,0,0,0.03031034,0,0
12867,41,75,0,0,0.01459710,0,0
12868,41,76,0,0,0.01082096,0,0
12869,41,77,0,0,0.05431690,1,32
12870,41,78,0,0,0.02478230,0,0
12871,41,79,0,0,0.02356011,0,0
12872,41,80,0,0,0.04292621,1,32
12873,41,81,0,0,0.02531332,0,0
12874,41,82,0,0,0.02324805,0,0
12875,41,83,0,0,0.06433874,1,32
12876,41,84,0,0,0.01229866,0,0
12877,41,85,0,0,0.04967996,1,32
12878,41,86,0,0,0.02005051,0,0
12879,41,87,0,0,0.03835592,0,0
12880,41,88,0,0,0.05449758,1,32
12881,41,89,0,0,0.02857557,0,0
12882,41,90,0,0,0.07115182,1,32
12883,41,91,0,0,0.04142171,1,32
12884,41,92,0,0,0.02811873,0,0
12885,41,93,0,0,0.05143226,1,32
12886,41,94,0,0,0.02072468,0,0
12887,41,95,0,0,0.01654781,0,0
12888,41,96,0,0,0.01512941,0,0
12889,41,97,0,0,0.01350476,0,0
12890,41,98,0,0,0.01325952,0,0
12891,41,99,0,0,0.02848408,0,0
12892,41,100,0,0,0.03529996,0,0
12893,41,101,0,0,0.00251647,0,0
12894,41,102,0,0,0.03326757,0,0
12895,41,103,0,0,0.04002816,1,32
12896,41,104,0,0,0.02645701,0,0
12897,41,105,0,0,0.01751616,0,0
12898,41,106,0,0,0.06395953,1,32
12899,41,107,0,0,0.02557265,0,0
12900,41,108,0,0,0.05125061,1,32
12901,41,109,0,0,0.05563976,1,32
12902,41,110,0,0,0.05805355,1,32
12903,41,111,0,0,0.01898808,0,0
12904,41,112,0,0,0.01072329,0,0
12905,41,113,0,0,0.02248003,0,0
12906,41,114,0,0,0.01891686,0,0
12907,41,115,0,0,0.02512454,0,0
12908,41,116,0,0,0.02614783,0,0
12909,41,117,0,0,0.02251192,0,0
12910,41,118,0,0,0.02958367,0,0
12911,41,119,0,0,0.04208439,1,32
12912,41,120,0,0,0.00950766,0,0
12913,41,121,0,0,0.03872696,0,0
12914,41,122,0,0,0.02398114,0,0
12915,41,123,0,0,0.05137357,1,32
12916,41,124,0,0,0.04557094,1,32
12917,41,125,0,0,0.00888999,0,0
12918,41,126,0,0,0.03496093,0,0
12919,41,127,0,0,0.06274526,1,32
12920,41,128,0,0,0.00475130,0,0
12921,41,129,0,0,0.01430245,0,0
12922,41,130,0,0,0.02660114,0,0
12923,41,131,0,0,0.02465172,0,0
12924,41,132,0,0,0.02645547,0,0
12925,41,133,0,0,0.02230833,0,0
12926,41,134,0,0,0.06101352,1,32
12927,41,135,0,0,0.04794014,1,32
12928,41,136,0,0,0.02831649,0,0
12929,41,137,0,0,0.01839327,0,0
12930,41,138,0,0,0.01573062,0,0
12931,41,139,0,0,0.09427674,1,32
12932,41,140,0,0,0.00985647,0,0
12933,41,141,0,0,0.01956459,0,0
12934,41,142,0,0,0.01571355,0,0
12935,41,143,0,0,0.03928247,0,0
12936,41,144,0,0,0.05519897,1,32
12937,41,145,0,0,0.01040503,0,0
12938,41,146,0,0,0.04274026,1,32
12939,41,147,0,0,0.01020257,0,0
12940,41,148,0,0,0.04523535,1,32
12941,41,149,0,0,0.01066181,0,0
12942,41,150,0,0,0.03543526,0,0
12943,41,151,0,0,0.06244448,1,32
12944,41,152,0,0,0.03282496,0,0
12945,41,153,0,0,0.03400316,0,0
12946,41,154,0,0,0.03515319,0,0
12947,41,155,0,0,0.01345723,0,0
12948,41,156,0,0,0.01563776,0,0
12949,41,157,0,0,0.01207867,0,0
12950,41,158,0,0,0.01507498,0,0
12951,41,159,0,0,0.01638001,0,0
12952,41,160,0,0,0.04545369,1,32
12953,41,161,0,0,0.02138840,0,0
12954,41,162,0,0,0.04967222,1,32
12955,41,163,0,0,0.01861640,0,0
12956,41,164,0,0,0.01680546,0,0
12957,41,165,0,0,0.06325223,1,32
12958,41,166,0,0,0.01258937,0,0
12959,41,167,0,0,0.04411178,1,32
12960,41,168,0,0,0.02992561,0,0
12961,41,169,0,0,0.06345485,1,32
12962,41,170,0,0,0.01948970,0,0
12963,41,171,0,0,0.01964573,0,0
12964,41,172,0,0,0.07661615,1,32
12965,41,173,0,0,0.04563000,1,32
12966,41,174,0,0,0.01634152,0,0
12967,41,175,0,0,0.01539088,0,0
12968,41,176,0,0,0.01448922,0,0
12969,41,177,0,0,0.01446071,0,0
12970,41,178,0,0,0.02019967,0,0
12971,41,179,0,0,0.03741306,0,0
12972,41,180,0,0,0.00603777,0,0
12973,41,181,0,0,0.02543412,0,0
12974,41,182,0,0,0.02776749,0,0
12975,41,183,0,0,0.02390509,0,0
12976,41,184,0,0,0.01009084,0,0
12977,41,185,0,0,0.03918957,0,0
12978,41,186,0,0,0.04035726,1,32
12979,41,187,0,0,0.01549628,0,0
12980,41,188,0,0,0.02120611,0,0
12981,41,189,0,0,0.03345383,0,0
12982,41,190,0,0,0.02535176,0,0
12983,41,191,0,0,0.01856796,0,0
12984,41,192,0,0,0.02155310,0,0
12985,41,193,0,0,0.01101851,0,0
12986,41,194,0,0,0.01316328,0,0
12987,41,195,0,0,0.01088654,0,0
12988,41,196,0,0,0.01594796,0,0
12989,41,197,0,0,0.05619274,1,32
12990,41,198,0,0,0.01995416,0,0
12991,41,199,0,0,0.01701011,0,0
12992,41,200,0,0,0.05569074,1,32
12993,41,201,0,0,0.01873899,0,0
12994,41,202,0,0,0.01918476,0,0
12995,41,203,0,0,0.01885506,0,0
12996,41,204,0,0,0.02667781,0,0
12997,41,205,0,0,0.02647384,0,0
12998,41,206,0,0,0.05620795,1,32
12999,41,207,0,0,0.01567899,0,0
13000,41,208,0,0,0.02988568,0,0
13001,41,209,0,0,0.01657958,0,0
13002,41,210,0,0,0.04324794,1,32
13003,41,211,0,0,0.04516267,1,32
13004,41,212,0,0,0.01531411,0,0
13005,41,213,0,0,0.02934446,0,0
13006,41,214,0,0,0.03607669,0,0
13007,41,215,0,0,0.02230047,0,0
13008,41,216,0,0,0.06097690,1,32
13009,41,217,0,0,0.08041280,1,32
13010,41,218,0,0,0.01151998,0,0
13011,41,219,0,0,0.04062202,1,32
13012,41,220,0,0,0.01839251,0,0
13013,41,221,0,0,0.04953808,1,32
13014,41,222,0,0,0.01962870,0,0
13015,41,223,0,0,0.02095074,0,0
13016,41,224,0,0,0.01981076,0,0
13017,41,225,0,0,0.03484688,0,0
13018,41,226,0,0,0.02460526,0,0
13019,41,227,0,0,0.04989043,1,32
13020,41,228,0,0,0.03380834,0,0
13021,41,229,0,0,0.03228430,0,0
13022,41,230,0,0,0.02462512,0,0
13023,41,231,0,0,0.05965923,1,32
13024,41,232,0,0,0.02433278,0,0
13025,41,233,0,0,0.01268706,0,0
13026,41,234,0,0,0.01873319,0,0
13027,41,235,0,0,0.04974347,1,32
13028,41,236,0,0,0.02689040,0,0
13029,41,237,0,0,0.05836232,1,32
13030,41,238,0,0,0.03718728,0,0
13031,41,239,0,0,0.07104938,1,32
13032,41,240,0,0,0.03486096,0,0
13033,41,241,0,0,0.04013985,1,32
13034,41,242,0,0,0.04243597,1,32
13035,41,243,0,0,0.04556885,1,32
13036,41,244,0,0,0.06230047,1,32
13037,41,245,0,0,0.01638420,0,0
13038,41,246,0,0,0.01893628,0,0
13039,41,247,0,0,0.02878881,0,0
13040,41,248,0,0,0.04839022,1,32
13041,41,249,0,0,0.01096664,0,0
13042,41,250,0,0,0.10804986,1,32
13043,41,251,0,0,0.02271723,0,0
13044,41,252,0,0,0.02757556,0,0
13045,41,253,0,0,0.07180113,1,32
13046,41,254,0,0,0.04286779,1,32
13047,41,255,0,0,0.01673712,0,0
13048,41,256,0,0,0.03811081,0,0
13049,41,257,0,0,0.02514787,0,0
13050,41,258,0,0,0.03079651,0,0
13051,41,259,0,0,0.01099391,0,0
13052,41,260,0,0,0.02690754,0,0
13053,41,261,0,0,0.03095398,0,0
13054,41,262,0,0,0.02792651,0,0
13055,41,263,0,0,0.02056071,0,0
13056,41,264,0,0,0.05928363,1,32
13057,41,265,0,0,0.01559150,0,0
13058,41,266,0,0,0.01595972,0,0
13059,41,267,0,0,0.05163080,1,32
13060,41,268,0,0,0.06035813,1,32
13061,41,269,0,0,0.05650759,1,32
13062,41,270,0,0,0.02198794,0,0
13063,41,271,0,0,0.01511151,0,0
13064,41,272,0,0,0.02356308,0,0
13065,41,273,0,0,0.03988257,0,0
13066,41,274,0,0,0.04229121,1,32
13067,41,275,0,0,0.02638218,0,0
13068,41,276,0,0,0.01813029,0,0
13069,41,277,0,0,0.06687018,1,32
13070,41,278,0,0,0.01457118,0,0
13071,41,279,0,0,0.02029788,0,0
13072,41,280,0,0,0.05604513,1,32
13073,41,281,0,0,0.06464145,1,32
13074,41,282,0,0,0.03375538,0,0
13075,41,283,0,0,0.02384296,0,0
13076,41,284,0,0,0.05654771,1,32
13077,41,285,0,0,0.01162375,0,0
13078,41,286,0,0,0.02810791,0,0
13079,41,287,0,0,0.02693864,0,0
13080,41,288,0,0,0.01373058,0,0
13081,41,289,0,0,0.04393930,1,31
13082,41,290,0,0,0.02427128,0,0
13083,41,291,0,0,0.01776557,0,0
13084,41,292,0,0,0.03113015,0,0
13085,41,293,0,0,0.03978465,0,0
13086,41,294,0,0,0.03127230,0,0
13087,41,295,0,0,0.03463006,0,0
13088,41,296,0,0,0.05281467,1,32
13089,41,297,0,0,0.02161241,0,0
13090,41,298,0,0,0.01554857,0,0
13091,41,299,0,0,0.01159698,0,0
13092,41,300,0,0,0.02249547,0,0
13093,41,301,0,0,0.05508735,1,32
13094,41,302,0,0,0.01353227,0,0
13095,41,303,0,0,0.04017276,1,32
13096,41,304,0,0,0.02321495,0,0
13097,41,305,0,0,0.02060406,0,0
13098,41,306,0,0,0.03913092,0,0
13099,41,307,0,0,0.05798241,1,32
13100,41,308,0,0,0.03082186,0,0
13101,41,309,0,0,0.02594730,0,0
13102,41,310,0,0,0.02006451,0,0
13103,41,311,0,0,0.02223224,0,0
13104,42,0,1,0,0.01119760,0,0
13105,42,1,0,0,0.04893453,1,32
13106,42,2,0,0,0.01327434,0,0
13107,42,3,0,0,0.04694949,1,32
13108,42,4,0,0,0.01761303,0,0
13109,42,5,0,0,0.01761185,0,0
13110,42,6,0,0,0.04210511,1,32
13111,42,7,0,0,0.05051453,1,32
13112,42,8,0,0,0.02665069,0,0
13113,42,9,0,0,0.02118196,0,0
13114,42,10,0,0,0.04113210,1,32
13115,42,11,0,0,0.02740272,0,0
13116,42,12,0,0,0.02099664,0,0
13117,42,13,0,0,0.01166015,0,0
13118,42,14,0,0,0.01125491,0,0
13119,42,15,0,0,0.01864238,0,0
13120,42,16,0,0,0.00797616,0,0
13121,42,17,0,0,0.05609959,1,32
13122,42,18,0,0,0.03069314,0,0
13123,42,19,0,0,0.06698620,1,32
13124,42,20,0,0,0.02476016,0,0
13125,42,21,0,0,0.01726657,0,0
13126,42,22,0,0,0.02223869,0,0
13127,42,23,0,0,0.01814473,0,0
13128,42,24,0,0,0.00609431,0,0
13129,42,25,0,0,0.03047490,0,0
13130,42,26,0,0,0.02826237,0,0
13131,42,27,0,0,0.01926601,0,0
13132,42,28,0,0,0.02353602,0,0
13133,42,29,0,0,0.02083738,0,0
13134,42,30,0,0,0.02116773,0,0
13135,42,31,0,0,0.04095873,1,32
13136,42,32,0,0,0.02213772,0,0
13137,42,33,0,0,0.02065011,0,0
13138,42,34,0,0,0.02770423,0,0
13139,42,35,0,0,0.05147751,1,32
13140,42,36,0,0,0.01104359,0,0
13141,42,37,0,0,0.01872226,0,0
13142,42,38,0,0,0.03441118,0,0
13143,42,39,0,0,0.05423517,1,32
13144,42,40,0,0,0.03657183,0,0
13145,42,41,0,0,0.11624976,1,16
13146,42,42,0,0,0.00868021,0,0
13147,42,43,0,0,0.02156138,0,0
13148,42,44,0,0,0.04319753,1,32
13149,42,45,0,0,0.04800778,1,32
13150,42,46,0,0,0.01333558,0,0
13151,42,47,0,0,0.01838061,0,0
13152,42,48,0,0,0.01836823,0,0
13153,42,49,0,0,0.02588786,0,0
13154,42,50,0,0,0.01215160,0,0
13155,42,51,0,0,0.02491126,0,0
13156,42,52,0,0,0.02276858,0,0
13157,42,53,0,0,0.01666729,0,0
13158,42,54,0,0,0.01182497,0,0
13159,42,55,0,0,0.02789594,0,0
13160,42,56,0,0,0.02495560,0,0
13161,42,57,0,0,0.02562419,0,0
13162,42,58,0,0,0.02233620,0,0
13163,42,59,0,0,0.03386957,0,0
13164,42,60,0,0,0.01278424,0,0
13165,42,61,0,0,0.02326122,0,0
13166,42,62,0,0,0.04012953,1,32
13167,42,63,0,0,0.01373310,0,0
13168,42,64,0,0,0.03435251,0,0
13169,42,65,0,0,0.06294921,1,32
13170,42,66,0,0,0.01912372,0,0
13171,42,67,0,0,0.02659019,0,0
13172,42,68,0,0,0.04005468,1,32
13173,42,69,0,0,0.05691547,1,32
13174,42,70,0,0,0.02869131,0,0
13175,42,71,0,0,0.01849408,0,0
13176,42,72,0,0,0.03914931,0,0
13177,42,73,0,0,0.04725383,1,32
13178,42,74,0,0,0.06771982,1,32
13179,42,75,0,0,0.03364115,0,0
13180,42,76,0,0,0.01645528,0,0
13181,42,77,0,0,0.02048267,0,0
13182,42,78,0,0,0.05008738,1,32
13183,42,79,0,0,0.02524979,0,0
13184,42,80,0,0,0.03139185,0,0
13185,42,81,0,0,0.03794872,0,0
13186,42,82,0,0,0.03780872,0,0
13187,42,83,0,0,0.02672002,0,0
13188,42,84,0,0,0.03703531,0,0
13189,42,85,0,0,0.01276078,0,0
13190,42,86,0,0,0.03583412,0,0
13191,42,87,0,0,0.01504008,0,0
13192,42,88,0,0,0.02367565,0,0
13193,42,89,0,0,0.05321300,1,31
13194,42,90,0,0,0.01686006,0,0
13195,42,91,0,0,0.03118939,0,0
13196,42,92,0,0,0.03828787,0,0
13197,42,93,0,0,0.03228725,0,0
13198,42,94,0,0,0.04432503,1,32
13199,42,95,0,0,0.02815934,0,0
13200,42,96,0,0,0.01359620,0,0
13201,42,97,0,0,0.02272067,0,0
13202,42,98,0,0,0.01077148,0,0
13203,42,99,0,0,0.01443754,0,0
13204,42,100,0,0,0.04741707,1,32
13205,42,101,0,0,0.01926740,0,0
13206,42,102,0,0,0.00709628,0,0
13207,42,103,0,0,0.02993212,0,0
13208,42,104,0,0,0.00433614,0,0
13209,42,105,0,0,0.01525337,0,0
13210,42,106,0,0,0.02072779,0,0
13211,42,107,0,0,0.03935982,0,0
13212,42,108,0,0,0.02315880,0,0
13213,42,109,0,0,0.05535188,1,31
13214,42,110,0,0,0.05350670,1,32
13215,42,111,0,0,0.05277733,1,32
13216,42,112,0,0,0.02382433,0,0
13217,42,113,0,0,0.01702140,0,0
13218,42,114,0,0,0.02650809,0,0
13219,42,115,0,0,0.01796829,0,0
13220,42,116,0,0,0.01905175,0,0
13221,42,117,0,0,0.02360379,0,0
13222,42,118,0,0,0.01755438,0,0
13223,42,119,0,0,0.03246528,0,0
13224,42,120,0,0,0.01639284,0,0
13225,42,121,0,0,0.00919016,0,0
13226,42,122,0,0,0.01895759,0,0
13227,42,123,0,0,0.02046040,0,0
13228,42,124,0,0,0.02904992,0,0
13229,42,125,0,0,0.04501322,1,32
13230,42,126,0,0,0.01631963,0,0
13231,42,127,0,0,0.03268659,0,0
13232,42,128,0,0,0.03823425,0,0
13233,42,129,0,0,0.00411838,0,0
13234,42,130,0,0,0.01455827,0,0
13235,42,131,0,0,0.01686693,0,0
13236,42,132,0,0,0.02556413,0,0
13237,42,133,0,0,0.01097606,0,0
13238,42,134,0,0,0.01464150,0,0
13239,42,135,0,0,0.06176114,1,32
13240,42,136,0,0,0.03626051,0,0
13241,42,137,0,0,0.01424987,0,0
13242,42,138,0,0,0.01196444,0,0
13243,42,139,0,0,0.01554229,0,0
13244,42,140,0,0,0.07400646,1,32
13245,42,141,0,0,0.00702363,0,0
13246,42,142,0,0,0.03395759,0,0
13247,42,143,0,0,0.01763972,0,0
13248,42,144,0,0,0.03540361,0,0
13249,42,145,0,0,0.03637894,0,0
13250,42,146,0,0,0.00901899,0,0
13251,42,147,0,0,0.03839214,0,0
13252,42,148,0,0,0.01793645,0,0
13253,42,149,0,0,0.05468386,1,32
13254,42,150,0,0,0.01039800,0,0
13255,42,151,0,0,0.03440176,0,0
13256,42,152,0,0,0.06289179,1,32
13257,42,153,0,0,0.02683712,0,0
13258,42,154,0,0,0.05595981,1,32
13259,42,155,0,0,0.04460156,1,32
13260,42,156,0,0,0.01339015,0,0
13261,42,157,0,0,0.01827471,0,0
13262,42,158,0,0,0.01532001,0,0
13263,42,159,0,0,0.02081991,0,0
13264,42,160,0,0,0.01874084,0,0
13265,42,161,0,0,0.03350440,0,0
13266,42,162,0,0,0.02276577,0,0
13267,42,163,0,0,0.02635834,0,0
13268,42,164,0,0,0.01540046,0,0
13269,42,165,0,0,0.01727147,0,0
13270,42,166,0,0,0.04130751,1,32
13271,42,167,0,0,0.01284182,0,0
13272,42,168,0,0,0.04149287,1,32
13273,42,169,0,0,0.03337904,0,0
13274,42,170,0,0,0.04487794,1,32
13275,42,171,0,0,0.03090962,0,0
13276,42,172,0,0,0.01170486,0,0
13277,42,173,0,0,0.06840499,1,32
13278,42,174,0,0,0.01821411,0,0
13279,42,175,0,0,0.01162639,0,0
13280,42,176,0,0,0.00878414,0,0
13281,42,177,0,0,0.01655775,0,0
13282,42,178,0,0,0.01496314,0,0
13283,42,179,0,0,0.01883413,0,0
13284,42,180,0,0,0.03827588,0,0
13285,42,181,0,0,0.01622916,0,0
13286,42,182,0,0,0.02751035,0,0
13287,42,183,0,0,0.02422696,0,0
13288,42,184,0,0,0.01791042,0,0
13289,42,185,0,0,0.00862375,0,0
13290,42,186,0,0,0.03857031,0,0
13291,42,187,0,0,0.02927741,0,0
13292,42,188,0,0,0.01883117,0,0
13293,42,189,0,0,0.02283968,0,0
13294,42,190,0,0,0.03777371,0,0
13295,42,191,0,0,0.01431759,0,0
13296,42,192,0,0,0.01984172,0,0
13297,42,193,0,0,0.02721556,0,0
13298,42,194,0,0,0.01086580,0,0
13299,42,195,0,0,0.02518498,0,0
13300,42,196,0,0,0.01884508,0,0
13301,42,197,0,0,0.00870621,0,0
13302,42,198,0,0,0.05150310,1,32
13303,42,199,0,0,0.01731063,0,0
13304,42,200,0,0,0.01471820,0,0
13305,42,201,0,0,0.04751660,1,31
13306,42,202,0,0,0.02390658,0,0
13307,42,203,0,0,0.03691965,0,0
13308,42,204,0,0,0.01006846,0,0
13309,42,205,0,0,0.04378892,1,32
13310,42,206,0,0,0.03567056,0,0
13311,42,207,0,0,0.03201940,0,0
13312,42,208,0,0,0.01913552,0,0
13313,42,209,0,0,0.03199834,0,0
13314,42,210,0,0,0.01791922,0,0
13315,42,211,0,0,0.04465288,1,32
13316,42,212,0,0,0.01945247,0,0
13317,42,213,0,0,0.01728003,0,0
13318,42,214,0,0,0.01827392,0,0
13319,42,215,0,0,0.04211811,1,32
13320,42,216,0,0,0.01979215,0,0
13321,42,217,0,0,0.05503796,1,30
13322,42,218,0,0,0.06769386,1,31
13323,42,219,0,0,0.01705078,0,0
13324,42,220,0,0,0.01912122,0,0
13325,42,221,0,0,0.01635214,0,0
13326,42,222,0,0,0.04757636,1,32
13327,42,223,0,0,0.01663822,0,0
13328,42,224,0,0,0.01871984,0,0
13329,42,225,0,0,0.02999533,0,0
13330,42,226,0,0,0.02517471,0,0
13331,42,227,0,0,0.02090677,0,0
13332,42,228,0,0,0.04504795,1,31
13333,42,229,0,0,0.02035416,0,0
13334,42,230,0,0,0.02127149,0,0
13335,42,231,0,0,0.03892563,0,0
13336,42,232,0,0,0.04254596,1,32
13337,42,233,0,0,0.03136232,0,0
13338,42,234,0,0,0.02181328,0,0
13339,42,235,0,0,0.02899934,0,0
13340,42,236,0,0,0.04634234,1,32
13341,42,237,0,0,0.02719929,0,0
13342,42,238,0,0,0.04687363,1,32
13343,42,239,0,0,0.03024560,0,0
13344,42,240,0,0,0.04979541,1,32
13345,42,241,0,0,0.02881449,0,0
13346,42,242,0,0,0.03811494,0,0
13347,42,243,0,0,0.02509530,0,0
13348,42,244,0,0,0.04381438,1,32
13349,42,245,0,0,0.05947152,1,32
13350,42,246,0,0,0.01250583,0,0
13351,42,247,0,0,0.01318717,0,0
13352,42,248,0,0,0.02426309,0,0
13353,42,249,0,0,0.04409648,1,32
13354,42,250,0,0,0.01336568,0,0
13355,42,251,0,0,0.05958938,1,32
13356,42,252,0,0,0.02110522,0,0
13357,42,253,0,0,0.01585758,0,0
13358,42,254,0,0,0.08234279,1,32
13359,42,255,0,0,0.03609576,0,0
13360,42,256,0,0,0.01058626,0,0
13361,42,257,0,0,0.01899483,0,0
13362,42,258,0,0,0.02503210,0,0
13363,42,259,0,0,0.01699036,0,0
13364,42,260,0,0,0.03262011,0,0
13365,42,261,0,0,0.00767425,0,0
13366,42,262,0,0,0.03590087,0,0
13367,42,263,0,0,0.02004094,0,0
13368,42,264,0,0,0.02404495,0,0
13369,42,265,0,0,0.05667588,1,32
13370,42,266,0,0,0.02274447,0,0
13371,42,267,0,0,0.01957176,0,0
13372,42,268,0,0,0.04443797,1,31
13373,42,269,0,0,0.03396973,0,0
13374,42,270,0,0,0.05316756,1,32
13375,42,271,0,0,0.02219001,0,0
13376,42,272,0,0,0.01484008,0,0
13377,42,273,0,0,0.02386925,0,0
13378,42,274,0,0,0.03459954,0,0
13379,42,275,0,0,0.03885986,0,0
13380,42,276,0,0,0.02467521,0,0
13381,42,277,0,0,0.01152079,0,0
13382,42,278,0,0,0.03434960,0,0
13383,42,279,0,0,0.01420058,0,0
13384,42,280,0,0,0.02190435,0,0
13385,42,281,0,0,0.04964249,1,32
13386,42,282,0,0,0.04803122,1,32
13387,42,283,0,0,0.02250760,0,0
13388,42,284,0,0,0.01875222,0,0
13389,42,285,0,0,0.03518317,0,0
13390,42,286,0,0,0.01004792,0,0
13391,42,287,0,0,0.03492989,0,0
13392,42,288,0,0,0.02217010,0,0
13393,42,289,0,0,0.01131223,0,0
13394,42,290,0,0,0.04406092,1,31
13395,42,291,0,0,0.01645090,0,0
13396,42,292,0,0,0.01709013,0,0
13397,42,293,0,0,0.05177655,1,32
13398,42,294,0,0,0.03254516,0,0
13399,42,295,0,0,0.02159927,0,0
13400,42,296,0,0,0.03289049,0,0
13401,42,297,0,0,0.03174736,0,0
13402,42,298,0,0,0.01949142,0,0
13403,42,299,0,0,0.02025189,0,0
13404,42,300,0,0,0.01357588,0,0
13405,42,301,0,0,0.01463139,0,0
13406,42,302,0,0,0.04436718,1,32
13407,42,303,0,0,0.01830956,0,0
13408,42,304,0,0,0.03391474,0,0
13409,42,305,0,0,0.01476562,0,0
13410,42,306,0,0,0.02706610,0,0
13411,42,307,0,0,0.03312111,0,0
13412,42,308,0,0,0.02554696,0,0
13413,42,309,0,0,0.02356062,0,0
13414,42,310,0,0,0.01496313,0,0
13415,42,311,0,0,0.02314245,0,0
13416,43,0,1,0,0.01959365,0,0
13417,43,1,0,0,0.01019319,0,0
13418,43,2,0,0,0.06576164,1,32
13419,43,3,0,0,0.01460111,0,0
13420,43,4,0,0,0.03905813,0,0
13421,43,5,0,0,0.01444777,0,0
13422,43,6,0,0,0.01237691,0,0
13423,43,7,0,0,0.04097313,1,32
13424,43,8,0,0,0.02685628,0,0
13425,43,9,0,0,0.01828758,0,0
13426,43,10,0,0,0.01420324,0,0
13427,43,11,0,0,0.03266342,0,0
13428,43,12,0,0,0.02530847,0,0
13429,43,13,0,0,0.01839848,0,0
13430,43,14,0,0,0.01089592,0,0
13431,43,15,0,0,0.01497419,0,0
13432,43,16,0,0,0.01398516,0,0
13433,43,17,0,0,0.00736958,0,0
13434,43,18,0,0,0.05831980,1,31
13435,43,19,0,0,0.03388761,0,0
13436,43,20,0,0,0.04295152,1,32
13437,43,21,0,0,0.01509266,0,0
13438,43,22,0,0,0.00616695,0,0
13439,43,23,0,0,0.01239087,0,0
13440,43,24,0,0,0.02314051,0,0
13441,43,25,0,0,0.00754385,0,0
13442,43,26,0,0,0.02472089,0,0
13443,43,27,0,0,0.01922278,0,0
13444,43,28,0,0,0.02140949,0,0
13445,43,29,0,0,0.02252796,0,0
13446,43,30,0,0,0.01950071,0,0
13447,43,31,0,0,0.03254805,0,0
13448,43,32,0,0,0.03700546,0,0
13449,43,33,0,0,0.02327196,0,0
13450,43,34,0,0,0.02162159,0,0
13451,43,35,0,0,0.02826321,0,0
13452,43,36,0,0,0.04507104,1,32
13453,43,37,0,0,0.02246868,0,0
13454,43,38,0,0,0.01948762,0,0
13455,43,39,0,0,0.01718638,0,0
13456,43,40,0,0,0.04164334,1,32
13457,43,41,0,0,0.01607238,0,0
13458,43,42,0,0,0.11870813,1,16
13459,43,43,0,0,0.01563663,0,0
13460,43,44,0,0,0.01026171,0,0
13461,43,45,0,0,0.03876823,0,0
13462,43,46,0,0,0.04380241,1,32
13463,43,47,0,0,0.01624274,0,0
13464,43,48,0,0,0.01872164,0,0
13465,43,49,0,0,0.02801171,0,0
13466,43,50,0,0,0.02567489,0,0
13467,43,51,0,0,0.02810018,0,0
13468,43,52,0,0,0.02551625,0,0
13469,43,53,0,0,0.01440495,0,0
13470,43,54,0,0,0.01702665,0,0
13471,43,55,0,0,0.00869290,0,0
13472,43,56,0,0,0.04639731,1,31
13473,43,57,0,0,0.02336667,0,0
13474,43,58,0,0,0.03121401,0,0
13475,43,59,0,0,0.02232554,0,0
13476,43,60,0,0,0.03746419,0,0
13477,43,61,0,0,0.00971539,0,0
13478,43,62,0,0,0.01944638,0,0
13479,43,63,0,0,0.03200382,0,0
13480,43,64,0,0,0.01124643,0,0
13481,43,65,0,0,0.03988786,0,0
13482,43,66,0,0,0.06669544,1,32
13483,43,67,0,0,0.00790739,0,0
13484,43,68,0,0,0.02788837,0,0
13485,43,69,0,0,0.02531644,0,0
13486,43,70,0,0,0.04659327,1,31
13487,43,71,0,0,0.02860000,0,0
13488,43,72,0,0,0.01052957,0,0
13489,43,73,0,0,0.04534806,1,32
13490,43,74,0,0,0.06520846,1,32
13491,43,75,0,0,0.05800557,1,31
13492,43,76,0,0,0.03273121,0,0
13493,43,77,0,0,0.01906328,0,0
13494,43,78,0,0,0.01545637,0,0
13495,43,79,0,0,0.05355610,1,32
13496,43,80,0,0,0.02231107,0,0
13497,43,81,0,0,0.01996065,0,0
13498,43,82,0,0,0.03685005,0,0
13499,43,83,0,0,0.03241505,0,0
13500,43,84,0,0,0.02375718,0,0
13501,43,85,0,0,0.04263070,1,32
13502,43,86,0,0,0.01568528,0,0
13503,43,87,0,0,0.05306585,1,32
13504,43,88,0,0,0.01477422,0,0
13505,43,89,0,0,0.02650760,0,0
13506,43,90,0,0,0.05357582,1,32
13507,43,91,0,0,0.01810105,0,0
13508,43,92,0,0,0.04922562,1,32
13509,43,93,0,0,0.04139423,1,32
13510,43,94,0,0,0.03222620,0,0
13511,43,95,0,0,0.04664799,1,32
13512,43,96,0,0,0.03082936,0,0
13513,43,97,0,0,0.00432154,0,0
13514,43,98,0,0,0.02369994,0,0
13515,43,99,0,0,0.01295285,0,0
13516,43,100,0,0,0.01194996,0,0
13517,43,101,0,0,0.02801531,0,0
13518,43,102,0,0,0.03086869,0,0
13519,43,103,0,0,0.01003396,0,0
13520,43,104,0,0,0.02872468,0,0
13521,43,105,0,0,0.00922465,0,0
13522,43,106,0,0,0.02286594,0,0
13523,43,107,0,0,0.01586496,0,0
13524,43,108,0,0,0.05271572,1,32
13525,43,109,0,0,0.02946142,0,0
13526,43,110,0,0,0.05860246,1,32
13527,43,111,0,0,0.05422597,1,32
13528,43,112,0,0,0.04987600,1,32
13529,43,113,0,0,0.02611376,0,0
13530,43,114,0,0,0.00795197,0,0
13531,43,115,0,0,0.03742848,0,0
13532,43,116,0,0,0.01764952,0,0
13533,43,117,0,0,0.02163851,0,0
13534,43,118,0,0,0.01618928,0,0
13535,43,119,0,0,0.02497188,0,0
13536,43,120,0,0,0.02880659,0,0
13537,43,121,0,0,0.03492955,0,0
13538,43,122,0,0,0.00755598,0,0
13539,43,123,0,0,0.03637616,0,0
13540,43,124,0,0,0.01433199,0,0
13541,43,125,0,0,0.02157779,0,0
13542,43,126,0,0,0.04430511,1,32
13543,43,127,0,0,0.01379162,0,0
13544,43,128,0,0,0.02333568,0,0
13545,43,129,0,0,0.06299937,1,32
13546,43,130,0,0,0.00495451,0,0
13547,43,131,0,0,0.02333070,0,0
13548,43,132,0,0,0.02970460,0,0
13549,43,133,0,0,0.02921042,0,0
13550,43,134,0,0,0.02733102,0,0
13551,43,135,0,0,0.04415737,1,32
13552,43,136,0,0,0.05280103,1,32
13553,43,137,0,0,0.03966093,0,0
13554,43,138,0,0,0.01730255,0,0
13555,43,139,0,0,0.00644170,0,0
13556,43,140,0,0,0.01422910,0,0
13557,43,141,0,0,0.08090740,1,32
13558,43,142,0,0,0.01362714,0,0
13559,43,143,0,0,0.02823412,0,0
13560,43,144,0,0,0.02274376,0,0
13561,43,145,0,0,0.03515714,0,0
13562,43,146,0,0,0.05216951,1,32
13563,43,147,0,0,0.00678288,0,0
13564,43,148,0,0,0.04095246,1,32
13565,43,149,0,0,0.00742750,0,0
13566,43,150,0,0,0.04771482,1,31
13567,43,151,0,0,0.01520855,0,0
13568,43,152,0,0,0.03619269,0,0
13569,43,153,0,0,0.04430761,1,31
13570,43,154,0,0,0.03569378,0,0
13571,43,155,0,0,0.03781395,0,0
13572,43,156,0,0,0.03961784,0,0
13573,43,157,0,0,0.01373778,0,0
13574,43,158,0,0,0.01276794,0,0
13575,43,159,0,0,0.01880903,0,0
13576,43,160,0,0,0.01596262,0,0
13577,43,161,0,0,0.02091038,0,0
13578,43,162,0,0,0.03254192,0,0
13579,43,163,0,0,0.02746749,0,0
13580,43,164,0,0,0.04882869,1,32
13581,43,165,0,0,0.01439692,0,0
13582,43,166,0,0,0.01690588,0,0
13583,43,167,0,0,0.02767788,0,0
13584,43,168,0,0,0.01097933,0,0
13585,43,169,0,0,0.04222538,1,31
13586,43,170,0,0,0.02221873,0,0
13587,43,171,0,0,0.04559558,1,31
13588,43,172,0,0,0.02097624,0,0
13589,43,173,0,0,0.02438745,0,0
13590,43,174,0,0,0.09042720,1,32
13591,43,175,0,0,0.02455223,0,0
13592,43,176,0,0,0.00826050,0,0
13593,43,177,0,0,0.00782131,0,0
13594,43,178,0,0,0.02190850,0,0
13595,43,179,0,0,0.02314865,0,0
13596,43,180,0,0,0.01689901,0,0
13597,43,181,0,0,0.03930070,0,0
13598,43,182,0,0,0.00512039,0,0
13599,43,183,0,0,0.02933019,0,0
13600,43,184,0,0,0.01522840,0,0
13601,43,185,0,0,0.02330532,0,0
13602,43,186,0,0,0.00858232,0,0
13603,43,187,0,0,0.03891264,0,0
13604,43,188,0,0,0.03943146,0,0
13605,43,189,0,0,0.01239409,0,0
13606,43,190,0,0,0.02384196,0,0
13607,43,191,0,0,0.02377968,0,0
13608,43,192,0,0,0.01985224,0,0
13609,43,193,0,0,0.03626421,0,0
13610,43,194,0,0,0.01450105,0,0
13611,43,195,0,0,0.01163147,0,0
13612,43,196,0,0,0.02277005,0,0
13613,43,197,0,0,0.01810184,0,0
13614,43,198,0,0,0.00927944,0,0
13615,43,199,0,0,0.03694366,0,0
13616,43,200,0,0,0.01639738,0,0
13617,43,201,0,0,0.01526672,0,0
13618,43,202,0,0,0.03434329,0,0
13619,43,203,0,0,0.02421080,0,0
13620,43,204,0,0,0.04291278,1,32
13621,43,205,0,0,0.01780413,0,0
13622,43,206,0,0,0.01997593,0,0
13623,43,207,0,0,0.02444141,0,0
13624,43,208,0,0,0.02104374,0,0
13625,43,209,0,0,0.02027231,0,0
13626,43,210,0,0,0.01778139,0,0
13627,43,211,0,0,0.01445853,0,0
13628,43,212,0,0,0.03952470,0,0
13629,43,213,0,0,0.02884431,0,0
13630,43,214,0,0,0.01838566,0,0
13631,43,215,0,0,0.03446890,0,0
13632,43,216,0,0,0.01632529,0,0
13633,43,217,0,0,0.02208329,0,0
13634,43,218,0,0,0.06109863,1,32
13635,43,219,0,0,0.03988895,0,0
13636,43,220,0,0,0.01227907,0,0
13637,43,221,0,0,0.01595683,0,0
13638,43,222,0,0,0.02034909,0,0
13639,43,223,0,0,0.04239972,1,32
13640,43,224,0,0,0.02045748,0,0
13641,43,225,0,0,0.01995346,0,0
13642,43,226,0,0,0.03165694,0,0
13643,43,227,0,0,0.01753993,0,0
13644,43,228,0,0,0.02662899,0,0
13645,43,229,0,0,0.04716225,1,31
13646,43,230,0,0,0.01778289,0,0
13647,43,231,0,0,0.04153391,1,32
13648,43,232,0,0,0.00703361,0,0
13649,43,233,0,0,0.05088060,1,30
13650,43,234,0,0,0.02115881,0,0
13651,43,235,0,0,0.02463686,0,0
13652,43,236,0,0,0.02481216,0,0
13653,43,237,0,0,0.04799639,1,32
13654,43,238,0,0,0.02616118,0,0
13655,43,239,0,0,0.05319298,1,32
13656,43,240,0,0,0.03325016,0,0
13657,43,241,0,0,0.06254774,1,32
13658,43,242,0,0,0.02084224,0,0
13659,43,243,0,0,0.04467391,1,31
13660,43,244,0,0,0.03364922,0,0
13661,43,245,0,0,0.04469089,1,32
13662,43,246,0,0,0.06079044,1,32
13663,43,247,0,0,0.01534482,0,0
13664,43,248,0,0,0.02303660,0,0
13665,43,249,0,0,0.01677933,0,0
13666,43,250,0,0,0.04369916,1,32
13667,43,251,0,0,0.01626467,0,0
13668,43,252,0,0,0.06826075,1,32
13669,43,253,0,0,0.02265675,0,0
13670,43,254,0,0,0.02664300,0,0
13671,43,255,0,0,0.05138575,1,32
13672,43,256,0,0,0.03357456,0,0
13673,43,257,0,0,0.00968210,0,0
13674,43,258,0,0,0.03782570,0,0
13675,43,259,0,0,0.01243266,0,0
13676,43,260,0,0,0.02495732,0,0
13677,43,261,0,0,0.01642043,0,0
13678,43,262,0,0,0.01741752,0,0
13679,43,263,0,0,0.02771168,0,0
13680,43,264,0,0,0.02493144,0,0
13681,43,265,0,0,0.03708153,0,0
13682,43,266,0,0,0.06715554,1,32
13683,43,267,0,0,0.01416925,0,0
13684,43,268,0,0,0.01442115,0,0
13685,43,269,0,0,0.04796020,1,32
13686,43,270,0,0,0.06295843,1,32
13687,43,271,0,0,0.03151187,0,0
13688,43,272,0,0,0.02435368,0,0
13689,43,273,0,0,0.01323345,0,0
13690,43,274,0,0,0.02087620,0,0
13691,43,275,0,0,0.03780263,0,0
13692,43,276,0,0,0.03147269,0,0
13693,43,277,0,0,0.02420376,0,0
13694,43,278,0,0,0.01776765,0,0
13695,43,279,0,0,0.06609144,1,32
13696,43,280,0,0,0.01704901,0,0
13697,43,281,0,0,0.02555302,0,0
13698,43,282,0,0,0.05917946,1,32
13699,43,283,0,0,0.04361787,1,32
13700,43,284,0,0,0.02691603,0,0
13701,43,285,0,0,0.02359808,0,0
13702,43,286,0,0,0.04019403,1,32
13703,43,287,0,0,0.01178963,0,0
13704,43,288,0,0,0.02456068,0,0
13705,43,289,0,0,0.02233427,0,0
13706,43,290,0,0,0.01324831,0,0
13707,43,291,0,0,0.04210699,1,32
13708,43,292,0,0,0.02267053,0,0
13709,43,293,0,0,0.01625066,0,0
13710,43,294,0,0,0.02899554,0,0
13711,43,295,0,0,0.03376826,0,0
13712,43,296,0,0,0.03067437,0,0
13713,43,297,0,0,0.03440636,0,0
13714,43,298,0,0,0.03996603,0,0
13715,43,299,0,0,0.01999671,0,0
13716,43,300,0,0,0.01283912,0,0
13717,43,301,0,0,0.00659543,0,0
13718,43,302,0,0,0.02385637,0,0
13719,43,303,0,0,0.04740962,1,32
13720,43,304,0,0,0.01438934,0,0
13721,43,305,0,0,0.03273262,0,0
13722,43,306,0,0,0.01973324,0,0
13723,43,307,0,0,0.02237858,0,0
13724,43,308,0,0,0.03459178,0,0
13725,43,309,0,0,0.02794182,0,0
13726,43,310,0,0,0.02641725,0,0
13727,43,311,0,0,0.00976724,0,0
13728,44,0,1,0,0.01919835,0,0
13729,44,1,0,0,0.02921880,0,0
13730,44,2,0,0,0.00954687,0,0
13731,44,3,0,0,0.04406668,1,32
13732,44,4,0,0,0.01090327,0,0
13733,44,5,0,0,0.02652482,0,0
13734,44,6,0,0,0.03698680,0,0
13735,44,7,0,0,0.01572970,0,0
13736,44,8,0,0,0.04535581,1,32
13737,44,9,0,0,0.03011192,0,0
13738,44,10,0,0,0.02155901,0,0
13739,44,11,0,0,0.03362596,0,0
13740,44,12,0,0,0.03135206,0,0
13741,44,13,0,0,0.03152611,0,0
13742,44,14,0,0,0.02256071,0,0
13743,44,15,0,0,0.01103365,0,0
13744,44,16,0,0,0.01711731,0,0
13745,44,17,0,0,0.01265391,0,0
13746,44,18,0,0,0.00724322,0,0
13747,44,19,0,0,0.06896818,1,32
13748,44,20,0,0,0.03068621,0,0
13749,44,21,0,0,0.05049898,1,32
13750,44,22,0,0,0.02063209,0,0
13751,44,23,0,0,0.00980801,0,0
13752,44,24,0,0,0.02227284,0,0
13753,44,25,0,0,0.01653226,0,0
13754,44,26,0,0,0.00688244,0,0
13755,44,27,0,0,0.03316882,0,0
13756,44,28,0,0,0.02341412,0,0
13757,44,29,0,0,0.01881139,0,0
13758,44,30,0,0,0.01528428,0,0
13759,44,31,0,0,0.02429328,0,0
13760,44,32,0,0,0.02669160,0,0
13761,44,33,0,0,0.02063629,0,0
13762,44,34,0,0,0.04697084,1,32
13763,44,35,0,0,0.01759876,0,0
13764,44,36,0,0,0.02319408,0,0
13765,44,37,0,0,0.04811952,1,32
13766,44,38,0,0,0.01416068,0,0
13767,44,39,0,0,0.02121567,0,0
13768,44,40,0,0,0.02677474,0,0
13769,44,41,0,0,0.05016533,1,32
13770,44,42,0,0,0.03001807,0,0
13771,44,43,0,0,0.12273972,1,16
13772,44,44,0,0,0.01978337,0,0
13773,44,45,0,0,0.02283580,0,0
13774,44,46,0,0,0.02146004,0,0
13775,44,47,0,0,0.01682369,0,0
13776,44,48,0,0,0.01089550,0,0
13777,44,49,0,0,0.02255255,0,0
13778,44,50,0,0,0.03046378,0,0
13779,44,51,0,0,0.02220913,0,0
13780,44,52,0,0,0.01307610,0,0
13781,44,53,0,0,0.02655973,0,0
13782,44,54,0,0,0.01648538,0,0
13783,44,55,0,0,0.01159991,0,0
13784,44,56,0,0,0.01350641,0,0
13785,44,57,0,0,0.01547759,0,0
13786,44,58,0,0,0.01716984,0,0
13787,44,59,0,0,0.01170518,0,0
13788,44,60,0,0,0.03293964,0,0
13789,44,61,0,0,0.03389508,0,0
13790,44,62,0,0,0.00500825,0,0
13791,44,63,0,0,0.00805501,0,0
13792,44,64,0,0,0.01166797,0,0
13793,44,65,0,0,0.01278818,0,0
13794,44,66,0,0,0.02590833,0,0
13795,44,67,0,0,0.03444346,0,0
13796,44,68,0,0,0.01479030,0,0
13797,44,69,0,0,0.02277559,0,0
13798,44,70,0,0,0.01539303,0,0
13799,44,71,0,0,0.02273278,0,0
13800,44,72,0,0,0.02292815,0,0
13801,44,73,0,0,0.00980717,0,0
13802,44,74,0,0,0.02053564,0,0
13803,44,75,0,0,0.01944518,0,0
13804,44,76,0,0,0.05150642,1,31
13805,44,77,0,0,0.02230222,0,0
13806,44,78,0,0,0.01111294,0,0
13807,44,79,0,0,0.01334237,0,0
13808,44,80,0,0,0.03185187,0,0
13809,44,81,0,0,0.01047537,0,0
13810,44,82,0,0,0.01417945,0,0
13811,44,83,0,0,0.01380128,0,0
13812,44,84,0,0,0.02888001,0,0
13813,44,85,0,0,0.01690959,0,0
13814,44,86,0,0,0.02648369,0,0
13815,44,87,0,0,0.01174948,0,0
13816,44,88,0,0,0.01875898,0,0
13817,44,89,0,0,0.01957987,0,0
13818,44,90,0,0,0.01964524,0,0
13819,44,91,0,0,0.01707069,0,0
13820,44,92,0,0,0.02805562,0,0
13821,44,93,0,0,0.02598637,0,0
13822,44,94,0,0,0.01164312,0,0
13823,44,95,0,0,0.01405711,0,0
13824,44,96,0,0,0.03701972,0,0
13825,44,97,0,0,0.01483476,0,0
13826,44,98,0,0,0.00769695,0,0
13827,44,99,0,0,0.01440530,0,0
13828,44,100,0,0,0.01345269,0,0
13829,44,101,0,0,0.01834431,0,0
13830,44,102,0,0,0.01909045,0,0
13831,44,103,0,0,0.01760162,0,0
13832,44,104,0,0,0.01182870,0,0
13833,44,105,0,0,0.02117693,0,0
13834,44,106,0,0,0.02625841,0,0
13835,44,107,0,0,0.00787884,0,0
13836,44,108,0,0,0.02679953,0,0
13837,44,109,0,0,0.03186017,0,0
13838,44,110,0,0,0.02556635,0,0
13839,44,111,0,0,0.02671804,0,0
13840,44,112,0,0,0.05722519,1,32
13841,44,113,0,0,0.03404071,0,0
13842,44,114,0,0,0.00907992,0,0
13843,44,115,0,0,0.02281700,0,0
13844,44,116,0,0,0.03069830,0,0
13845,44,117,0,0,0.03834618,0,0
13846,44,118,0,0,0.02598892,0,0
13847,44,119,0,0,0.02282885,0,0
13848,44,120,0,0,0.02179758,0,0
13849,44,121,0,0,0.02390073,0,0
13850,44,122,0,0,0.01822161,0,0
13851,44,123,0,0,0.00644860,0,0
13852,44,124,0,0,0.04840676,1,32
13853,44,125,0,0,0.02376373,0,0
13854,44,126,0,0,0.02753206,0,0
13855,44,127,0,0,0.03469170,0,0
13856,44,128,0,0,0.01014173,0,0
13857,44,129,0,0,0.00959317,0,0
13858,44,130,0,0,0.03382025,0,0
13859,44,131,0,0,0.00372627,0,0
13860,44,132,0,0,0.01238722,0,0
13861,44,133,0,0,0.01508620,0,0
13862,44,134,0,0,0.00618622,0,0
13863,44,135,0,0,0.01919280,0,0
13864,44,136,0,0,0.01750975,0,0
13865,44,137,0,0,0.02522615,0,0
13866,44,138,0,0,0.01294860,0,0
13867,44,139,0,0,0.01101461,0,0
13868,44,140,0,0,0.00925663,0,0
13869,44,141,0,0,0.02585148,0,0
13870,44,142,0,0,0.07731193,1,30
13871,44,143,0,0,0.01754085,0,0
13872,44,144,0,0,0.01657379,0,0
13873,44,145,0,0,0.01920267,0,0
13874,44,146,0,0,0.01413424,0,0
13875,44,147,0,0,0.03815618,0,0
13876,44,148,0,0,0.00865015,0,0
13877,44,149,0,0,0.00755501,0,0
13878,44,150,0,0,0.01856304,0,0
13879,44,151,0,0,0.04335798,1,29
13880,44,152,0,0,0.01652969,0,0
13881,44,153,0,0,0.04655965,1,31
13882,44,154,0,0,0.01644821,0,0
13883,44,155,0,0,0.02166328,0,0
13884,44,156,0,0,0.02792270,0,0
13885,44,157,0,0,0.03712423,0,0
13886,44,158,0,0,0.01143604,0,0
13887,44,159,0,0,0.02200122,0,0
13888,44,160,0,0,0.00718895,0,0
13889,44,161,0,0,0.00821602,0,0
13890,44,162,0,0,0.01827281,0,0
13891,44,163,0,0,0.01058021,0,0
13892,44,164,0,0,0.01791313,0,0
13893,44,165,0,0,0.01399425,0,0
13894,44,166,0,0,0.02548265,0,0
13895,44,167,0,0,0.02597167,0,0
13896,44,168,0,0,0.01038809,0,0
13897,44,169,0,0,0.02077734,0,0
13898,44,170,0,0,0.01796005,0,0
13899,44,171,0,0,0.02428721,0,0
13900,44,172,0,0,0.03117979,0,0
13901,44,173,0,0,0.02375105,0,0
13902,44,174,0,0,0.02521053,0,0
13903,44,175,0,0,0.06984054,1,32
13904,44,176,0,0,0.02122728,0,0
13905,44,177,0,0,0.02393781,0,0
13906,44,178,0,0,0.00554924,0,0
13907,44,179,0,0,0.01355276,0,0
13908,44,180,0,0,0.00972271,0,0
13909,44,181,0,0,0.02734633,0,0
13910,44,182,0,0,0.02064474,0,0
13911,44,183,0,0,0.01058923,0,0
13912,44,184,0,0,0.01415117,0,0
13913,44,185,0,0,0.00474965,0,0
13914,44,186,0,0,0.01342836,0,0
13915,44,187,0,0,0.01751467,0,0
13916,44,188,0,0,0.01007955,0,0
13917,44,189,0,0,0.02137418,0,0
13918,44,190,0,0,0.01492859,0,0
13919,44,191,0,0,0.01957102,0,0
13920,44,192,0,0,0.01647320,0,0
13921,44,193,0,0,0.01189554,0,0
13922,44,194,0,0,0.03282143,0,0
13923,44,195,0,0,0.01934673,0,0
13924,44,196,0,0,0.00828921,0,0
13925,44,197,0,0,0.01679958,0,0
13926,44,198,0,0,0.01500649,0,0
13927,44,199,0,0,0.00778088,0,0
13928,44,200,0,0,0.01088135,0,0
13929,44,201,0,0,0.01349865,0,0
13930,44,202,0,0,0.01664502,0,0
13931,44,203,0,0,0.01461083,0,0
13932,44,204,0,0,0.03051671,0,0
13933,44,205,0,0,0.03687508,0,0
13934,44,206,0,0,0.01871807,0,0
13935,44,207,0,0,0.02264296,0,0
13936,44,208,0,0,0.02414950,0,0
13937,44,209,0,0,0.01986263,0,0
13938,44,210,0,0,0.01778601,0,0
13939,44,211,0,0,0.01970021,0,0
13940,44,212,0,0,0.01544707,0,0
13941,44,213,0,0,0.01964464,0,0
13942,44,214,0,0,0.01623842,0,0
13943,44,215,0,0,0.00994442,0,0
13944,44,216,0,0,0.02354096,0,0
13945,44,217,0,0,0.01536816,0,0
13946,44,218,0,0,0.02048574,0,0
13947,44,219,0,0,0.04541173,1,32
13948,44,220,0,0,0.03529063,0,0
13949,44,221,0,0,0.00528595,0,0
13950,44,222,0,0,0.02738994,0,0
13951,44,223,0,0,0.01971069,0,0
13952,44,224,0,0,0.03779016,0,0
13953,44,225,0,0,0.01303722,0,0
13954,44,226,0,0,0.01519955,0,0
13955,44,227,0,0,0.01805929,0,0
13956,44,228,0,0,0.01733451,0,0
13957,44,229,0,0,0.02019954,0,0
13958,44,230,0,0,0.03058976,0,0
13959,44,231,0,0,0.02117095,0,0
13960,44,232,0,0,0.02665052,0,0
13961,44,233,0,0,0.01183227,0,0
13962,44,234,0,0,0.02738732,0,0
13963,44,235,0,0,0.03233340,0,0
13964,44,236,0,0,0.02048777,0,0
13965,44,237,0,0,0.03299215,0,0
13966,44,238,0,0,0.02651176,0,0
13967,44,239,0,0,0.02474134,0,0
13968,44,240,0,0,0.02791664,0,0
13969,44,241,0,0,0.02786911,0,0
13970,44,242,0,0,0.05319957,1,32
13971,44,243,0,0,0.04602243,1,31
13972,44,244,0,0,0.02827514,0,0
13973,44,245,0,0,0.02675597,0,0
13974,44,246,0,0,0.02842288,0,0
13975,44,247,0,0,0.05628047,1,31
13976,44,248,0,0,0.00831386,0,0
13977,44,249,0,0,0.00964393,0,0
13978,44,250,0,0,0.02519563,0,0
13979,44,251,0,0,0.02329035,0,0
13980,44,252,0,0,0.00383878,0,0
13981,44,253,0,0,0.02791063,0,0
13982,44,254,0,0,0.00632644,0,0
13983,44,255,0,0,0.00935753,0,0
13984,44,256,0,0,0.03201881,0,0
13985,44,257,0,0,0.03538238,0,0
13986,44,258,0,0,0.01108378,0,0
13987,44,259,0,0,0.01858495,0,0
13988,44,260,0,0,0.01704841,0,0
13989,44,261,0,0,0.01279938,0,0
13990,44,262,0,0,0.01537360,0,0
13991,44,263,0,0,0.01264345,0,0
13992,44,264,0,0,0.01099578,0,0
13993,44,265,0,0,0.01676401,0,0
13994,44,266,0,0,0.01504757,0,0
13995,44,267,0,0,0.04771173,1,31
13996,44,268,0,0,0.03335109,0,0
13997,44,269,0,0,0.01161335,0,0
13998,44,270,0,0,0.04380858,1,32
13999,44,271,0,0,0.02245704,0,0
14000,44,272,0,0,0.03935333,0,0
14001,44,273,0,0,0.02887630,0,0
14002,44,274,0,0,0.02888449,0,0
14003,44,275,0,0,0.02567877,0,0
14004,44,276,0,0,0.02622000,0,0
14005,44,277,0,0,0.03993500,0,0
14006,44,278,0,0,0.01694969,0,0
14007,44,279,0,0,0.01095541,0,0
14008,44,280,0,0,0.04943385,1,30
14009,44,281,0,0,0.02662911,0,0
14010,44,282,0,0,0.01780814,0,0
14011,44,283,0,0,0.02530974,0,0
14012,44,284,0,0,0.04814728,1,32
14013,44,285,0,0,0.01808386,0,0
14014,44,286,0,0,0.01635676,0,0
14015,44,287,0,0,0.03198793,0,0
14016,44,288,0,0,0.02120792,0,0
14017,44,289,0,0,0.01014058,0,0
14018,44,290,0,0,0.01528340,0,0
14019,44,291,0,0,0.01393283,0,0
14020,44,292,0,0,0.02919319,0,0
14021,44,293,0,0,0.01572799,0,0
14022,44,294,0,0,0.02244175,0,0
14023,44,295,0,0,0.02058241,0,0
14024,44,296,0,0,0.02055393,0,0
14025,44,297,0,0,0.01166364,0,0
14026,44,298,0,0,0.03188548,0,0
14027,44,299,0,0,0.02808344,0,0
14028,44,300,0,0,0.02011097,0,0
14029,44,301,0,0,0.00912414,0,0
14030,44,302,0,0,0.00879852,0,0
14031,44,303,0,0,0.02082428,0,0
14032,44,304,0,0,0.00831351,0,0
14033,44,305,0,0,0.02048207,0,0
14034,44,306,0,0,0.02819602,0,0
14035,44,307,0,0,0.00978246,0,0
14036,44,308,0,0,0.00567074,0,0
14037,44,309,0,0,0.02741328,0,0
14038,44,310,0,0,0.05423599,1,32
14039,44,311,0,0,0.01774572,0,0
14040,45,0,1,1,0.01357559,0,0
14041,45,1,0,0,0.01421860,0,0
14042,45,2,0,0,0.01956195,0,0
14043,45,3,0,0,0.02252881,0,0
14044,45,4,0,0,0.01487348,0,0
14045,45,5,0,0,0.01784681,0,0
14046,45,6,0,0,0.01945157,0,0
14047,45,7,0,0,0.01036014,0,0
14048,45,8,0,0,0.00827725,0,0
14049,45,9,0,0,0.04385791,1,32
14050,45,10,0,0,0.02650445,0,0
14051,45,11,0,0,0.01016307,0,0
14052,45,12,0,0,0.01908705,0,0
14053,45,13,0,0,0.01567454,0,0
14054,45,14,0,0,0.02344762,0,0
14055,45,15,0,0,0.02115474,0,0
14056,45,16,0,0,0.01196580,0,0
14057,45,17,0,0,0.01643135,0,0
14058,45,18,0,0,0.01100810,0,0
14059,45,19,0,0,0.00312828,0,0
14060,45,20,0,0,0.01687831,0,0
14061,45,21,0,0,0.01407095,0,0
14062,45,22,0,0,0.02910025,0,0
14063,45,23,0,0,0.01514185,0,0
14064,45,24,0,0,0.00856760,0,0
14065,45,25,0,0,0.00984639,0,0
14066,45,26,0,0,0.02078793,0,0
14067,45,27,0,0,0.01748257,0,0
14068,45,28,0,0,0.02400340,0,0
14069,45,29,0,0,0.03184938,0,0
14070,45,30,0,0,0.01165909,0,0
14071,45,31,0,0,0.02687315,0,0
14072,45,32,0,0,0.02135371,0,0
14073,45,33,0,0,0.02508906,0,0
14074,45,34,0,0,0.01645877,0,0
14075,45,35,0,0,0.01287197,0,0
14076,45,36,0,0,0.01599402,0,0
14077,45,37,0,0,0.02328173,0,0
14078,45,38,0,0,0.06117596,1,30
14079,45,39,0,0,0.00482066,0,0
14080,45,40,0,0,0.02222942,0,0
14081,45,41,0,0,0.02482662,0,0
14082,45,42,0,0,0.03080422,0,0
14083,45,43,0,0,0.01180599,0,0
14084,45,44,0,0,0.04564651,1,16
14085,45,45,0,0,0.01569667,0,0
14086,45,46,0,0,0.02834564,0,0
14087,45,47,0,0,0.02371529,0,0
14088,45,48,0,0,0.01764286,0,0
14089,45,49,0,0,0.02077036,0,0
14090,45,50,0,0,0.01529572,0,0
14091,45,51,0,0,0.00753992,0,0
14092,45,52,0,0,0.03431716,0,0
14093,45,53,0,0,0.00609803,0,0
14094,45,54,0,0,0.01171011,0,0
14095,45,55,0,0,0.01403011,0,0
14096,45,56,0,0,0.00949269,0,0
14097,45,57,0,0,0.03171116,0,0
14098,45,58,0,0,0.02538499,0,0
14099,45,59,0,0,0.01453634,0,0
14100,45,60,0,0,0.01397344,0,0
14101,45,61,0,0,0.02091421,0,0
14102,45,62,0,0,0.01582880,0,0
14103,45,63,0,0,0.00613486,0,0
14104,45,64,0,0,0.01392160,0,0
14105,45,65,0,0,0.01875766,0,0
14106,45,66,0,0,0.01617612,0,0
14107,45,67,0,0,0.00550915,0,0
14108,45,68,0,0,0.03383496,0,0
14109,45,69,0,0,0.01111158,0,0
14110,45,70,0,0,0.01537709,0,0
14111,45,71,0,0,0.00870474,0,0
14112,45,72,0,0,0.01769831,0,0
14113,45,73,0,0,0.04908325,1,31
14114,45,74,0,0,0.00997347,0,0
14115,45,75,0,0,0.04470963,1,32
14116,45,76,0,0,0.02567505,0,0
14117,45,77,0,0,0.04170921,1,28
14118,45,78,0,0,0.01481541,0,0
14119,45,79,0,0,0.01497819,0,0
14120,45,80,0,0,0.01972682,0,0
14121,45,81,0,0,0.01361440,0,0
14122,45,82,0,0,0.01045877,0,0
14123,45,83,0,0,0.01914504,0,0
14124,45,84,0,0,0.02727340,0,0
14125,45,85,0,0,0.02676092,0,0
14126,45,86,0,0,0.01753069,0,0
14127,45,87,0,0,0.01551150,0,0
14128,45,88,0,0,0.01733458,0,0
14129,45,89,0,0,0.03388651,0,0
14130,45,90,0,0,0.01050737,0,0
14131,45,91,0,0,0.01624157,0,0
14132,45,92,0,0,0.01064138,0,0
14133,45,93,0,0,0.01538710,0,0
14134,45,94,0,0,0.03578183,0,0
14135,45,95,0,0,0.02588589,0,0
14136,45,96,0,0,0.04035709,1,31
14137,45,97,0,0,0.03998220,0,0
14138,45,98,0,0,0.01145340,0,0
14139,45,99,0,0,0.01085194,0,0
14140,45,100,0,0,0.01911923,0,0
14141,45,101,0,0,0.01286986,0,0
14142,45,102,0,0,0.00660662,0,0
14143,45,103,0,0,0.05949978,1,31
14144,45,104,0,0,0.02764198,0,0
14145,45,105,0,0,0.01530811,0,0
14146,45,106,0,0,0.02103632,0,0
14147,45,107,0,0,0.01108225,0,0
14148,45,108,0,0,0.01667370,0,0
14149,45,109,0,0,0.02300297,0,0
14150,45,110,0,0,0.04686305,1,32
14151,45,111,0,0,0.01204309,0,0
14152,45,112,0,0,0.02605391,0,0
14153,45,113,0,0,0.02164738,0,0
14154,45,114,0,0,0.06586139,1,32
14155,45,115,0,0,0.01296660,0,0
14156,45,116,0,0,0.01452015,0,0
14157,45,117,0,0,0.01109331,0,0
14158,45,118,0,0,0.00929272,0,0
14159,45,119,0,0,0.02167226,0,0
14160,45,120,0,0,0.02112039,0,0
14161,45,121,0,0,0.01604319,0,0
14162,45,122,0,0,0.00737315,0,0
14163,45,123,0,0,0.00666945,0,0
14164,45,124,0,0,0.00695445,0,0
14165,45,125,0,0,0.03434038,0,0
14166,45,126,0,0,0.01382757,0,0
14167,45,127,0,0,0.04062774,1,31
14168,45,128,0,0,0.02427213,0,0
14169,45,129,0,0,0.01519042,0,0
14170,45,130,0,0,0.01942120,0,0
14171,45,131,0,0,0.04730762,1,30
14172,45,132,0,0,0.01482131,0,0
14173,45,133,0,0,0.01748605,0,0
14174,45,134,0,0,0.02878182,0,0
14175,45,135,0,0,0.01930855,0,0
14176,45,136,0,0,0.01892117,0,0
14177,45,137,0,0,0.01499452,0,0
14178,45,138,0,0,0.02402786,0,0
14179,45,139,0,0,0.04768309,1,32
14180,45,140,0,0,0.01609422,0,0
14181,45,141,0,0,0.01050318,0,0
14182,45,142,0,0,0.01724912,0,0
14183,45,143,0,0,0.03340527,0,0
14184,45,144,0,0,0.01317657,0,0
14185,45,145,0,0,0.00973915,0,0
14186,45,146,0,0,0.02089332,0,0
14187,45,147,0,0,0.01367906,0,0
14188,45,148,0,0,0.01448370,0,0
14189,45,149,0,0,0.01571061,0,0
14190,45,150,0,0,0.01738671,0,0
14191,45,151,0,0,0.00815505,0,0
14192,45,152,0,0,0.03830457,0,0
14193,45,153,0,0,0.02429081,0,0
14194,45,154,0,0,0.01725864,0,0
14195,45,155,0,0,0.05789898,1,32
14196,45,156,0,0,0.01414095,0,0
14197,45,157,0,0,0.02030518,0,0
14198,45,158,0,0,0.02424545,0,0
14199,45,159,0,0,0.01781487,0,0
14200,45,160,0,0,0.01164060,0,0
14201,45,161,0,0,0.01805038,0,0
14202,45,162,0,0,0.00486206,0,0
14203,45,163,0,0,0.01782379,0,0
14204,45,164,0,0,0.01794441,0,0
14205,45,165,0,0,0.01204761,0,0
14206,45,166,0,0,0.04040187,1,30
14207,45,167,0,0,0.01012386,0,0
14208,45,168,0,0,0.02051954,0,0
14209,45,169,0,0,0.01821252,0,0
14210,45,170,0,0,0.00967810,0,0
14211,45,171,0,0,0.02571058,0,0
14212,45,172,0,0,0.01507175,0,0
14213,45,173,0,0,0.03800054,0,0
14214,45,174,0,0,0.01454689,0,0
14215,45,175,0,0,0.02078983,0,0
14216,45,176,0,0,0.05836871,1,31
14217,45,177,0,0,0.02433183,0,0
14218,45,178,0,0,0.01113681,0,0
14219,45,179,0,0,0.02943087,0,0
14220,45,180,0,0,0.00978215,0,0
14221,45,181,0,0,0.00826187,0,0
14222,45,182,0,0,0.01716368,0,0
14223,45,183,0,0,0.03672607,0,0
14224,45,184,0,0,0.01388400,0,0
14225,45,185,0,0,0.01795644,0,0
14226,45,186,0,0,0.01602612,0,0
14227,45,187,0,0,0.00782331,0,0
14228,45,188,0,0,0.00836113,0,0
14229,45,189,0,0,0.03587892,0,0
14230,45,190,0,0,0.01298166,0,0
14231,45,191,0,0,0.00712771,0,0
14232,45,192,0,0,0.02266873,0,0
14233,45,193,0,0,0.02096029,0,0
14234,45,194,0,0,0.00611619,0,0
14235,45,195,0,0,0.01356297,0,0
14236,45,196,0,0,0.02657147,0,0
14237,45,197,0,0,0.01994366,0,0
14238,45,198,0,0,0.01563570,0,0
14239,45,199,0,0,0.01128446,0,0
14240,45,200,0,0,0.01938319,0,0
14241,45,201,0,0,0.01652740,0,0
14242,45,202,0,0,0.01332874,0,0
14243,45,203,0,0,0.00954156,0,0
14244,45,204,0,0,0.02342369,0,0
14245,45,205,0,0,0.03139829,0,0
14246,45,206,0,0,0.01843577,0,0
14247,45,207,0,0,0.00844672,0,0
14248,45,208,0,0,0.03445951,0,0
14249,45,209,0,0,0.02022764,0,0
14250,45,210,0,0,0.00232597,0,0
14251,45,211,0,0,0.01511184,0,0
14252,45,212,0,0,0.02796657,0,0
14253,45,213,0,0,0.00964928,0,0
14254,45,214,0,0,0.02562412,0,0
14255,45,215,0,0,0.01053189,0,0
14256,45,216,0,0,0.00486867,0,0
14257,45,217,0,0,0.02514859,0,0
14258,45,218,0,0,0.01050592,0,0
14259,45,219,0,0,0.02083473,0,0
14260,45,220,0,0,0.02927634,0,0
14261,45,221,0,0,0.04251772,1,32
14262,45,222,0,0,0.02906143,0,0
14263,45,223,0,0,0.01057251,0,0
14264,45,224,0,0,0.01251679,0,0
14265,45,225,0,0,0.02785556,0,0
14266,45,226,0,0,0.01932514,0,0
14267,45,227,0,0,0.01988640,0,0
14268,45,228,0,0,0.01388851,0,0
14269,45,229,0,0,0.01075326,0,0
14270,45,230,0,0,0.01970404,0,0
14271,45,231,0,0,0.03130963,0,0
14272,45,232,0,0,0.02015311,0,0
14273,45,233,0,0,0.01250858,0,0
14274,45,234,0,0,0.00842609,0,0
14275,45,235,0,0,0.06348293,1,32
14276,45,236,0,0,0.01426589,0,0
14277,45,237,0,0,0.02641713,0,0
14278,45,238,0,0,0.02180862,0,0
14279,45,239,0,0,0.03133543,0,0
14280,45,240,0,0,0.01924034,0,0
14281,45,241,0,0,0.04492025,1,31
14282,45,242,0,0,0.01179145,0,0
14283,45,243,0,0,0.01904275,0,0
14284,45,244,0,0,0.01925406,0,0
14285,45,245,0,0,0.02355409,0,0
14286,45,246,0,0,0.01368369,0,0
14287,45,247,0,0,0.02740611,0,0
14288,45,248,0,0,0.04832199,1,31
14289,45,249,0,0,0.01271116,0,0
14290,45,250,0,0,0.00184970,0,0
14291,45,251,0,0,0.01566322,0,0
14292,45,252,0,0,0.02166254,0,0
14293,45,253,0,0,0.03250490,0,0
14294,45,254,0,0,0.02459042,0,0
14295,45,255,0,0,0.01897314,0,0
14296,45,256,0,0,0.02661644,0,0
14297,45,257,0,0,0.02480412,0,0
14298,45,258,0,0,0.02065884,0,0
14299,45,259,0,0,0.00430969,0,0
14300,45,260,0,0,0.02405370,0,0
14301,45,261,0,0,0.02336774,0,0
14302,45,262,0,0,0.01343931,0,0
14303,45,263,0,0,0.01712948,0,0
14304,45,264,0,0,0.00739760,0,0
14305,45,265,0,0,0.02814931,0,0
14306,45,266,0,0,0.01807154,0,0
14307,45,267,0,0,0.01941171,0,0
14308,45,268,0,0,0.02539246,0,0
14309,45,269,0,0,0.00643832,0,0
14310,45,270,0,0,0.01446564,0,0
14311,45,271,0,0,0.00671393,0,0
14312,45,272,0,0,0.03711414,0,0
14313,45,273,0,0,0.02019014,0,0
14314,45,274,0,0,0.02203910,0,0
14315,45,275,0,0,0.00833800,0,0
14316,45,276,0,0,0.02457849,0,0
14317,45,277,0,0,0.03523157,0,0
14318,45,278,0,0,0.03404526,0,0
14319,45,279,0,0,0.00637203,0,0
14320,45,280,0,0,0.01994754,0,0
14321,45,281,0,0,0.03016774,0,0
14322,45,282,0,0,0.01084122,0,0
14323,45,283,0,0,0.01700359,0,0
14324,45,284,0,0,0.01383520,0,0
14325,45,285,0,0,0.02314183,0,0
14326,45,286,0,0,0.01998398,0,0
14327,45,287,0,0,0.03364090,0,0
14328,45,288,0,0,0.03088758,0,0
14329,45,289,0,0,0.01638544,0,0
14330,45,290,0,0,0.01585552,0,0
14331,45,291,0,0,0.01561258,0,0
14332,45,292,0,0,0.01580520,0,0
14333,45,293,0,0,0.05146528,1,31
14334,45,294,0,0,0.02702805,0,0
14335,45,295,0,0,0.01117192,0,0
14336,45,296,0,0,0.05874342,1,31
14337,45,297,0,0,0.01294941,0,0
14338,45,298,0,0,0.01616213,0,0
14339,45,299,0,0,0.02751567,0,0
14340,45,300,0,0,0.01457948,0,0
14341,45,301,0,0,0.02278412,0,0
14342,45,302,0,0,0.00884813,0,0
14343,45,303,0,0,0.01350240,0,0
14344,45,304,0,0,0.01760517,0,0
14345,45,305,0,0,0.01820978,0,0
14346,45,306,0,0,0.00600968,0,0
14347,45,307,0,0,0.01589078,0,0
14348,45,308,0,0,0.01143610,0,0
14349,45,309,0,0,0.01017080,0,0
14350,45,310,0,0,0.02295604,0,0
14351,45,311,0,0,0.02686349,0,0
14352,46,0,1,0,0.01174681,0,0
14353,46,1,0,0,0.01184272,0,0
14354,46,2,0,0,0.02185950,0,0
14355,46,3,0,0,0.01366458,0,0
14356,46,4,0,0,0.01012178,0,0
14357,46,5,0,0,0.05527095,1,32
14358,46,6,0,0,0.01263005,0,0
14359,46,7,0,0,0.02093299,0,0
14360,46,8,0,0,0.03067417,0,0
14361,46,9,0,0,0.02123525,0,0
14362,46,10,0,0,0.02097424,0,0
14363,46,11,0,0,0.01569451,0,0
14364,46,12,0,0,0.02660665,0,0
14365,46,13,0,0,0.01904298,0,0
14366,46,14,0,0,0.02557473,0,0
14367,46,15,0,0,0.01383809,0,0
14368,46,16,0,0,0.00821258,0,0
14369,46,17,0,0,0.00449615,0,0
14370,46,18,0,0,0.01096582,0,0
14371,46,19,0,0,0.00290298,0,0
14372,46,20,0,0,0.01499714,0,0
14373,46,21,0,0,0.02891419,0,0
14374,46,22,0,0,0.01487038,0,0
14375,46,23,0,0,0.02490924,0,0
14376,46,24,0,0,0.01651191,0,0
14377,46,25,0,0,0.00884889,0,0
14378,46,26,0,0,0.01889007,0,0
14379,46,27,0,0,0.02498712,0,0
14380,46,28,0,0,0.02041933,0,0
14381,46,29,0,0,0.01953388,0,0
14382,46,30,0,0,0.01506667,0,0
14383,46,31,0,0,0.01476776,0,0
14384,46,32,0,0,0.01767816,0,0
14385,46,33,0,0,0.00525346,0,0
14386,46,34,0,0,0.02002373,0,0
14387,46,35,0,0,0.00940109,0,0
14388,46,36,0,0,0.02627248,0,0
14389,46,37,0,0,0.01267434,0,0
14390,46,38,0,0,0.01452104,0,0
14391,46,39,0,0,0.01757178,0,0
14392,46,40,0,0,0.00575567,0,0
14393,46,41,0,0,0.02657938,0,0
14394,46,42,0,0,0.02929633,0,0
14395,46,43,0,0,0.01755111,0,0
14396,46,44,0,0,0.01256754,0,0
14397,46,45,0,0,0.01474452,0,0
14398,46,46,0,0,0.01220333,0,0
14399,46,47,0,0,0.02139591,0,0
14400,46,48,0,0,0.02532962,0,0
14401,46,49,0,0,0.01791721,0,0
14402,46,50,0,0,0.01818981,0,0
14403,46,51,0,0,0.01583690,0,0
14404,46,52,0,0,0.01099701,0,0
14405,46,53,0,0,0.00916226,0,0
14406,46,54,0,0,0.03702052,0,0
14407,46,55,0,0,0.02549464,0,0
14408,46,56,0,0,0.01330192,0,0
14409,46,57,0,0,0.01199791,0,0
14410,46,58,0,0,0.01907738,0,0
14411,46,59,0,0,0.01142623,0,0
14412,46,60,0,0,0.03729592,0,0
14413,46,61,0,0,0.01666816,0,0
14414,46,62,0,0,0.02283828,0,0
14415,46,63,0,0,0.01676917,0,0
14416,46,64,0,0,0.00774953,0,0
14417,46,65,0,0,0.02485060,0,0
14418,46,66,0,0,0.05024964,1,32
14419,46,67,0,0,0.00658921,0,0
14420,46,68,0,0,0.02406643,0,0
14421,46,69,0,0,0.02736742,0,0
14422,46,70,0,0,0.02138379,0,0
14423,46,71,0,0,0.02914286,0,0
14424,46,72,0,0,0.01328461,0,0
14425,46,73,0,0,0.03356267,0,0
14426,46,74,0,0,0.04657347,1,32
14427,46,75,0,0,0.01522411,0,0
14428,46,76,0,0,0.03390224,0,0
14429,46,77,0,0,0.03892180,0,0
14430,46,78,0,0,0.02926838,0,0
14431,46,79,0,0,0.02608887,0,0
14432,46,80,0,0,0.00771530,0,0
14433,46,81,0,0,0.00415566,0,0
14434,46,82,0,0,0.04183969,1,32
14435,46,83,0,0,0.01359222,0,0
14436,46,84,0,0,0.02140157,0,0
14437,46,85,0,0,0.02615663,0,0
14438,46,86,0,0,0.02208985,0,0
14439,46,87,0,0,0.00988378,0,0
14440,46,88,0,0,0.02133965,0,0
14441,46,89,0,0,0.01973850,0,0
14442,46,90,0,0,0.01291550,0,0
14443,46,91,0,0,0.01069995,0,0
14444,46,92,0,0,0.00572650,0,0
14445,46,93,0,0,0.02821499,0,0
14446,46,94,0,0,0.01402793,0,0
14447,46,95,0,0,0.01559814,0,0
14448,46,96,0,0,0.01516490,0,0
14449,46,97,0,0,0.01488528,0,0
14450,46,98,0,0,0.02477361,0,0
14451,46,99,0,0,0.01818942,0,0
14452,46,100,0,0,0.00851048,0,0
14453,46,101,0,0,0.00756124,0,0
14454,46,102,0,0,0.00648426,0,0
14455,46,103,0,0,0.01168365,0,0
14456,46,104,0,0,0.02015438,0,0
14457,46,105,0,0,0.01148757,0,0
14458,46,106,0,0,0.01139138,0,0
14459,46,107,0,0,0.02971375,0,0
14460,46,108,0,0,0.02034250,0,0
14461,46,109,0,0,0.01707235,0,0
14462,46,110,0,0,0.02175332,0,0
14463,46,111,0,0,0.05695498,1,32
14464,46,112,0,0,0.01041177,0,0
14465,46,113,0,0,0.01007689,0,0
14466,46,114,0,0,0.05340844,1,32
14467,46,115,0,0,0.07965787,1,32
14468,46,116,0,0,0.01004066,0,0
14469,46,117,0,0,0.01281583,0,0
14470,46,118,0,0,0.01260979,0,0
14471,46,119,0,0,0.01691309,0,0
14472,46,120,0,0,0.03490344,0,0
14473,46,121,0,0,0.03225774,0,0
14474,46,122,0,0,0.02386366,0,0
14475,46,123,0,0,0.01380476,0,0
14476,46,124,0,0,0.01578886,0,0
14477,46,125,0,0,0.01110896,0,0
14478,46,126,0,0,0.01930918,0,0
14479,46,127,0,0,0.01398686,0,0
14480,46,128,0,0,0.02617746,0,0
14481,46,129,0,0,0.03201842,0,0
14482,46,130,0,0,0.00846217,0,0
14483,46,131,0,0,0.01538174,0,0
14484,46,132,0,0,0.02538020,0,0
14485,46,133,0,0,0.01106243,0,0
14486,46,134,0,0,0.01469504,0,0
14487,46,135,0,0,0.02118137,0,0
14488,46,136,0,0,0.01544315,0,0
14489,46,137,0,0,0.01774219,0,0
14490,46,138,0,0,0.01144825,0,0
14491,46,139,0,0,0.01884160,0,0
14492,46,140,0,0,0.05040446,1,30
14493,46,141,0,0,0.01974550,0,0
14494,46,142,0,0,0.02305420,0,0
14495,46,143,0,0,0.01933309,0,0
14496,46,144,0,0,0.05053665,1,32
14497,46,145,0,0,0.00725609,0,0
14498,46,146,0,0,0.02121230,0,0
14499,46,147,0,0,0.02789391,0,0
14500,46,148,0,0,0.01111217,0,0
14501,46,149,0,0,0.02543936,0,0
14502,46,150,0,0,0.00753267,0,0
14503,46,151,0,0,0.00749683,0,0
14504,46,152,0,0,0.01518416,0,0
14505,46,153,0,0,0.03441829,0,0
14506,46,154,0,0,0.01474320,0,0
14507,46,155,0,0,0.01209467,0,0
14508,46,156,0,0,0.06153233,1,31
14509,46,157,0,0,0.02541496,0,0
14510,46,158,0,0,0.01294199,0,0
14511,46,159,0,0,0.03530957,0,0
14512,46,160,0,0,0.00795416,0,0
14513,46,161,0,0,0.00926491,0,0
14514,46,162,0,0,0.01364638,0,0
14515,46,163,0,0,0.01158122,0,0
14516,46,164,0,0,0.03088929,0,0
14517,46,165,0,0,0.01009781,0,0
14518,46,166,0,0,0.01120540,0,0
14519,46,167,0,0,0.01948958,0,0
14520,46,168,0,0,0.00919878,0,0
14521,46,169,0,0,0.01955776,0,0
14522,46,170,0,0,0.01446352,0,0
14523,46,171,0,0,0.00575488,0,0
14524,46,172,0,0,0.06052253,1,31
14525,46,173,0,0,0.02800490,0,0
14526,46,174,0,0,0.01904892,0,0
14527,46,175,0,0,0.01986663,0,0
14528,46,176,0,0,0.01229329,0,0
14529,46,177,0,0,0.05504811,1,32
14530,46,178,0,0,0.02311701,0,0
14531,46,179,0,0,0.00977819,0,0
14532,46,180,0,0,0.01032020,0,0
14533,46,181,0,0,0.01747888,0,0
14534,46,182,0,0,0.01386380,0,0
14535,46,183,0,0,0.01142675,0,0
14536,46,184,0,0,0.02083862,0,0
14537,46,185,0,0,0.01126450,0,0
14538,46,186,0,0,0.01648217,0,0
14539,46,187,0,0,0.02714086,0,0
14540,46,188,0,0,0.01479759,0,0
14541,46,189,0,0,0.02057909,0,0
14542,46,190,0,0,0.02439099,0,0
14543,46,191,0,0,0.01779851,0,0
14544,46,192,0,0,0.01804685,0,0
14545,46,193,0,0,0.03361113,0,0
14546,46,194,0,0,0.02322061,0,0
14547,46,195,0,0,0.01809400,0,0
14548,46,196,0,0,0.01504634,0,0
14549,46,197,0,0,0.01689631,0,0
14550,46,198,0,0,0.01734502,0,0
14551,46,199,0,0,0.02434273,0,0
14552,46,200,0,0,0.02490794,0,0
14553,46,201,0,0,0.04054419,1,32
14554,46,202,0,0,0.02283619,0,0
14555,46,203,0,0,0.00845847,0,0
14556,46,204,0,0,0.01325294,0,0
14557,46,205,0,0,0.03155290,0,0
14558,46,206,0,0,0.01584109,0,0
14559,46,207,0,0,0.03262822,0,0
14560,46,208,0,0,0.01050957,0,0
14561,46,209,0,0,0.02772867,0,0
14562,46,210,0,0,0.02270529,0,0
14563,46,211,0,0,0.01483109,0,0
14564,46,212,0,0,0.00534771,0,0
14565,46,213,0,0,0.02386790,0,0
14566,46,214,0,0,0.01444682,0,0
14567,46,215,0,0,0.01682518,0,0
14568,46,216,0,0,0.02192657,0,0
14569,46,217,0,0,0.00971345,0,0
14570,46,218,0,0,0.02823127,0,0
14571,46,219,0,0,0.00956149,0,0
14572,46,220,0,0,0.02448779,0,0
14573,46,221,0,0,0.02198114,0,0
14574,46,222,0,0,0.04479294,1,32
14575,46,223,0,0,0.01360479,0,0
14576,46,224,0,0,0.01690812,0,0
14577,46,225,0,0,0.02828570,0,0
14578,46,226,0,0,0.02592281,0,0
14579,46,227,0,0,0.01102623,0,0
14580,46,228,0,0,0.02773137,0,0
14581,46,229,0,0,0.00968398,0,0
14582,46,230,0,0,0.00753176,0,0
14583,46,231,0,0,0.02850608,0,0
14584,46,232,0,0,0.02836219,0,0
14585,46,233,0,0,0.02036733,0,0
14586,46,234,0,0,0.00889686,0,0
14587,46,235,0,0,0.02011275,0,0
14588,46,236,0,0,0.02615491,0,0
14589,46,237,0,0,0.03121355,0,0
14590,46,238,0,0,0.02550348,0,0
14591,46,239,0,0,0.02851774,0,0
14592,46,240,0,0,0.05590679,1,31
14593,46,241,0,0,0.01723732,0,0
14594,46,242,0,0,0.02026553,0,0
14595,46,243,0,0,0.02919347,0,0
14596,46,244,0,0,0.02658209,0,0
14597,46,245,0,0,0.03548308,0,0
14598,46,246,0,0,0.03875179,0,0
14599,46,247,0,0,0.01980364,0,0
14600,46,248,0,0,0.01464717,0,0
14601,46,249,0,0,0.04946223,1,31
14602,46,250,0,0,0.02065246,0,0
14603,46,251,0,0,0.01104972,0,0
14604,46,252,0,0,0.02687056,0,0
14605,46,253,0,0,0.04193382,1,32
14606,46,254,0,0,0.01373258,0,0
14607,46,255,0,0,0.02815747,0,0
14608,46,256,0,0,0.02236601,0,0
14609,46,257,0,0,0.00970162,0,0
14610,46,258,0,0,0.02430569,0,0
14611,46,259,0,0,0.03672543,0,0
14612,46,260,0,0,0.00862454,0,0
14613,46,261,0,0,0.02029411,0,0
14614,46,262,0,0,0.01482454,0,0
14615,46,263,0,0,0.03306796,0,0
14616,46,264,0,0,0.01317423,0,0
14617,46,265,0,0,0.00333715,0,0
14618,46,266,0,0,0.02254548,0,0
14619,46,267,0,0,0.01672525,0,0
14620,46,268,0,0,0.02455660,0,0
14621,46,269,0,0,0.02831636,0,0
14622,46,270,0,0,0.00894651,0,0
14623,46,271,0,0,0.01198345,0,0
14624,46,272,0,0,0.01239318,0,0
14625,46,273,0,0,0.02965522,0,0
14626,46,274,0,0,0.02613209,0,0
14627,46,275,0,0,0.02616908,0,0
14628,46,276,0,0,0.02037338,0,0
14629,46,277,0,0,0.01553588,0,0
14630,46,278,0,0,0.01275901,0,0
14631,46,279,0,0,0.04662186,1,32
14632,46,280,0,0,0.04383344,1,31
14633,46,281,0,0,0.02495509,0,0
14634,46,282,0,0,0.05151068,1,32
14635,46,283,0,0,0.00894757,0,0
14636,46,284,0,0,0.01995406,0,0
14637,46,285,0,0,0.01891173,0,0
14638,46,286,0,0,0.03241988,0,0
14639,46,287,0,0,0.00835951,0,0
14640,46,288,0,0,0.01492297,0,0
14641,46,289,0,0,0.03866447,0,0
14642,46,290,0,0,0.02099720,0,0
14643,46,291,0,0,0.02825225,0,0
14644,46,292,0,0,0.02201017,0,0
14645,46,293,0,0,0.01076493,0,0
14646,46,294,0,0,0.02020897,0,0
14647,46,295,0,0,0.01136999,0,0
14648,46,296,0,0,0.01670772,0,0
14649,46,297,0,0,0.02975098,0,0
14650,46,298,0,0,0.01860302,0,0
14651,46,299,0,0,0.00939298,0,0
14652,46,300,0,0,0.01920998,0,0
14653,46,301,0,0,0.02400415,0,0
14654,46,302,0,0,0.01448767,0,0
14655,46,303,0,0,0.02646979,0,0
14656,46,304,0,0,0.00818907,0,0
14657,46,305,0,0,0.01346028,0,0
14658,46,306,0,0,0.01749955,0,0
14659,46,307,0,0,0.00666816,0,0
14660,46,308,0,0,0.01947708,0,0
14661,46,309,0,0,0.01151253,0,0
14662,46,310,0,0,0.01495957,0,0
14663,46,311,0,0,0.02608109,0,0
14664,47,0,1,0,0.04855942,1,32
14665,47,1,0,0,0.01006792,0,0
14666,47,2,0,0,0.02650602,0,0
14667,47,3,0,0,0.02190605,0,0
14668,47,4,0,0,0.04647505,1,32
14669,47,5,0,0,0.01050078,0,0
14670,47,6,0,0,0.01806476,0,0
14671,47,7,0,0,0.00965422,0,0
14672,47,8,0,0,0.04340832,1,32
14673,47,9,0,0,0.02899504,0,0
14674,47,10,0,0,0.02262501,0,0
14675,47,11,0,0,0.01942317,0,0
14676,47,12,0,0,0.01525350,0,0
14677,47,13,0,0,0.02625847,0,0
14678,47,14,0,0,0.01512973,0,0
14679,47,15,0,0,0.02332771,0,0
14680,47,16,0,0,0.00885918,0,0
14681,47,17,0,0,0.00619353,0,0
14682,47,18,0,0,0.01106704,0,0
14683,47,19,0,0,0.00937170,0,0
14684,47,20,0,0,0.00839898,0,0
14685,47,21,0,0,0.00823246,0,0
14686,47,22,0,0,0.02816165,0,0
14687,47,23,0,0,0.02562896,0,0
14688,47,24,0,0,0.01479714,0,0
14689,47,25,0,0,0.02386041,0,0
14690,47,26,0,0,0.00421577,0,0
14691,47,27,0,0,0.01341904,0,0
14692,47,28,0,0,0.01991682,0,0
14693,47,29,0,0,0.00521717,0,0
14694,47,30,0,0,0.02345953,0,0
14695,47,31,0,0,0.02984969,0,0
14696,47,32,0,0,0.01545620,0,0
14697,47,33,0,0,0.02237834,0,0
14698,47,34,0,0,0.01559862,0,0
14699,47,35,0,0,0.01164500,0,0
14700,47,36,0,0,0.02777265,0,0
14701,47,37,0,0,0.02604701,0,0
14702,47,38,0,0,0.01110429,0,0
14703,47,39,0,0,0.03020687,0,0
14704,47,40,0,0,0.02153467,0,0
14705,47,41,0,0,0.00792021,0,0
14706,47,42,0,0,0.01310974,0,0
14707,47,43,0,0,0.02328628,0,0
14708,47,44,0,0,0.01992336,0,0
14709,47,45,0,0,0.01847021,0,0
14710,47,46,0,0,0.04171880,1,16
14711,47,47,0,0,0.00925456,0,0
14712,47,48,0,0,0.02570070,0,0
14713,47,49,0,0,0.02614423,0,0
14714,47,50,0,0,0.01275900,0,0
14715,47,51,0,0,0.00765553,0,0
14716,47,52,0,0,0.01409777,0,0
14717,47,53,0,0,0.01992412,0,0
14718,47,54,0,0,0.03792962,0,0
14719,47,55,0,0,0.02050714,0,0
14720,47,56,0,0,0.02444468,0,0
14721,47,57,0,0,0.00875474,0,0
14722,47,58,0,0,0.00485816,0,0
14723,47,59,0,0,0.01992304,0,0
14724,47,60,0,0,0.02058674,0,0
14725,47,61,0,0,0.01962214,0,0
14726,47,62,0,0,0.05075531,1,31
14727,47,63,0,0,0.01118673,0,0
14728,47,64,0,0,0.03499636,0,0
14729,47,65,0,0,0.01204824,0,0
14730,47,66,0,0,0.01588743,0,0
14731,47,67,0,0,0.03721531,0,0
14732,47,68,0,0,0.01651847,0,0
14733,47,69,0,0,0.01247525,0,0
14734,47,70,0,0,0.03636469,0,0
14735,47,71,0,0,0.02701684,0,0
14736,47,72,0,0,0.02506891,0,0
14737,47,73,0,0,0.01795341,0,0
14738,47,74,0,0,0.03657719,0,0
14739,47,75,0,0,0.03998205,0,0
14740,47,76,0,0,0.01750207,0,0
14741,47,77,0,0,0.03027198,0,0
14742,47,78,0,0,0.03477909,0,0
14743,47,79,0,0,0.06321867,1,32
14744,47,80,0,0,0.03569550,0,0
14745,47,81,0,0,0.01263776,0,0
14746,47,82,0,0,0.01653573,0,0
14747,47,83,0,0,0.02818067,0,0
14748,47,84,0,0,0.01621176,0,0
14749,47,85,0,0,0.01301864,0,0
14750,47,86,0,0,0.02885748,0,0
14751,47,87,0,0,0.00962746,0,0
14752,47,88,0,0,0.01984387,0,0
14753,47,89,0,0,0.02816688,0,0
14754,47,90,0,0,0.02456795,0,0
14755,47,91,0,0,0.03690927,0,0
14756,47,92,0,0,0.02562149,0,0
14757,47,93,0,0,0.01058555,0,0
14758,47,94,0,0,0.02070736,0,0
14759,47,95,0,0,0.01318547,0,0
14760,47,96,0,0,0.05119341,1,32
14761,47,97,0,0,0.02160634,0,0
14762,47,98,0,0,0.01679631,0,0
14763,47,99,0,0,0.03814190,0,0
14764,47,100,0,0,0.02409001,0,0
14765,47,101,0,0,0.01286376,0,0
14766,47,102,0,0,0.03539345,0,0
14767,47,103,0,0,0.00934441,0,0
14768,47,104,0,0,0.01338926,0,0
14769,47,105,0,0,0.03908538,0,0
14770,47,106,0,0,0.02339467,0,0
14771,47,107,0,0,0.01165502,0,0
14772,47,108,0,0,0.02321512,0,0
14773,47,109,0,0,0.01939783,0,0
14774,47,110,0,0,0.02338923,0,0
14775,47,111,0,0,0.03011696,0,0
14776,47,112,0,0,0.02912404,0,0
14777,47,113,0,0,0.01126976,0,0
14778,47,114,0,0,0.01451681,0,0
14779,47,115,0,0,0.04599863,1,31
14780,47,116,0,0,0.03134184,0,0
14781,47,117,0,0,0.00963104,0,0
14782,47,118,0,0,0.02236663,0,0
14783,47,119,0,0,0.01259815,0,0
14784,47,120,0,0,0.01694645,0,0
14785,47,121,0,0,0.01088000,0,0
14786,47,122,0,0,0.04101882,1,32
14787,47,123,0,0,0.03245372,0,0
14788,47,124,0,0,0.01498871,0,0
14789,47,125,0,0,0.01977347,0,0
14790,47,126,0,0,0.01158746,0,0
14791,47,127,0,0,0.01422037,0,0
14792,47,128,0,0,0.00692842,0,0
14793,47,129,0,0,0.03413626,0,0
14794,47,130,0,0,0.03310281,0,0
14795,47,131,0,0,0.01480976,0,0
14796,47,132,0,0,0.02879801,0,0
14797,47,133,0,0,0.02364891,0,0
14798,47,134,0,0,0.00676817,0,0
14799,47,135,0,0,0.00857909,0,0
14800,47,136,0,0,0.02318239,0,0
14801,47,137,0,0,0.02340658,0,0
14802,47,138,0,0,0.01379509,0,0
14803,47,139,0,0,0.01152455,0,0
14804,47,140,0,0,0.04054136,1,30
14805,47,141,0,0,0.03148908,0,0
14806,47,142,0,0,0.00856759,0,0
14807,47,143,0,0,0.00614958,0,0
14808,47,144,0,0,0.01715340,0,0
14809,47,145,0,0,0.04516807,1,31
14810,47,146,0,0,0.01042117,0,0
14811,47,147,0,0,0.02121582,0,0
14812,47,148,0,0,0.01365187,0,0
14813,47,149,0,0,0.01422910,0,0
14814,47,150,0,0,0.02009095,0,0
14815,47,151,0,0,0.00905749,0,0
14816,47,152,0,0,0.00954683,0,0
14817,47,153,0,0,0.00687041,0,0
14818,47,154,0,0,0.03975431,0,0
14819,47,155,0,0,0.01191630,0,0
14820,47,156,0,0,0.02652743,0,0
14821,47,157,0,0,0.04424150,1,31
14822,47,158,0,0,0.01725301,0,0
14823,47,159,0,0,0.01523378,0,0
14824,47,160,0,0,0.04286455,1,32
14825,47,161,0,0,0.00820526,0,0
14826,47,162,0,0,0.01238338,0,0
14827,47,163,0,0,0.02085910,0,0
14828,47,164,0,0,0.01400054,0,0
14829,47,165,0,0,0.01319336,0,0
14830,47,166,0,0,0.02034143,0,0
14831,47,167,0,0,0.01450807,0,0
14832,47,168,0,0,0.02979402,0,0
14833,47,169,0,0,0.00504144,0,0
14834,47,170,0,0,0.01899970,0,0
14835,47,171,0,0,0.03608950,0,0
14836,47,172,0,0,0.00918558,0,0
14837,47,173,0,0,0.03844045,0,0
14838,47,174,0,0,0.03039254,0,0
14839,47,175,0,0,0.02306993,0,0
14840,47,176,0,0,0.02083570,0,0
14841,47,177,0,0,0.01453436,0,0
14842,47,178,0,0,0.05320337,1,32
14843,47,179,0,0,0.01369223,0,0
14844,47,180,0,0,0.01107918,0,0
14845,47,181,0,0,0.02237462,0,0
14846,47,182,0,0,0.03423785,0,0
14847,47,183,0,0,0.02496261,0,0
14848,47,184,0,0,0.01822816,0,0
14849,47,185,0,0,0.02058129,0,0
14850,47,186,0,0,0.00764396,0,0
14851,47,187,0,0,0.02062241,0,0
14852,47,188,0,0,0.02320186,0,0
14853,47,189,0,0,0.01459984,0,0
14854,47,190,0,0,0.00579152,0,0
14855,47,191,0,0,0.02540964,0,0
14856,47,192,0,0,0.03046441,0,0
14857,47,193,0,0,0.00812184,0,0
14858,47,194,0,0,0.03669366,0,0
14859,47,195,0,0,0.01981607,0,0
14860,47,196,0,0,0.00938877,0,0
14861,47,197,0,0,0.01249801,0,0
14862,47,198,0,0,0.01895975,0,0
14863,47,199,0,0,0.02828949,0,0
14864,47,200,0,0,0.00742526,0,0
14865,47,201,0,0,0.01259443,0,0
14866,47,202,0,0,0.00507747,0,0
14867,47,203,0,0,0.02455406,0,0
14868,47,204,0,0,0.00946604,0,0
14869,47,205,0,0,0.01656139,0,0
14870,47,206,0,0,0.01633372,0,0
14871,47,207,0,0,0.00303753,0,0
14872,47,208,0,0,0.05367828,1,32
14873,47,209,0,0,0.00595637,0,0
14874,47,210,0,0,0.03368232,0,0
14875,47,211,0,0,0.02005418,0,0
14876,47,212,0,0,0.02150022,0,0
14877,47,213,0,0,0.01427207,0,0
14878,47,214,0,0,0.01488756,0,0
14879,47,215,0,0,0.01674669,0,0
14880,47,216,0,0,0.03706189,0,0
14881,47,217,0,0,0.01924518,0,0
14882,47,218,0,0,0.00474799,0,0
14883,47,219,0,0,0.01977295,0,0
14884,47,220,0,0,0.02585045,0,0
14885,47,221,0,0,0.01127829,0,0
14886,47,222,0,0,0.02501968,0,0
14887,47,223,0,0,0.04367175,1,31
14888,47,224,0,0,0.01077140,0,0
14889,47,225,0,0,0.01531961,0,0
14890,47,226,0,0,0.03637144,0,0
14891,47,227,0,0,0.03242836,0,0
14892,47,228,0,0,0.02608479,0,0
14893,47,229,0,0,0.02968469,0,0
14894,47,230,0,0,0.00969314,0,0
14895,47,231,0,0,0.01150972,0,0
14896,47,232,0,0,0.01587539,0,0
14897,47,233,0,0,0.03480950,0,0
14898,47,234,0,0,0.02219919,0,0
14899,47,235,0,0,0.01490896,0,0
14900,47,236,0,0,0.01496186,0,0
14901,47,237,0,0,0.02390470,0,0
14902,47,238,0,0,0.02635039,0,0
14903,47,239,0,0,0.02878928,0,0
14904,47,240,0,0,0.02401855,0,0
14905,47,241,0,0,0.04085367,1,31
14906,47,242,0,0,0.01401880,0,0
14907,47,243,0,0,0.03498115,0,0
14908,47,244,0,0,0.02538145,0,0
14909,47,245,0,0,0.02739765,0,0
14910,47,246,0,0,0.02164182,0,0
14911,47,247,0,0,0.02985090,0,0
14912,47,248,0,0,0.02346210,0,0
14913,47,249,0,0,0.02467128,0,0
14914,47,250,0,0,0.02104044,0,0
14915,47,251,0,0,0.01713202,0,0
14916,47,252,0,0,0.01681882,0,0
14917,47,253,0,0,0.02546977,0,0
14918,47,254,0,0,0.03078466,0,0
14919,47,255,0,0,0.01911995,0,0
14920,47,256,0,0,0.03678901,0,0
14921,47,257,0,0,0.02098810,0,0
14922,47,258,0,0,0.03789080,0,0
14923,47,259,0,0,0.01353552,0,0
14924,47,260,0,0,0.02417724,0,0
14925,47,261,0,0,0.02711194,0,0
14926,47,262,0,0,0.01311341,0,0
14927,47,263,0,0,0.04276536,1,30
14928,47,264,0,0,0.02202215,0,0
14929,47,265,0,0,0.03728317,0,0
14930,47,266,0,0,0.00789018,0,0
14931,47,267,0,0,0.03710464,0,0
14932,47,268,0,0,0.02420166,0,0
14933,47,269,0,0,0.02171553,0,0
14934,47,270,0,0,0.02519564,0,0
14935,47,271,0,0,0.01020708,0,0
14936,47,272,0,0,0.00956371,0,0
14937,47,273,0,0,0.00989843,0,0
14938,47,274,0,0,0.02984168,0,0
14939,47,275,0,0,0.02350104,0,0
14940,47,276,0,0,0.01671845,0,0
14941,47,277,0,0,0.02124117,0,0
14942,47,278,0,0,0.01917987,0,0
14943,47,279,0,0,0.01368747,0,0
14944,47,280,0,0,0.03279682,0,0
14945,47,281,0,0,0.00938028,0,0
14946,47,282,0,0,0.00645396,0,0
14947,47,283,0,0,0.05073757,1,32
14948,47,284,0,0,0.01288453,0,0
14949,47,285,0,0,0.02182728,0,0
14950,47,286,0,0,0.02133183,0,0
14951,47,287,0,0,0.03336849,0,0
14952,47,288,0,0,0.01356844,0,0
14953,47,289,0,0,0.00968403,0,0
14954,47,290,0,0,0.02213089,0,0
14955,47,291,0,0,0.01305224,0,0
14956,47,292,0,0,0.01886368,0,0
14957,47,293,0,0,0.02379335,0,0
14958,47,294,0,0,0.01555387,0,0
14959,47,295,0,0,0.02919860,0,0
14960,47,296,0,0,0.04431823,1,31
14961,47,297,0,0,0.02680805,0,0
14962,47,298,0,0,0.01600484,0,0
14963,47,299,0,0,0.02917501,0,0
14964,47,300,0,0,0.00835728,0,0
14965,47,301,0,0,0.02161381,0,0
14966,47,302,0,0,0.04245597,1,29
14967,47,303,0,0,0.01668765,0,0
14968,47,304,0,0,0.04129066,1,32
14969,47,305,0,0,0.00582791,0,0
14970,47,306,0,0,0.02242644,0,0
14971,47,307,0,0,0.03312360,0,0
14972,47,308,0,0,0.01005204,0,0
14973,47,309,0,0,0.03639945,0,0
14974,47,310,0,0,0.00206225,0,0
14975,47,311,0,0,0.01187299,0,0
14976,48,0,1,0,0.01727800,0,0
14977,48,1,0,0,0.03963383,0,0
14978,48,2,0,0,0.01504775,0,0
14979,48,3,0,0,0.02345546,0,0
14980,48,4,0,0,0.00775126,0,0
14981,48,5,0,0,0.02997626,0,0
14982,48,6,0,0,0.01077484,0,0
14983,48,7,0,0,0.01742316,0,0
14984,48,8,0,0,0.01086142,0,0
14985,48,9,0,0,0.01344693,0,0
14986,48,10,0,0,0.03612818,0,0
14987,48,11,0,0,0.01019177,0,0
14988,48,12,0,0,0.04419327,1,32
14989,48,13,0,0,0.01780207,0,0
14990,48,14,0,0,0.02890102,0,0
14991,48,15,0,0,0.02517409,0,0
14992,48,16,0,0,0.02175655,0,0
14993,48,17,0,0,0.04056112,1,32
14994,48,18,0,0,0.01531654,0,0
14995,48,19,0,0,0.00546470,0,0
14996,48,20,0,0,0.01086600,0,0
14997,48,21,0,0,0.01186150,0,0
14998,48,22,0,0,0.00690543,0,0
14999,48,23,0,0,0.02259708,0,0
15000,48,24,0,0,0.01400914,0,0
15001,48,25,0,0,0.02122788,0,0
15002,48,26,0,0,0.02749839,0,0
15003,48,27,0,0,0.02476625,0,0
15004,48,28,0,0,0.01324869,0,0
15005,48,29,0,0,0.02054679,0,0
15006,48,30,0,0,0.03226294,0,0
15007,48,31,0,0,0.01876668,0,0
15008,48,32,0,0,0.06403218,1,32
15009,48,33,0,0,0.01049390,0,0
15010,48,34,0,0,0.01520016,0,0
15011,48,35,0,0,0.02455026,0,0
15012,48,36,0,0,0.01351858,0,0
15013,48,37,0,0,0.01788453,0,0
15014,48,38,0,0,0.01552586,0,0
15015,48,39,0,0,0.01858037,0,0
15016,48,40,0,0,0.01331647,0,0
15017,48,41,0,0,0.02301472,0,0
15018,48,42,0,0,0.01597595,0,0
15019,48,43,0,0,0.01865084,0,0
15020,48,44,0,0,0.02184552,0,0
15021,48,45,0,0,0.03264146,0,0
15022,48,46,0,0,0.01605389,0,0
15023,48,47,0,0,0.08220062,1,15
15024,48,48,0,0,0.01592348,0,0
15025,48,49,0,0,0.04920368,1,32
15026,48,50,0,0,0.03100666,0,0
15027,48,51,0,0,0.04285135,1,32
15028,48,52,0,0,0.01695706,0,0
15029,48,53,0,0,0.02054070,0,0
15030,48,54,0,0,0.04312656,1,32
15031,48,55,0,0,0.04209167,1,32
15032,48,56,0,0,0.01462693,0,0
15033,48,57,0,0,0.02482475,0,0
15034,48,58,0,0,0.01527762,0,0
15035,48,59,0,0,0.01199616,0,0
15036,48,60,0,0,0.01035021,0,0
15037,48,61,0,0,0.02180932,0,0
15038,48,62,0,0,0.02409695,0,0
15039,48,63,0,0,0.01944279,0,0
15040,48,64,0,0,0.01945254,0,0
15041,48,65,0,0,0.02161339,0,0
15042,48,66,0,0,0.01348452,0,0
15043,48,67,0,0,0.02946965,0,0
15044,48,68,0,0,0.03836367,0,0
15045,48,69,0,0,0.01893109,0,0
15046,48,70,0,0,0.02886397,0,0
15047,48,71,0,0,0.06883530,1,32
15048,48,72,0,0,0.02480216,0,0
15049,48,73,0,0,0.02863425,0,0
15050,48,74,0,0,0.02062528,0,0
15051,48,75,0,0,0.05180062,1,32
15052,48,76,0,0,0.03181184,0,0
15053,48,77,0,0,0.01154263,0,0
15054,48,78,0,0,0.04512881,1,32
15055,48,79,0,0,0.09427225,1,32
15056,48,80,0,0,0.07216087,1,32
15057,48,81,0,0,0.02222709,0,0
15058,48,82,0,0,0.02398161,0,0
15059,48,83,0,0,0.01151204,0,0
15060,48,84,0,0,0.02961732,0,0
15061,48,85,0,0,0.02232408,0,0
15062,48,86,0,0,0.02557768,0,0
15063,48,87,0,0,0.04574271,1,32
15064,48,88,0,0,0.02143857,0,0
15065,48,89,0,0,0.02867369,0,0
15066,48,90,0,0,0.05671583,1,32
15067,48,91,0,0,0.01375294,0,0
15068,48,92,0,0,0.05349524,1,32
15069,48,93,0,0,0.02199638,0,0
15070,48,94,0,0,0.03904442,0,0
15071,48,95,0,0,0.02678619,0,0
15072,48,96,0,0,0.03338965,0,0
15073,48,97,0,0,0.02920467,0,0
15074,48,98,0,0,0.04194113,1,32
15075,48,99,0,0,0.03080001,0,0
15076,48,100,0,0,0.04504725,1,32
15077,48,101,0,0,0.02785012,0,0
15078,48,102,0,0,0.01259036,0,0
15079,48,103,0,0,0.01513136,0,0
15080,48,104,0,0,0.01003087,0,0
15081,48,105,0,0,0.01541744,0,0
15082,48,106,0,0,0.05030942,1,31
15083,48,107,0,0,0.02961760,0,0
15084,48,108,0,0,0.00919532,0,0
15085,48,109,0,0,0.03194801,0,0
15086,48,110,0,0,0.00955700,0,0
15087,48,111,0,0,0.02300032,0,0
15088,48,112,0,0,0.02325467,0,0
15089,48,113,0,0,0.05883357,1,32
15090,48,114,0,0,0.02539011,0,0
15091,48,115,0,0,0.05245030,1,32
15092,48,116,0,0,0.05154540,1,32
15093,48,117,0,0,0.05797165,1,32
15094,48,118,0,0,0.01766282,0,0
15095,48,119,0,0,0.00860259,0,0
15096,48,120,0,0,0.03216756,0,0
15097,48,121,0,0,0.01137977,0,0
15098,48,122,0,0,0.02267812,0,0
15099,48,123,0,0,0.01758637,0,0
15100,48,124,0,0,0.02146847,0,0
15101,48,125,0,0,0.02329970,0,0
15102,48,126,0,0,0.03713061,0,0
15103,48,127,0,0,0.00789147,0,0
15104,48,128,0,0,0.04039915,1,32
15105,48,129,0,0,0.02130394,0,0
15106,48,130,0,0,0.02760501,0,0
15107,48,131,0,0,0.04227198,1,32
15108,48,132,0,0,0.01538757,0,0
15109,48,133,0,0,0.03544435,0,0
15110,48,134,0,0,0.06069702,1,32
15111,48,135,0,0,0.01217911,0,0
15112,48,136,0,0,0.01760383,0,0
15113,48,137,0,0,0.02615652,0,0
15114,48,138,0,0,0.02166442,0,0
15115,48,139,0,0,0.03060164,0,0
15116,48,140,0,0,0.05092240,1,32
15117,48,141,0,0,0.06148045,1,32
15118,48,142,0,0,0.03546477,0,0
15119,48,143,0,0,0.01507253,0,0
15120,48,144,0,0,0.01347931,0,0
15121,48,145,0,0,0.02954651,0,0
15122,48,146,0,0,0.08034113,1,32
15123,48,147,0,0,0.00745424,0,0
15124,48,148,0,0,0.02439250,0,0
15125,48,149,0,0,0.02817332,0,0
15126,48,150,0,0,0.03197287,0,0
15127,48,151,0,0,0.02945188,0,0
15128,48,152,0,0,0.00450555,0,0
15129,48,153,0,0,0.04140879,1,32
15130,48,154,0,0,0.01194187,0,0
15131,48,155,0,0,0.04969743,1,32
15132,48,156,0,0,0.01450035,0,0
15133,48,157,0,0,0.01795867,0,0
15134,48,158,0,0,0.03892383,0,0
15135,48,159,0,0,0.02932377,0,0
15136,48,160,0,0,0.08328675,1,32
15137,48,161,0,0,0.04501435,1,32
15138,48,162,0,0,0.01459983,0,0
15139,48,163,0,0,0.01808928,0,0
15140,48,164,0,0,0.01139855,0,0
15141,48,165,0,0,0.01507983,0,0
15142,48,166,0,0,0.02786942,0,0
15143,48,167,0,0,0.03497821,0,0
15144,48,168,0,0,0.03063720,0,0
15145,48,169,0,0,0.03920453,0,0
15146,48,170,0,0,0.01704253,0,0
15147,48,171,0,0,0.01594066,0,0
15148,48,172,0,0,0.03890726,0,0
15149,48,173,0,0,0.00967472,0,0
15150,48,174,0,0,0.02139688,0,0
15151,48,175,0,0,0.02191377,0,0
15152,48,176,0,0,0.06514494,1,32
15153,48,177,0,0,0.02508167,0,0
15154,48,178,0,0,0.02068044,0,0
15155,48,179,0,0,0.06169311,1,32
15156,48,180,0,0,0.01890802,0,0
15157,48,181,0,0,0.01457362,0,0
15158,48,182,0,0,0.01698177,0,0
15159,48,183,0,0,0.03647193,0,0
15160,48,184,0,0,0.01227413,0,0
15161,48,185,0,0,0.01569523,0,0
15162,48,186,0,0,0.04752770,1,32
15163,48,187,0,0,0.00882920,0,0
15164,48,188,0,0,0.02671519,0,0
15165,48,189,0,0,0.01538990,0,0
15166,48,190,0,0,0.02685091,0,0
15167,48,191,0,0,0.01550242,0,0
15168,48,192,0,0,0.02597409,0,0
15169,48,193,0,0,0.02240119,0,0
15170,48,194,0,0,0.00589851,0,0
15171,48,195,0,0,0.01903089,0,0
15172,48,196,0,0,0.02493482,0,0
15173,48,197,0,0,0.01455963,0,0
15174,48,198,0,0,0.02688688,0,0
15175,48,199,0,0,0.02584431,0,0
15176,48,200,0,0,0.00767431,0,0
15177,48,201,0,0,0.01212397,0,0
15178,48,202,0,0,0.01647200,0,0
15179,48,203,0,0,0.01888499,0,0
15180,48,204,0,0,0.04905634,1,31
15181,48,205,0,0,0.01969219,0,0
15182,48,206,0,0,0.01556232,0,0
15183,48,207,0,0,0.03528339,0,0
15184,48,208,0,0,0.02192782,0,0
15185,48,209,0,0,0.04111868,1,32
15186,48,210,0,0,0.01117988,0,0
15187,48,211,0,0,0.03084413,0,0
15188,48,212,0,0,0.02794889,0,0
15189,48,213,0,0,0.03172833,0,0
15190,48,214,0,0,0.01940340,0,0
15191,48,215,0,0,0.01937708,0,0
15192,48,216,0,0,0.00730199,0,0
15193,48,217,0,0,0.04232899,1,32
15194,48,218,0,0,0.04720267,1,32
15195,48,219,0,0,0.01267219,0,0
15196,48,220,0,0,0.02821063,0,0
15197,48,221,0,0,0.02736353,0,0
15198,48,222,0,0,0.02248211,0,0
15199,48,223,0,0,0.05997323,1,32
15200,48,224,0,0,0.05015863,1,32
15201,48,225,0,0,0.01552232,0,0
15202,48,226,0,0,0.04690973,1,32
15203,48,227,0,0,0.03248198,0,0
15204,48,228,0,0,0.04086696,1,32
15205,48,229,0,0,0.01856742,0,0
15206,48,230,0,0,0.01125282,0,0
15207,48,231,0,0,0.04369055,1,32
15208,48,232,0,0,0.02003061,0,0
15209,48,233,0,0,0.02850605,0,0
15210,48,234,0,0,0.04509579,1,31
15211,48,235,0,0,0.03620677,0,0
15212,48,236,0,0,0.02099659,0,0
15213,48,237,0,0,0.01376171,0,0
15214,48,238,0,0,0.04867644,1,32
15215,48,239,0,0,0.04128403,1,32
15216,48,240,0,0,0.02088168,0,0
15217,48,241,0,0,0.03343808,0,0
15218,48,242,0,0,0.05431693,1,32
15219,48,243,0,0,0.02208074,0,0
15220,48,244,0,0,0.05629763,1,32
15221,48,245,0,0,0.02489936,0,0
15222,48,246,0,0,0.05025699,1,32
15223,48,247,0,0,0.02047409,0,0
15224,48,248,0,0,0.04251974,1,32
15225,48,249,0,0,0.03602847,0,0
15226,48,250,0,0,0.04168407,1,32
15227,48,251,0,0,0.04515734,1,31
15228,48,252,0,0,0.01387904,0,0
15229,48,253,0,0,0.00669133,0,0
15230,48,254,0,0,0.03054634,0,0
15231,48,255,0,0,0.03232656,0,0
15232,48,256,0,0,0.01442412,0,0
15233,48,257,0,0,0.06937680,1,32
15234,48,258,0,0,0.02788812,0,0
15235,48,259,0,0,0.01667167,0,0
15236,48,260,0,0,0.08970104,1,32
15237,48,261,0,0,0.02360300,0,0
15238,48,262,0,0,0.01286394,0,0
15239,48,263,0,0,0.02670046,0,0
15240,48,264,0,0,0.02810841,0,0
15241,48,265,0,0,0.02520773,0,0
15242,48,266,0,0,0.02591788,0,0
15243,48,267,0,0,0.00436430,0,0
15244,48,268,0,0,0.02691018,0,0
15245,48,269,0,0,0.02117881,0,0
15246,48,270,0,0,0.01985999,0,0
15247,48,271,0,0,0.05542807,1,32
15248,48,272,0,0,0.02203154,0,0
15249,48,273,0,0,0.01060580,0,0
15250,48,274,0,0,0.06286365,1,32
15251,48,275,0,0,0.05379726,1,32
15252,48,276,0,0,0.03991785,0,0
15253,48,277,0,0,0.02155029,0,0
15254,48,278,0,0,0.01649433,0,0
15255,48,279,0,0,0.01995876,0,0
15256,48,280,0,0,0.02153726,0,0
15257,48,281,0,0,0.04176967,1,32
15258,48,282,0,0,0.02211007,0,0
15259,48,283,0,0,0.01673016,0,0
15260,48,284,0,0,0.04635403,1,32
15261,48,285,0,0,0.01395971,0,0
15262,48,286,0,0,0.02567807,0,0
15263,48,287,0,0,0.05409070,1,32
15264,48,288,0,0,0.05104338,1,32
15265,48,289,0,0,0.03300130,0,0
15266,48,290,0,0,0.02499122,0,0
15267,48,291,0,0,0.05617893,1,32
15268,48,292,0,0,0.00882312,0,0
15269,48,293,0,0,0.02090092,0,0
15270,48,294,0,0,0.01907102,0,0
15271,48,295,0,0,0.01270154,0,0
15272,48,296,0,0,0.03744321,0,0
15273,48,297,0,0,0.02120994,0,0
15274,48,298,0,0,0.02297310,0,0
15275,48,299,0,0,0.03010069,0,0
15276,48,300,0,0,0.03215837,0,0
15277,48,301,0,0,0.02141874,0,0
15278,48,302,0,0,0.03009261,0,0
15279,48,303,0,0,0.06088917,1,32
15280,48,304,0,0,0.02068699,0,0
15281,48,305,0,0,0.01882421,0,0
15282,48,306,0,0,0.01167323,0,0
15283,48,307,0,0,0.01601000,0,0
15284,48,308,0,0,0.03772381,0,0
15285,48,309,0,0,0.01557406,0,0
15286,48,310,0,0,0.03264926,0,0
15287,48,311,0,0,0.00927019,0,0
15288,49,0,1,0,0.02761871,0,0
15289,49,1,0,0,0.03489898,0,0
15290,49,2,0,0,0.04347689,1,32
15291,49,3,0,0,0.02394875,0,0
15292,49,4,0,0,0.00812623,0,0
15293,49,5,0,0,0.02143578,0,0
15294,49,6,0,0,0.02505538,0,0
15295,49,7,0,0,0.00726055,0,0
15296,49,8,0,0,0.05403379,1,32
15297,49,9,0,0,0.00799236,0,0
15298,49,10,0,0,0.04100065,1,32
15299,49,11,0,0,0.01157826,0,0
15300,49,12,0,0,0.01903354,0,0
15301,49,13,0,0,0.04382158,1,32
15302,49,14,0,0,0.03245261,0,0
15303,49,15,0,0,0.02207793,0,0
15304,49,16,0,0,0.02618001,0,0
15305,49,17,0,0,0.02138684,0,0
15306,49,18,0,0,0.02509725,0,0
15307,49,19,0,0,0.01616781,0,0
15308,49,20,0,0,0.01182189,0,0
15309,49,21,0,0,0.00907299,0,0
15310,49,22,0,0,0.01411409,0,0
15311,49,23,0,0,0.00809693,0,0
15312,49,24,0,0,0.05351358,1,31
15313,49,25,0,0,0.02538386,0,0
15314,49,26,0,0,0.03611257,0,0
15315,49,27,0,0,0.01990214,0,0
15316,49,28,0,0,0.00854675,0,0
15317,49,29,0,0,0.02276614,0,0
15318,49,30,0,0,0.01628213,0,0
15319,49,31,0,0,0.00595091,0,0
15320,49,32,0,0,0.02577483,0,0
15321,49,33,0,0,0.04535320,1,32
15322,49,34,0,0,0.02321327,0,0
15323,49,35,0,0,0.02346444,0,0
15324,49,36,0,0,0.02667293,0,0
15325,49,37,0,0,0.02553465,0,0
15326,49,38,0,0,0.03574033,0,0
15327,49,39,0,0,0.04538597,1,32
15328,49,40,0,0,0.01895660,0,0
15329,49,41,0,0,0.03166529,0,0
15330,49,42,0,0,0.05157879,1,32
15331,49,43,0,0,0.01470665,0,0
15332,49,44,0,0,0.01096465,0,0
15333,49,45,0,0,0.02734731,0,0
15334,49,46,0,0,0.05206827,1,32
15335,49,47,0,0,0.01562062,0,0
15336,49,48,0,0,0.12392430,1,16
15337,49,49,0,0,0.02210034,0,0
15338,49,50,0,0,0.02686314,0,0
15339,49,51,0,0,0.01202845,0,0
15340,49,52,0,0,0.03535166,0,0
15341,49,53,0,0,0.00379821,0,0
15342,49,54,0,0,0.01974221,0,0
15343,49,55,0,0,0.01921671,0,0
15344,49,56,0,0,0.02049359,0,0
15345,49,57,0,0,0.00806127,0,0
15346,49,58,0,0,0.02167866,0,0
15347,49,59,0,0,0.00463589,0,0
15348,49,60,0,0,0.01025449,0,0
15349,49,61,0,0,0.02055095,0,0
15350,49,62,0,0,0.00923445,0,0
15351,49,63,0,0,0.01623725,0,0
15352,49,64,0,0,0.01988019,0,0
15353,49,65,0,0,0.01465835,0,0
15354,49,66,0,0,0.02166474,0,0
15355,49,67,0,0,0.00722362,0,0
15356,49,68,0,0,0.01200283,0,0
15357,49,69,0,0,0.00917866,0,0
15358,49,70,0,0,0.01565903,0,0
15359,49,71,0,0,0.01629054,0,0
15360,49,72,0,0,0.02660557,0,0
15361,49,73,0,0,0.01533601,0,0
15362,49,74,0,0,0.02357056,0,0
15363,49,75,0,0,0.00880799,0,0
15364,49,76,0,0,0.04054716,1,32
15365,49,77,0,0,0.01011581,0,0
15366,49,78,0,0,0.04548984,1,31
15367,49,79,0,0,0.02935501,0,0
15368,49,80,0,0,0.04972626,1,32
15369,49,81,0,0,0.02235815,0,0
15370,49,82,0,0,0.01141049,0,0
15371,49,83,0,0,0.00836960,0,0
15372,49,84,0,0,0.01980965,0,0
15373,49,85,0,0,0.01886780,0,0
15374,49,86,0,0,0.02120209,0,0
15375,49,87,0,0,0.03339317,0,0
15376,49,88,0,0,0.04862557,1,31
15377,49,89,0,0,0.00781187,0,0
15378,49,90,0,0,0.03880556,0,0
15379,49,91,0,0,0.03323516,0,0
15380,49,92,0,0,0.00437490,0,0
15381,49,93,0,0,0.01805784,0,0
15382,49,94,0,0,0.02242712,0,0
15383,49,95,0,0,0.04977695,1,30
15384,49,96,0,0,0.01044753,0,0
15385,49,97,0,0,0.01220613,0,0
15386,49,98,0,0,0.02201698,0,0
15387,49,99,0,0,0.01063818,0,0
15388,49,100,0,0,0.02899119,0,0
15389,49,101,0,0,0.05225496,1,32
15390,49,102,0,0,0.01419396,0,0
15391,49,103,0,0,0.00310873,0,0
15392,49,104,0,0,0.03550866,0,0
15393,49,105,0,0,0.01502168,0,0
15394,49,106,0,0,0.00748980,0,0
15395,49,107,0,0,0.00563304,0,0
15396,49,108,0,0,0.01148108,0,0
15397,49,109,0,0,0.02263371,0,0
15398,49,110,0,0,0.01868578,0,0
15399,49,111,0,0,0.00881373,0,0
15400,49,112,0,0,0.02035590,0,0
15401,49,113,0,0,0.00886270,0,0
15402,49,114,0,0,0.01463998,0,0
15403,49,115,0,0,0.01438250,0,0
15404,49,116,0,0,0.03293467,0,0
15405,49,117,0,0,0.01987386,0,0
15406,49,118,0,0,0.02751035,0,0
15407,49,119,0,0,0.01693316,0,0
15408,49,120,0,0,0.01656581,0,0
15409,49,121,0,0,0.01585443,0,0
15410,49,122,0,0,0.00208287,0,0
15411,49,123,0,0,0.01765118,0,0
15412,49,124,0,0,0.02090262,0,0
15413,49,125,0,0,0.01768851,0,0
15414,49,126,0,0,0.01197395,0,0
15415,49,127,0,0,0.02113802,0,0
15416,49,128,0,0,0.03614782,0,0
15417,49,129,0,0,0.00731312,0,0
15418,49,130,0,0,0.01873516,0,0
15419,49,131,0,0,0.03788888,0,0
15420,49,132,0,0,0.01962874,0,0
15421,49,133,0,0,0.01794205,0,0
15422,49,134,0,0,0.00828324,0,0
15423,49,135,0,0,0.02714008,0,0
15424,49,136,0,0,0.02007791,0,0
15425,49,137,0,0,0.00987361,0,0
15426,49,138,0,0,0.04986963,1,32
15427,49,139,0,0,0.01398820,0,0
15428,49,140,0,0,0.02354391,0,0
15429,49,141,0,0,0.03247182,0,0
15430,49,142,0,0,0.02336235,0,0
15431,49,143,0,0,0.00945343,0,0
15432,49,144,0,0,0.00732018,0,0
15433,49,145,0,0,0.02372909,0,0
15434,49,146,0,0,0.01182955,0,0
15435,49,147,0,0,0.01399300,0,0
15436,49,148,0,0,0.01134921,0,0
15437,49,149,0,0,0.00982971,0,0
15438,49,150,0,0,0.02245735,0,0
15439,49,151,0,0,0.00853201,0,0
15440,49,152,0,0,0.03613837,0,0
15441,49,153,0,0,0.01401917,0,0
15442,49,154,0,0,0.00457615,0,0
15443,49,155,0,0,0.02454896,0,0
15444,49,156,0,0,0.01372768,0,0
15445,49,157,0,0,0.01011321,0,0
15446,49,158,0,0,0.01833088,0,0
15447,49,159,0,0,0.01847102,0,0
15448,49,160,0,0,0.02874258,0,0
15449,49,161,0,0,0.01847850,0,0
15450,49,162,0,0,0.01071527,0,0
15451,49,163,0,0,0.02043455,0,0
15452,49,164,0,0,0.00907069,0,0
15453,49,165,0,0,0.00948441,0,0
15454,49,166,0,0,0.04861630,1,31
15455,49,167,0,0,0.01299666,0,0
15456,49,168,0,0,0.01470675,0,0
15457,49,169,0,0,0.02126694,0,0
15458,49,170,0,0,0.00856312,0,0
15459,49,171,0,0,0.04215010,1,32
15460,49,172,0,0,0.01993333,0,0
15461,49,173,0,0,0.03254299,0,0
15462,49,174,0,0,0.00963021,0,0
15463,49,175,0,0,0.01842652,0,0
15464,49,176,0,0,0.02534523,0,0
15465,49,177,0,0,0.01066305,0,0
15466,49,178,0,0,0.01486789,0,0
15467,49,179,0,0,0.02370509,0,0
15468,49,180,0,0,0.02816620,0,0
15469,49,181,0,0,0.02059770,0,0
15470,49,182,0,0,0.00406398,0,0
15471,49,183,0,0,0.01452310,0,0
15472,49,184,0,0,0.00883952,0,0
15473,49,185,0,0,0.01218148,0,0
15474,49,186,0,0,0.01339795,0,0
15475,49,187,0,0,0.02982477,0,0
15476,49,188,0,0,0.01886305,0,0
15477,49,189,0,0,0.01452720,0,0
15478,49,190,0,0,0.01335837,0,0
15479,49,191,0,0,0.02357263,0,0
15480,49,192,0,0,0.02032547,0,0
15481,49,193,0,0,0.02042173,0,0
15482,49,194,0,0,0.05224642,1,31
15483,49,195,0,0,0.01644662,0,0
15484,49,196,0,0,0.01287865,0,0
15485,49,197,0,0,0.04010965,1,31
15486,49,198,0,0,0.01878940,0,0
15487,49,199,0,0,0.07019833,1,32
15488,49,200,0,0,0.00791266,0,0
15489,49,201,0,0,0.02306179,0,0
15490,49,202,0,0,0.01305135,0,0
15491,49,203,0,0,0.00603491,0,0
15492,49,204,0,0,0.01861923,0,0
15493,49,205,0,0,0.01559028,0,0
15494,49,206,0,0,0.00911193,0,0
15495,49,207,0,0,0.01989350,0,0
15496,49,208,0,0,0.00973642,0,0
15497,49,209,0,0,0.02673764,0,0
15498,49,210,0,0,0.02612180,0,0
15499,49,211,0,0,0.01572611,0,0
15500,49,212,0,0,0.01866343,0,0
15501,49,213,0,0,0.01207199,0,0
15502,49,214,0,0,0.02026217,0,0
15503,49,215,0,0,0.01291078,0,0
15504,49,216,0,0,0.02071074,0,0
15505,49,217,0,0,0.02742240,0,0
15506,49,218,0,0,0.03907793,0,0
15507,49,219,0,0,0.00295345,0,0
15508,49,220,0,0,0.00699317,0,0
15509,49,221,0,0,0.02485961,0,0
15510,49,222,0,0,0.01700618,0,0
15511,49,223,0,0,0.01310361,0,0
15512,49,224,0,0,0.01704057,0,0
15513,49,225,0,0,0.02550026,0,0
15514,49,226,0,0,0.01363590,0,0
15515,49,227,0,0,0.01139294,0,0
15516,49,228,0,0,0.01144964,0,0
15517,49,229,0,0,0.00825837,0,0
15518,49,230,0,0,0.01707423,0,0
15519,49,231,0,0,0.00893920,0,0
15520,49,232,0,0,0.03298199,0,0
15521,49,233,0,0,0.03649621,0,0
15522,49,234,0,0,0.01020546,0,0
15523,49,235,0,0,0.01997032,0,0
15524,49,236,0,0,0.01369513,0,0
15525,49,237,0,0,0.01341475,0,0
15526,49,238,0,0,0.03260561,0,0
15527,49,239,0,0,0.01485847,0,0
15528,49,240,0,0,0.03187174,0,0
15529,49,241,0,0,0.01910654,0,0
15530,49,242,0,0,0.01985882,0,0
15531,49,243,0,0,0.02472279,0,0
15532,49,244,0,0,0.03419487,0,0
15533,49,245,0,0,0.02680421,0,0
15534,49,246,0,0,0.02635180,0,0
15535,49,247,0,0,0.03616117,0,0
15536,49,248,0,0,0.03489462,0,0
15537,49,249,0,0,0.01584000,0,0
15538,49,250,0,0,0.03334286,0,0
15539,49,251,0,0,0.00657291,0,0
15540,49,252,0,0,0.03638648,0,0
15541,49,253,0,0,0.01396830,0,0
15542,49,254,0,0,0.01129444,0,0
15543,49,255,0,0,0.00755271,0,0
15544,49,256,0,0,0.03202870,0,0
15545,49,257,0,0,0.01139154,0,0
15546,49,258,0,0,0.04477145,1,32
15547,49,259,0,0,0.01042428,0,0
15548,49,260,0,0,0.01257784,0,0
15549,49,261,0,0,0.03656223,0,0
15550,49,262,0,0,0.01093178,0,0
15551,49,263,0,0,0.01108653,0,0
15552,49,264,0,0,0.01713327,0,0
15553,49,265,0,0,0.01389804,0,0
15554,49,266,0,0,0.01077287,0,0
15555,49,267,0,0,0.00702407,0,0
15556,49,268,0,0,0.01052159,0,0
15557,49,269,0,0,0.00736314,0,0
15558,49,270,0,0,0.00915305,0,0
15559,49,271,0,0,0.00907030,0,0
15560,49,272,0,0,0.03010871,0,0
15561,49,273,0,0,0.03032387,0,0
15562,49,274,0,0,0.00833520,0,0
15563,49,275,0,0,0.02750263,0,0
15564,49,276,0,0,0.01641884,0,0
15565,49,277,0,0,0.01972202,0,0
15566,49,278,0,0,0.01471001,0,0
15567,49,279,0,0,0.01861604,0,0
15568,49,280,0,0,0.01757172,0,0
15569,49,281,0,0,0.03008118,0,0
15570,49,282,0,0,0.01587487,0,0
15571,49,283,0,0,0.00892938,0,0
15572,49,284,0,0,0.02084410,0,0
15573,49,285,0,0,0.03846832,0,0
15574,49,286,0,0,0.01088376,0,0
15575,49,287,0,0,0.01611421,0,0
15576,49,288,0,0,0.01525107,0,0
15577,49,289,0,0,0.02471488,0,0
15578,49,290,0,0,0.02754481,0,0
15579,49,291,0,0,0.01333861,0,0
15580,49,292,0,0,0.03144619,0,0
15581,49,293,0,0,0.00418716,0,0
15582,49,294,0,0,0.00762600,0,0
15583,49,295,0,0,0.01775464,0,0
15584,49,296,0,0,0.00791058,0,0
15585,49,297,0,0,0.00612281,0,0
15586,49,298,0,0,0.01091056,0,0
15587,49,299,0,0,0.02660056,0,0
15588,49,300,0,0,0.02014176,0,0
15589,49,301,0,0,0.01501581,0,0
15590,49,302,0,0,0.02775146,0,0
15591,49,303,0,0,0.01973489,0,0
15592,49,304,0,0,0.01844294,0,0
15593,49,305,0,0,0.01328349,0,0
15594,49,306,0,0,0.01358034,0,0
15595,49,307,0,0,0.00821400,0,0
15596,49,308,0,0,0.02722677,0,0
15597,49,309,0,0,0.02907343,0,0
15598,49,310,0,0,0.02034644,0,0
15599,49,311,0,0,0.00533282,0,0
15600,50,0,1,0,0.01097235,0,0
15601,50,1,0,0,0.01338113,0,0
15602,50,2,0,0,0.03113715,0,0
15603,50,3,0,0,0.05823911,1,32
15604,50,4,0,0,0.01142243,0,0
15605,50,5,0,0,0.01034322,0,0
15606,50,6,0,0,0.01326568,0,0
15607,50,7,0,0,0.03039178,0,0
15608,50,8,0,0,0.00802642,0,0
15609,50,9,0,0,0.02111377,0,0
15610,50,10,0,0,0.01522328,0,0
15611,50,11,0,0,0.01931141,0,0
15612,50,12,0,0,0.03407069,0,0
15613,50,13,0,0,0.02983096,0,0
15614,50,14,0,0,0.03791035,0,0
15615,50,15,0,0,0.01074777,0,0
15616,50,16,0,0,0.02365728,0,0
15617,50,17,0,0,0.01559811,0,0
15618,50,18,0,0,0.02152700,0,0
15619,50,19,0,0,0.01733800,0,0
15620,50,20,0,0,0.01724142,0,0
15621,50,21,0,0,0.01979241,0,0
15622,50,22,0,0,0.01554487,0,0
15623,50,23,0,0,0.01318275,0,0
15624,50,24,0,0,0.00735141,0,0
15625,50,25,0,0,0.01804847,0,0
15626,50,26,0,0,0.01507704,0,0
15627,50,27,0,0,0.01569955,0,0
15628,50,28,0,0,0.03639749,0,0
15629,50,29,0,0,0.00916207,0,0
15630,50,30,0,0,0.00807917,0,0
15631,50,31,0,0,0.01349036,0,0
15632,50,32,0,0,0.00635383,0,0
15633,50,33,0,0,0.01384659,0,0
15634,50,34,0,0,0.02786641,0,0
15635,50,35,0,0,0.00718896,0,0
15636,50,36,0,0,0.01983542,0,0
15637,50,37,0,0,0.03497471,0,0
15638,50,38,0,0,0.00499870,0,0
15639,50,39,0,0,0.00724864,0,0
15640,50,40,0,0,0.02917824,0,0
15641,50,41,0,0,0.01462755,0,0
15642,50,42,0,0,0.01715394,0,0
15643,50,43,0,0,0.02149699,0,0
15644,50,44,0,0,0.01541432,0,0
15645,50,45,0,0,0.01323900,0,0
15646,50,46,0,0,0.00254802,0,0
15647,50,47,0,0,0.01084363,0,0
15648,50,48,0,0,0.01566990,0,0
15649,50,49,0,0,0.07729678,1,14
15650,50,50,0,0,0.01717073,0,0
15651,50,51,0,0,0.01158021,0,0
15652,50,52,0,0,0.02218507,0,0
15653,50,53,0,0,0.04020219,1,32
15654,50,54,0,0,0.01283451,0,0
15655,50,55,0,0,0.02158290,0,0
15656,50,56,0,0,0.02345074,0,0
15657,50,57,0,0,0.04172199,1,32
15658,50,58,0,0,0.01913340,0,0
15659,50,59,0,0,0.01934333,0,0
15660,50,60,0,0,0.02117350,0,0
15661,50,61,0,0,0.00689945,0,0
15662,50,62,0,0,0.00847460,0,0
15663,50,63,0,0,0.03147412,0,0
15664,50,64,0,0,0.02886043,0,0
15665,50,65,0,0,0.01283068,0,0
15666,50,66,0,0,0.01932539,0,0
15667,50,67,0,0,0.02384626,0,0
15668,50,68,0,0,0.01232280,0,0
15669,50,69,0,0,0.02445673,0,0
15670,50,70,0,0,0.02527599,0,0
15671,50,71,0,0,0.02572228,0,0
15672,50,72,0,0,0.02780323,0,0
15673,50,73,0,0,0.05248462,1,32
15674,50,74,0,0,0.01239482,0,0
15675,50,75,0,0,0.02711788,0,0
15676,50,76,0,0,0.01895903,0,0
15677,50,77,0,0,0.05359530,1,32
15678,50,78,0,0,0.02285079,0,0
15679,50,79,0,0,0.01256711,0,0
15680,50,80,0,0,0.02714743,0,0
15681,50,81,0,0,0.07315256,1,32
15682,50,82,0,0,0.04936676,1,31
15683,50,83,0,0,0.01648317,0,0
15684,50,84,0,0,0.01151012,0,0
15685,50,85,0,0,0.01062533,0,0
15686,50,86,0,0,0.01871182,0,0
15687,50,87,0,0,0.03164198,0,0
15688,50,88,0,0,0.04215214,1,32
15689,50,89,0,0,0.02331173,0,0
15690,50,90,0,0,0.02228270,0,0
15691,50,91,0,0,0.03357318,0,0
15692,50,92,0,0,0.07225703,1,32
15693,50,93,0,0,0.00749828,0,0
15694,50,94,0,0,0.03637475,0,0
15695,50,95,0,0,0.01382678,0,0
15696,50,96,0,0,0.03931969,0,0
15697,50,97,0,0,0.05694431,1,31
15698,50,98,0,0,0.02007651,0,0
15699,50,99,0,0,0.03799566,0,0
15700,50,100,0,0,0.03389098,0,0
15701,50,101,0,0,0.02514607,0,0
15702,50,102,0,0,0.04210313,1,31
15703,50,103,0,0,0.02859461,0,0
15704,50,104,0,0,0.01336366,0,0
15705,50,105,0,0,0.02757924,0,0
15706,50,106,0,0,0.01419918,0,0
15707,50,107,0,0,0.01558556,0,0
15708,50,108,0,0,0.04046460,1,32
15709,50,109,0,0,0.01871253,0,0
15710,50,110,0,0,0.00575087,0,0
15711,50,111,0,0,0.01893192,0,0
15712,50,112,0,0,0.01856407,0,0
15713,50,113,0,0,0.02035265,0,0
15714,50,114,0,0,0.01666857,0,0
15715,50,115,0,0,0.03658272,0,0
15716,50,116,0,0,0.02315669,0,0
15717,50,117,0,0,0.04497612,1,32
15718,50,118,0,0,0.05068057,1,32
15719,50,119,0,0,0.04731323,1,32
15720,50,120,0,0,0.01232162,0,0
15721,50,121,0,0,0.01064952,0,0
15722,50,122,0,0,0.01457480,0,0
15723,50,123,0,0,0.00801586,0,0
15724,50,124,0,0,0.02842705,0,0
15725,50,125,0,0,0.02301365,0,0
15726,50,126,0,0,0.02291208,0,0
15727,50,127,0,0,0.04165208,1,32
15728,50,128,0,0,0.03064385,0,0
15729,50,129,0,0,0.00806117,0,0
15730,50,130,0,0,0.04046198,1,32
15731,50,131,0,0,0.02158666,0,0
15732,50,132,0,0,0.04768925,1,31
15733,50,133,0,0,0.04153744,1,32
15734,50,134,0,0,0.01630932,0,0
15735,50,135,0,0,0.02686787,0,0
15736,50,136,0,0,0.03312327,0,0
15737,50,137,0,0,0.00684816,0,0
15738,50,138,0,0,0.00730537,0,0
15739,50,139,0,0,0.02840296,0,0
15740,50,140,0,0,0.00972401,0,0
15741,50,141,0,0,0.01768118,0,0
15742,50,142,0,0,0.06876208,1,32
15743,50,143,0,0,0.03595011,0,0
15744,50,144,0,0,0.03172262,0,0
15745,50,145,0,0,0.02383862,0,0
15746,50,146,0,0,0.01308166,0,0
15747,50,147,0,0,0.01504847,0,0
15748,50,148,0,0,0.03931981,0,0
15749,50,149,0,0,0.00645012,0,0
15750,50,150,0,0,0.01935540,0,0
15751,50,151,0,0,0.01912188,0,0
15752,50,152,0,0,0.02876949,0,0
15753,50,153,0,0,0.05702963,1,32
15754,50,154,0,0,0.01074869,0,0
15755,50,155,0,0,0.02464570,0,0
15756,50,156,0,0,0.00756551,0,0
15757,50,157,0,0,0.04015550,1,32
15758,50,158,0,0,0.01678514,0,0
15759,50,159,0,0,0.01652898,0,0
15760,50,160,0,0,0.05601989,1,32
15761,50,161,0,0,0.02462826,0,0
15762,50,162,0,0,0.03266425,0,0
15763,50,163,0,0,0.03331952,0,0
15764,50,164,0,0,0.00913252,0,0
15765,50,165,0,0,0.01229359,0,0
15766,50,166,0,0,0.01625406,0,0
15767,50,167,0,0,0.01423001,0,0
15768,50,168,0,0,0.01276159,0,0
15769,50,169,0,0,0.02189427,0,0
15770,50,170,0,0,0.02631466,0,0
15771,50,171,0,0,0.03087740,0,0
15772,50,172,0,0,0.01186419,0,0
15773,50,173,0,0,0.01439201,0,0
15774,50,174,0,0,0.01834231,0,0
15775,50,175,0,0,0.01287563,0,0
15776,50,176,0,0,0.08735645,1,32
15777,50,177,0,0,0.03231901,0,0
15778,50,178,0,0,0.03555681,0,0
15779,50,179,0,0,0.02254958,0,0
15780,50,180,0,0,0.02065863,0,0
15781,50,181,0,0,0.09139986,1,32
15782,50,182,0,0,0.02722698,0,0
15783,50,183,0,0,0.01553497,0,0
15784,50,184,0,0,0.01476188,0,0
15785,50,185,0,0,0.01335159,0,0
15786,50,186,0,0,0.02539855,0,0
15787,50,187,0,0,0.01561429,0,0
15788,50,188,0,0,0.03805044,0,0
15789,50,189,0,0,0.00637181,0,0
15790,50,190,0,0,0.01899401,0,0
15791,50,191,0,0,0.01260083,0,0
15792,50,192,0,0,0.01851891,0,0
15793,50,193,0,0,0.01874606,0,0
15794,50,194,0,0,0.02138308,0,0
15795,50,195,0,0,0.02858588,0,0
15796,50,196,0,0,0.00888658,0,0
15797,50,197,0,0,0.01663737,0,0
15798,50,198,0,0,0.03662791,0,0
15799,50,199,0,0,0.01539537,0,0
15800,50,200,0,0,0.02435918,0,0
15801,50,201,0,0,0.01819131,0,0
15802,50,202,0,0,0.00843531,0,0
15803,50,203,0,0,0.02727736,0,0
15804,50,204,0,0,0.01670292,0,0
15805,50,205,0,0,0.00826520,0,0
15806,50,206,0,0,0.01586916,0,0
15807,50,207,0,0,0.01575600,0,0
15808,50,208,0,0,0.00710924,0,0
15809,50,209,0,0,0.01963487,0,0
15810,50,210,0,0,0.01360467,0,0
15811,50,211,0,0,0.04318224,1,32
15812,50,212,0,0,0.01212195,0,0
15813,50,213,0,0,0.06089729,1,32
15814,50,214,0,0,0.01910412,0,0
15815,50,215,0,0,0.03992380,0,0
15816,50,216,0,0,0.00980224,0,0
15817,50,217,0,0,0.02775561,0,0
15818,50,218,0,0,0.02073618,0,0
15819,50,219,0,0,0.03642082,0,0
15820,50,220,0,0,0.01364767,0,0
15821,50,221,0,0,0.01545366,0,0
15822,50,222,0,0,0.03439634,0,0
15823,50,223,0,0,0.03001551,0,0
15824,50,224,0,0,0.01895253,0,0
15825,50,225,0,0,0.05014975,1,32
15826,50,226,0,0,0.05342800,1,32
15827,50,227,0,0,0.01007102,0,0
15828,50,228,0,0,0.04259902,1,31
15829,50,229,0,0,0.02054878,0,0
15830,50,230,0,0,0.04391101,1,32
15831,50,231,0,0,0.02714808,0,0
15832,50,232,0,0,0.01694674,0,0
15833,50,233,0,0,0.01836940,0,0
15834,50,234,0,0,0.01778027,0,0
15835,50,235,0,0,0.02676716,0,0
15836,50,236,0,0,0.02763109,0,0
15837,50,237,0,0,0.02972385,0,0
15838,50,238,0,0,0.00868451,0,0
15839,50,239,0,0,0.01452211,0,0
15840,50,240,0,0,0.04947446,1,32
15841,50,241,0,0,0.02504006,0,0
15842,50,242,0,0,0.02622329,0,0
15843,50,243,0,0,0.02651350,0,0
15844,50,244,0,0,0.03997239,0,0
15845,50,245,0,0,0.03619621,0,0
15846,50,246,0,0,0.05608204,1,32
15847,50,247,0,0,0.04006300,1,32
15848,50,248,0,0,0.04467166,1,30
15849,50,249,0,0,0.04985204,1,32
15850,50,250,0,0,0.04684824,1,32
15851,50,251,0,0,0.03028323,0,0
15852,50,252,0,0,0.03985534,0,0
15853,50,253,0,0,0.05268355,1,32
15854,50,254,0,0,0.00466707,0,0
15855,50,255,0,0,0.01086950,0,0
15856,50,256,0,0,0.00960615,0,0
15857,50,257,0,0,0.01964198,0,0
15858,50,258,0,0,0.01779044,0,0
15859,50,259,0,0,0.05539538,1,32
15860,50,260,0,0,0.02655846,0,0
15861,50,261,0,0,0.02100937,0,0
15862,50,262,0,0,0.05400675,1,32
15863,50,263,0,0,0.03531483,0,0
15864,50,264,0,0,0.01812904,0,0
15865,50,265,0,0,0.01678786,0,0
15866,50,266,0,0,0.01504881,0,0
15867,50,267,0,0,0.03054272,0,0
15868,50,268,0,0,0.02127969,0,0
15869,50,269,0,0,0.01155114,0,0
15870,50,270,0,0,0.01710856,0,0
15871,50,271,0,0,0.02393008,0,0
15872,50,272,0,0,0.02700300,0,0
15873,50,273,0,0,0.05788216,1,31
15874,50,274,0,0,0.03145915,0,0
15875,50,275,0,0,0.01503805,0,0
15876,50,276,0,0,0.03253040,0,0
15877,50,277,0,0,0.05043079,1,31
15878,50,278,0,0,0.02165438,0,0
15879,50,279,0,0,0.01865754,0,0
15880,50,280,0,0,0.01428406,0,0
15881,50,281,0,0,0.01978679,0,0
15882,50,282,0,0,0.02790317,0,0
15883,50,283,0,0,0.03459263,0,0
15884,50,284,0,0,0.03978181,0,0
15885,50,285,0,0,0.01487795,0,0
15886,50,286,0,0,0.04029644,1,32
15887,50,287,0,0,0.01402962,0,0
15888,50,288,0,0,0.03142571,0,0
15889,50,289,0,0,0.06801386,1,32
15890,50,290,0,0,0.04340714,1,32
15891,50,291,0,0,0.03307543,0,0
15892,50,292,0,0,0.01737454,0,0
15893,50,293,0,0,0.02483472,0,0
15894,50,294,0,0,0.02423932,0,0
15895,50,295,0,0,0.01605754,0,0
15896,50,296,0,0,0.03009566,0,0
15897,50,297,0,0,0.00812954,0,0
15898,50,298,0,0,0.02483254,0,0
15899,50,299,0,0,0.01969803,0,0
15900,50,300,0,0,0.01588693,0,0
15901,50,301,0,0,0.06140473,1,32
15902,50,302,0,0,0.02945732,0,0
15903,50,303,0,0,0.02392548,0,0
15904,50,304,0,0,0.02529522,0,0
15905,50,305,0,0,0.05926451,1,32
15906,50,306,0,0,0.01223072,0,0
15907,50,307,0,0,0.01435623,0,0
15908,50,308,0,0,0.00504091,0,0
15909,50,309,0,0,0.01405838,0,0
15910,50,310,0,0,0.02102152,0,0
15911,50,311,0,0,0.00651870,0,0
15912,51,0,1,0,0.03147006,0,0
15913,51,1,0,0,0.02387021,0,0
15914,51,2,0,0,0.01993009,0,0
15915,51,3,0,0,0.02382531,0,0
15916,51,4,0,0,0.05120399,1,32
15917,51,5,0,0,0.01446649,0,0
15918,51,6,0,0,0.02262068,0,0
15919,51,7,0,0,0.02364784,0,0
15920,51,8,0,0,0.02114719,0,0
15921,51,9,0,0,0.01079189,0,0
15922,51,10,0,0,0.05025527,1,32
15923,51,11,0,0,0.01217768,0,0
15924,51,12,0,0,0.03116249,0,0
15925,51,13,0,0,0.03750055,0,0
15926,51,14,0,0,0.02041132,0,0
15927,51,15,0,0,0.03814081,0,0
15928,51,16,0,0,0.02507320,0,0
15929,51,17,0,0,0.03201538,0,0
15930,51,18,0,0,0.02030974,0,0
15931,51,19,0,0,0.04147018,1,32
15932,51,20,0,0,0.02279340,0,0
15933,51,21,0,0,0.01100703,0,0
15934,51,22,0,0,0.01542863,0,0
15935,51,23,0,0,0.01398141,0,0
15936,51,24,0,0,0.01289162,0,0
15937,51,25,0,0,0.00840456,0,0
15938,51,26,0,0,0.03665222,0,0
15939,51,27,0,0,0.02646267,0,0
15940,51,28,0,0,0.03236153,0,0
15941,51,29,0,0,0.02503125,0,0
15942,51,30,0,0,0.01452833,0,0
15943,51,31,0,0,0.01654607,0,0
15944,51,32,0,0,0.01720332,0,0
15945,51,33,0,0,0.00606947,0,0
15946,51,34,0,0,0.02927862,0,0
15947,51,35,0,0,0.02436441,0,0
15948,51,36,0,0,0.01741569,0,0
15949,51,37,0,0,0.02348836,0,0
15950,51,38,0,0,0.02004093,0,0
15951,51,39,0,0,0.01245424,0,0
15952,51,40,0,0,0.00893855,0,0
15953,51,41,0,0,0.04317306,1,32
15954,51,42,0,0,0.00803927,0,0
15955,51,43,0,0,0.02340159,0,0
15956,51,44,0,0,0.03787574,0,0
15957,51,45,0,0,0.01860347,0,0
15958,51,46,0,0,0.02279876,0,0
15959,51,47,0,0,0.02883549,0,0
15960,51,48,0,0,0.04915352,1,32
15961,51,49,0,0,0.02615003,0,0
15962,51,50,0,0,0.05886426,1,16
15963,51,51,0,0,0.01952633,0,0
15964,51,52,0,0,0.02855104,0,0
15965,51,53,0,0,0.02258927,0,0
15966,51,54,0,0,0.04604821,1,32
15967,51,55,0,0,0.01659485,0,0
15968,51,56,0,0,0.00857771,0,0
15969,51,57,0,0,0.03488067,0,0
15970,51,58,0,0,0.02249468,0,0
15971,51,59,0,0,0.01371842,0,0
15972,51,60,0,0,0.03080216,0,0
15973,51,61,0,0,0.01355093,0,0
15974,51,62,0,0,0.01720922,0,0
15975,51,63,0,0,0.01293066,0,0
15976,51,64,0,0,0.02360146,0,0
15977,51,65,0,0,0.02882261,0,0
15978,51,66,0,0,0.03096183,0,0
15979,51,67,0,0,0.01520280,0,0
15980,51,68,0,0,0.02060452,0,0
15981,51,69,0,0,0.01418294,0,0
15982,51,70,0,0,0.02173022,0,0
15983,51,71,0,0,0.04561869,1,32
15984,51,72,0,0,0.01375886,0,0
15985,51,73,0,0,0.01911280,0,0
15986,51,74,0,0,0.06412096,1,31
15987,51,75,0,0,0.01682781,0,0
15988,51,76,0,0,0.03684989,0,0
15989,51,77,0,0,0.00962038,0,0
15990,51,78,0,0,0.05501729,1,32
15991,51,79,0,0,0.03520965,0,0
15992,51,80,0,0,0.01350340,0,0
15993,51,81,0,0,0.03662860,0,0
15994,51,82,0,0,0.04429238,1,32
15995,51,83,0,0,0.04391904,1,32
15996,51,84,0,0,0.02592243,0,0
15997,51,85,0,0,0.02135205,0,0
15998,51,86,0,0,0.00705579,0,0
15999,51,87,0,0,0.03263501,0,0
16000,51,88,0,0,0.01713439,0,0
16001,51,89,0,0,0.02049462,0,0
16002,51,90,0,0,0.04754549,1,32
16003,51,91,0,0,0.02419733,0,0
16004,51,92,0,0,0.02505710,0,0
16005,51,93,0,0,0.04911960,1,32
16006,51,94,0,0,0.01303541,0,0
16007,51,95,0,0,0.04628838,1,32
16008,51,96,0,0,0.01748225,0,0
16009,51,97,0,0,0.04241470,1,32
16010,51,98,0,0,0.02624189,0,0
16011,51,99,0,0,0.01868065,0,0
16012,51,100,0,0,0.04291781,1,32
16013,51,101,0,0,0.01280374,0,0
16014,51,102,0,0,0.03310521,0,0
16015,51,103,0,0,0.03224044,0,0
16016,51,104,0,0,0.02164783,0,0
16017,51,105,0,0,0.01886938,0,0
16018,51,106,0,0,0.01112379,0,0
16019,51,107,0,0,0.00971597,0,0
16020,51,108,0,0,0.01731804,0,0
16021,51,109,0,0,0.05835411,1,32
16022,51,110,0,0,0.03062267,0,0
16023,51,111,0,0,0.01023913,0,0
16024,51,112,0,0,0.02754076,0,0
16025,51,113,0,0,0.00828984,0,0
16026,51,114,0,0,0.03202909,0,0
16027,51,115,0,0,0.01868074,0,0
16028,51,116,0,0,0.03865505,0,0
16029,51,117,0,0,0.02168743,0,0
16030,51,118,0,0,0.03240499,0,0
16031,51,119,0,0,0.04573827,1,32
16032,51,120,0,0,0.04146283,1,32
16033,51,121,0,0,0.01731991,0,0
16034,51,122,0,0,0.00671442,0,0
16035,51,123,0,0,0.02259129,0,0
16036,51,124,0,0,0.01359411,0,0
16037,51,125,0,0,0.01626438,0,0
16038,51,126,0,0,0.03008951,0,0
16039,51,127,0,0,0.02068707,0,0
16040,51,128,0,0,0.05303295,1,32
16041,51,129,0,0,0.03079531,0,0
16042,51,130,0,0,0.01060384,0,0
16043,51,131,0,0,0.02875251,0,0
16044,51,132,0,0,0.01958063,0,0
16045,51,133,0,0,0.02326882,0,0
16046,51,134,0,0,0.04017811,1,32
16047,51,135,0,0,0.01648778,0,0
16048,51,136,0,0,0.02980246,0,0
16049,51,137,0,0,0.05767701,1,32
16050,51,138,0,0,0.00775094,0,0
16051,51,139,0,0,0.00932610,0,0
16052,51,140,0,0,0.01953619,0,0
16053,51,141,0,0,0.02023841,0,0
16054,51,142,0,0,0.02590761,0,0
16055,51,143,0,0,0.03032588,0,0
16056,51,144,0,0,0.06282173,1,32
16057,51,145,0,0,0.03887402,0,0
16058,51,146,0,0,0.01253630,0,0
16059,51,147,0,0,0.01070687,0,0
16060,51,148,0,0,0.02278945,0,0
16061,51,149,0,0,0.08015057,1,32
16062,51,150,0,0,0.01065073,0,0
16063,51,151,0,0,0.02115094,0,0
16064,51,152,0,0,0.02848738,0,0
16065,51,153,0,0,0.02934601,0,0
16066,51,154,0,0,0.03557102,0,0
16067,51,155,0,0,0.01173952,0,0
16068,51,156,0,0,0.03491752,0,0
16069,51,157,0,0,0.01045063,0,0
16070,51,158,0,0,0.04804081,1,32
16071,51,159,0,0,0.01611271,0,0
16072,51,160,0,0,0.03292825,0,0
16073,51,161,0,0,0.04133348,1,32
16074,51,162,0,0,0.02802416,0,0
16075,51,163,0,0,0.04688450,1,32
16076,51,164,0,0,0.06332460,1,32
16077,51,165,0,0,0.01123934,0,0
16078,51,166,0,0,0.02050399,0,0
16079,51,167,0,0,0.01181322,0,0
16080,51,168,0,0,0.01306546,0,0
16081,51,169,0,0,0.02219886,0,0
16082,51,170,0,0,0.04034768,1,32
16083,51,171,0,0,0.02755543,0,0
16084,51,172,0,0,0.02868044,0,0
16085,51,173,0,0,0.01754795,0,0
16086,51,174,0,0,0.01596275,0,0
16087,51,175,0,0,0.03253576,0,0
16088,51,176,0,0,0.00921926,0,0
16089,51,177,0,0,0.04712957,1,32
16090,51,178,0,0,0.02493274,0,0
16091,51,179,0,0,0.05248126,1,32
16092,51,180,0,0,0.02992734,0,0
16093,51,181,0,0,0.01978103,0,0
16094,51,182,0,0,0.06719667,1,32
16095,51,183,0,0,0.03021077,0,0
16096,51,184,0,0,0.01209348,0,0
16097,51,185,0,0,0.01796486,0,0
16098,51,186,0,0,0.03607600,0,0
16099,51,187,0,0,0.01212236,0,0
16100,51,188,0,0,0.01920355,0,0
16101,51,189,0,0,0.03870204,0,0
16102,51,190,0,0,0.00475530,0,0
16103,51,191,0,0,0.02746470,0,0
16104,51,192,0,0,0.00761541,0,0
16105,51,193,0,0,0.02255907,0,0
16106,51,194,0,0,0.01876329,0,0
16107,51,195,0,0,0.02095081,0,0
16108,51,196,0,0,0.02797054,0,0
16109,51,197,0,0,0.01099990,0,0
16110,51,198,0,0,0.02193824,0,0
16111,51,199,0,0,0.03186897,0,0
16112,51,200,0,0,0.01386031,0,0
16113,51,201,0,0,0.02089456,0,0
16114,51,202,0,0,0.02818957,0,0
16115,51,203,0,0,0.01054814,0,0
16116,51,204,0,0,0.01158798,0,0
16117,51,205,0,0,0.01810177,0,0
16118,51,206,0,0,0.03231471,0,0
16119,51,207,0,0,0.05736644,1,32
16120,51,208,0,0,0.01201751,0,0
16121,51,209,0,0,0.01329561,0,0
16122,51,210,0,0,0.04472684,1,32
16123,51,211,0,0,0.01693796,0,0
16124,51,212,0,0,0.04093874,1,32
16125,51,213,0,0,0.00776310,0,0
16126,51,214,0,0,0.02752015,0,0
16127,51,215,0,0,0.02558137,0,0
16128,51,216,0,0,0.02694043,0,0
16129,51,217,0,0,0.01893388,0,0
16130,51,218,0,0,0.02973508,0,0
16131,51,219,0,0,0.00654405,0,0
16132,51,220,0,0,0.04247510,1,32
16133,51,221,0,0,0.02023152,0,0
16134,51,222,0,0,0.01330546,0,0
16135,51,223,0,0,0.02259064,0,0
16136,51,224,0,0,0.02593117,0,0
16137,51,225,0,0,0.01068284,0,0
16138,51,226,0,0,0.04724682,1,32
16139,51,227,0,0,0.05194816,1,32
16140,51,228,0,0,0.01605738,0,0
16141,51,229,0,0,0.04161922,1,32
16142,51,230,0,0,0.02423808,0,0
16143,51,231,0,0,0.04083039,1,32
16144,51,232,0,0,0.01574439,0,0
16145,51,233,0,0,0.02049985,0,0
16146,51,234,0,0,0.04390091,1,32
16147,51,235,0,0,0.01285325,0,0
16148,51,236,0,0,0.02176857,0,0
16149,51,237,0,0,0.04749541,1,32
16150,51,238,0,0,0.03532273,0,0
16151,51,239,0,0,0.02024523,0,0
16152,51,240,0,0,0.02284466,0,0
16153,51,241,0,0,0.04004451,1,32
16154,51,242,0,0,0.03685906,0,0
16155,51,243,0,0,0.01794094,0,0
16156,51,244,0,0,0.02882550,0,0
16157,51,245,0,0,0.04393865,1,32
16158,51,246,0,0,0.03192806,0,0
16159,51,247,0,0,0.05548936,1,32
16160,51,248,0,0,0.02737653,0,0
16161,51,249,0,0,0.05013885,1,32
16162,51,250,0,0,0.02013059,0,0
16163,51,251,0,0,0.03803299,0,0
16164,51,252,0,0,0.03731996,0,0
16165,51,253,0,0,0.03869462,0,0
16166,51,254,0,0,0.05029102,1,32
16167,51,255,0,0,0.01770003,0,0
16168,51,256,0,0,0.00630252,0,0
16169,51,257,0,0,0.03049235,0,0
16170,51,258,0,0,0.02932324,0,0
16171,51,259,0,0,0.00741778,0,0
16172,51,260,0,0,0.07479110,1,32
16173,51,261,0,0,0.02273863,0,0
16174,51,262,0,0,0.02060035,0,0
16175,51,263,0,0,0.07764605,1,32
16176,51,264,0,0,0.03426044,0,0
16177,51,265,0,0,0.01298495,0,0
16178,51,266,0,0,0.02465757,0,0
16179,51,267,0,0,0.02814552,0,0
16180,51,268,0,0,0.03305295,0,0
16181,51,269,0,0,0.01072333,0,0
16182,51,270,0,0,0.01351351,0,0
16183,51,271,0,0,0.02551729,0,0
16184,51,272,0,0,0.02343689,0,0
16185,51,273,0,0,0.02414101,0,0
16186,51,274,0,0,0.06025494,1,32
16187,51,275,0,0,0.01872126,0,0
16188,51,276,0,0,0.01591852,0,0
16189,51,277,0,0,0.04799461,1,32
16190,51,278,0,0,0.03048423,0,0
16191,51,279,0,0,0.03123157,0,0
16192,51,280,0,0,0.02533861,0,0
16193,51,281,0,0,0.01817279,0,0
16194,51,282,0,0,0.02416002,0,0
16195,51,283,0,0,0.01993322,0,0
16196,51,284,0,0,0.04379730,1,32
16197,51,285,0,0,0.01875800,0,0
16198,51,286,0,0,0.01016796,0,0
16199,51,287,0,0,0.06241756,1,32
16200,51,288,0,0,0.01827403,0,0
16201,51,289,0,0,0.02275997,0,0
16202,51,290,0,0,0.02868881,0,0
16203,51,291,0,0,0.05011334,1,32
16204,51,292,0,0,0.03892284,0,0
16205,51,293,0,0,0.02173866,0,0
16206,51,294,0,0,0.05680779,1,32
16207,51,295,0,0,0.01335136,0,0
16208,51,296,0,0,0.01985335,0,0
16209,51,297,0,0,0.01809086,0,0
16210,51,298,0,0,0.01134332,0,0
16211,51,299,0,0,0.03625607,0,0
16212,51,300,0,0,0.02226802,0,0
16213,51,301,0,0,0.01475560,0,0
16214,51,302,0,0,0.05584287,1,32
16215,51,303,0,0,0.03972260,0,0
16216,51,304,0,0,0.01875851,0,0
16217,51,305,0,0,0.01901857,0,0
16218,51,306,0,0,0.07604641,1,32
16219,51,307,0,0,0.01755404,0,0
16220,51,308,0,0,0.01944554,0,0
16221,51,309,0,0,0.01542393,0,0
16222,51,310,0,0,0.01813075,0,0
16223,51,311,0,0,0.04535554,1,32
16224,52,0,1,0,0.01802563,0,0
16225,52,1,0,0,0.03378689,0,0
16226,52,2,0,0,0.02303554,0,0
16227,52,3,0,0,0.01504345,0,0
16228,52,4,0,0,0.04159572,1,32
16229,52,5,0,0,0.05016523,1,32
16230,52,6,0,0,0.01927551,0,0
16231,52,7,0,0,0.04158952,1,32
16232,52,8,0,0,0.02108542,0,0
16233,52,9,0,0,0.02625667,0,0
16234,52,10,0,0,0.00747857,0,0
16235,52,11,0,0,0.07147577,1,32
16236,52,12,0,0,0.01605669,0,0
16237,52,13,0,0,0.03866288,0,0
16238,52,14,0,0,0.01816722,0,0
16239,52,15,0,0,0.01237921,0,0
16240,52,16,0,0,0.03939575,0,0
16241,52,17,0,0,0.01890621,0,0
16242,52,18,0,0,0.01458383,0,0
16243,52,19,0,0,0.03094459,0,0
16244,52,20,0,0,0.03069806,0,0
16245,52,21,0,0,0.02960417,0,0
16246,52,22,0,0,0.01614586,0,0
16247,52,23,0,0,0.01431924,0,0
16248,52,24,0,0,0.01077418,0,0
16249,52,25,0,0,0.01331449,0,0
16250,52,26,0,0,0.00425494,0,0
16251,52,27,0,0,0.04493129,1,32
16252,52,28,0,0,0.04122092,1,31
16253,52,29,0,0,0.05072246,1,32
16254,52,30,0,0,0.02076768,0,0
16255,52,31,0,0,0.01032849,0,0
16256,52,32,0,0,0.00972280,0,0
16257,52,33,0,0,0.01442691,0,0
16258,52,34,0,0,0.00893891,0,0
16259,52,35,0,0,0.02743812,0,0
16260,52,36,0,0,0.02280267,0,0
16261,52,37,0,0,0.02562304,0,0
16262,52,38,0,0,0.02437296,0,0
16263,52,39,0,0,0.01317747,0,0
16264,52,40,0,0,0.03404927,0,0
16265,52,41,0,0,0.01838772,0,0
16266,52,42,0,0,0.01606718,0,0
16267,52,43,0,0,0.01824538,0,0
16268,52,44,0,0,0.02032068,0,0
16269,52,45,0,0,0.04060831,1,32
16270,52,46,0,0,0.01759616,0,0
16271,52,47,0,0,0.02507022,0,0
16272,52,48,0,0,0.02428833,0,0
16273,52,49,0,0,0.04599358,1,32
16274,52,50,0,0,0.02626346,0,0
16275,52,51,0,0,0.11258743,1,16
16276,52,52,0,0,0.02260565,0,0
16277,52,53,0,0,0.02815814,0,0
16278,52,54,0,0,0.03634989,0,0
16279,52,55,0,0,0.03982603,0,0
16280,52,56,0,0,0.02065844,0,0
16281,52,57,0,0,0.00790326,0,0
16282,52,58,0,0,0.02158060,0,0
16283,52,59,0,0,0.02347226,0,0
16284,52,60,0,0,0.01283327,0,0
16285,52,61,0,0,0.02303495,0,0
16286,52,62,0,0,0.01214448,0,0
16287,52,63,0,0,0.01489256,0,0
16288,52,64,0,0,0.03272814,0,0
16289,52,65,0,0,0.03741447,0,0
16290,52,66,0,0,0.02774281,0,0
16291,52,67,0,0,0.01494032,0,0
16292,52,68,0,0,0.02413803,0,0
16293,52,69,0,0,0.02104657,0,0
16294,52,70,0,0,0.00813717,0,0
16295,52,71,0,0,0.00594667,0,0
16296,52,72,0,0,0.06742039,1,32
16297,52,73,0,0,0.03988535,0,0
16298,52,74,0,0,0.03361537,0,0
16299,52,75,0,0,0.06379199,1,32
16300,52,76,0,0,0.01709770,0,0
16301,52,77,0,0,0.03251994,0,0
16302,52,78,0,0,0.02470344,0,0
16303,52,79,0,0,0.03741663,0,0
16304,52,80,0,0,0.02268819,0,0
16305,52,81,0,0,0.00870612,0,0
16306,52,82,0,0,0.05194704,1,32
16307,52,83,0,0,0.05167188,1,30
16308,52,84,0,0,0.02967677,0,0
16309,52,85,0,0,0.01895152,0,0
16310,52,86,0,0,0.00956120,0,0
16311,52,87,0,0,0.01907690,0,0
16312,52,88,0,0,0.02113716,0,0
16313,52,89,0,0,0.01529657,0,0
16314,52,90,0,0,0.01518127,0,0
16315,52,91,0,0,0.03304248,0,0
16316,52,92,0,0,0.02274298,0,0
16317,52,93,0,0,0.02800694,0,0
16318,52,94,0,0,0.02908792,0,0
16319,52,95,0,0,0.01187450,0,0
16320,52,96,0,0,0.02342882,0,0
16321,52,97,0,0,0.00934946,0,0
16322,52,98,0,0,0.01601488,0,0
16323,52,99,0,0,0.04621701,1,31
16324,52,100,0,0,0.01622711,0,0
16325,52,101,0,0,0.02652479,0,0
16326,52,102,0,0,0.01889516,0,0
16327,52,103,0,0,0.02349419,0,0
16328,52,104,0,0,0.02734417,0,0
16329,52,105,0,0,0.02519561,0,0
16330,52,106,0,0,0.00558488,0,0
16331,52,107,0,0,0.01498576,0,0
16332,52,108,0,0,0.01068432,0,0
16333,52,109,0,0,0.01047472,0,0
16334,52,110,0,0,0.04408987,1,30
16335,52,111,0,0,0.02617073,0,0
16336,52,112,0,0,0.01229852,0,0
16337,52,113,0,0,0.02865450,0,0
16338,52,114,0,0,0.02524160,0,0
16339,52,115,0,0,0.02691035,0,0
16340,52,116,0,0,0.01205046,0,0
16341,52,117,0,0,0.03316129,0,0
16342,52,118,0,0,0.01843159,0,0
16343,52,119,0,0,0.04648191,1,32
16344,52,120,0,0,0.04570070,1,32
16345,52,121,0,0,0.03253853,0,0
16346,52,122,0,0,0.02349279,0,0
16347,52,123,0,0,0.01525229,0,0
16348,52,124,0,0,0.03245827,0,0
16349,52,125,0,0,0.00873718,0,0
16350,52,126,0,0,0.04821494,1,32
16351,52,127,0,0,0.02103245,0,0
16352,52,128,0,0,0.02835455,0,0
16353,52,129,0,0,0.01371313,0,0
16354,52,130,0,0,0.00851496,0,0
16355,52,131,0,0,0.01849646,0,0
16356,52,132,0,0,0.02499784,0,0
16357,52,133,0,0,0.01754425,0,0
16358,52,134,0,0,0.02715265,0,0
16359,52,135,0,0,0.03226373,0,0
16360,52,136,0,0,0.01386296,0,0
16361,52,137,0,0,0.01838833,0,0
16362,52,138,0,0,0.05429006,1,32
16363,52,139,0,0,0.00575498,0,0
16364,52,140,0,0,0.01885993,0,0
16365,52,141,0,0,0.01901048,0,0
16366,52,142,0,0,0.01123448,0,0
16367,52,143,0,0,0.03193606,0,0
16368,52,144,0,0,0.02280832,0,0
16369,52,145,0,0,0.04226706,1,32
16370,52,146,0,0,0.04713710,1,32
16371,52,147,0,0,0.02757073,0,0
16372,52,148,0,0,0.01228164,0,0
16373,52,149,0,0,0.01618907,0,0
16374,52,150,0,0,0.08465077,1,32
16375,52,151,0,0,0.00956578,0,0
16376,52,152,0,0,0.02139741,0,0
16377,52,153,0,0,0.01952261,0,0
16378,52,154,0,0,0.04028488,1,32
16379,52,155,0,0,0.04631752,1,31
16380,52,156,0,0,0.00463858,0,0
16381,52,157,0,0,0.04403688,1,32
16382,52,158,0,0,0.01003548,0,0
16383,52,159,0,0,0.03865870,0,0
16384,52,160,0,0,0.01969232,0,0
16385,52,161,0,0,0.05670232,1,31
16386,52,162,0,0,0.03132215,0,0
16387,52,163,0,0,0.03072775,0,0
16388,52,164,0,0,0.03390729,0,0
16389,52,165,0,0,0.05797141,1,32
16390,52,166,0,0,0.00616517,0,0
16391,52,167,0,0,0.02403051,0,0
16392,52,168,0,0,0.01120242,0,0
16393,52,169,0,0,0.01844078,0,0
16394,52,170,0,0,0.01993038,0,0
16395,52,171,0,0,0.00870074,0,0
16396,52,172,0,0,0.02117871,0,0
16397,52,173,0,0,0.04269600,1,32
16398,52,174,0,0,0.02396999,0,0
16399,52,175,0,0,0.02831496,0,0
16400,52,176,0,0,0.03714893,0,0
16401,52,177,0,0,0.01124914,0,0
16402,52,178,0,0,0.06087815,1,31
16403,52,179,0,0,0.03299094,0,0
16404,52,180,0,0,0.05010141,1,32
16405,52,181,0,0,0.02275224,0,0
16406,52,182,0,0,0.00776333,0,0
16407,52,183,0,0,0.05671013,1,32
16408,52,184,0,0,0.03610525,0,0
16409,52,185,0,0,0.00933477,0,0
16410,52,186,0,0,0.01091161,0,0
16411,52,187,0,0,0.03457192,0,0
16412,52,188,0,0,0.01236483,0,0
16413,52,189,0,0,0.01488966,0,0
16414,52,190,0,0,0.03285418,0,0
16415,52,191,0,0,0.00529340,0,0
16416,52,192,0,0,0.00843145,0,0
16417,52,193,0,0,0.01948728,0,0
16418,52,194,0,0,0.00967059,0,0
16419,52,195,0,0,0.01540544,0,0
16420,52,196,0,0,0.02590644,0,0
16421,52,197,0,0,0.03187996,0,0
16422,52,198,0,0,0.01180549,0,0
16423,52,199,0,0,0.01786388,0,0
16424,52,200,0,0,0.03160527,0,0
16425,52,201,0,0,0.01237292,0,0
16426,52,202,0,0,0.02034711,0,0
16427,52,203,0,0,0.02344967,0,0
16428,52,204,0,0,0.00961017,0,0
16429,52,205,0,0,0.02504992,0,0
16430,52,206,0,0,0.01730529,0,0
16431,52,207,0,0,0.00406302,0,0
16432,52,208,0,0,0.04650069,1,32
16433,52,209,0,0,0.00828283,0,0
16434,52,210,0,0,0.01794449,0,0
16435,52,211,0,0,0.01803807,0,0
16436,52,212,0,0,0.01624183,0,0
16437,52,213,0,0,0.04354832,1,32
16438,52,214,0,0,0.00713792,0,0
16439,52,215,0,0,0.02220639,0,0
16440,52,216,0,0,0.01066151,0,0
16441,52,217,0,0,0.02677733,0,0
16442,52,218,0,0,0.01643112,0,0
16443,52,219,0,0,0.01660393,0,0
16444,52,220,0,0,0.01890258,0,0
16445,52,221,0,0,0.02025359,0,0
16446,52,222,0,0,0.03671739,0,0
16447,52,223,0,0,0.01458299,0,0
16448,52,224,0,0,0.02120273,0,0
16449,52,225,0,0,0.04113567,1,32
16450,52,226,0,0,0.01832458,0,0
16451,52,227,0,0,0.04461628,1,32
16452,52,228,0,0,0.06302083,1,32
16453,52,229,0,0,0.01334797,0,0
16454,52,230,0,0,0.03365353,0,0
16455,52,231,0,0,0.03572835,0,0
16456,52,232,0,0,0.02464808,0,0
16457,52,233,0,0,0.02841373,0,0
16458,52,234,0,0,0.01458015,0,0
16459,52,235,0,0,0.01598103,0,0
16460,52,236,0,0,0.01630260,0,0
16461,52,237,0,0,0.03101203,0,0
16462,52,238,0,0,0.04960215,1,32
16463,52,239,0,0,0.02888200,0,0
16464,52,240,0,0,0.02951828,0,0
16465,52,241,0,0,0.00750713,0,0
16466,52,242,0,0,0.05875409,1,32
16467,52,243,0,0,0.01968424,0,0
16468,52,244,0,0,0.02366795,0,0
16469,52,245,0,0,0.02538493,0,0
16470,52,246,0,0,0.04100018,1,32
16471,52,247,0,0,0.02239711,0,0
16472,52,248,0,0,0.05487023,1,32
16473,52,249,0,0,0.02942883,0,0
16474,52,250,0,0,0.03347893,0,0
16475,52,251,0,0,0.01884449,0,0
16476,52,252,0,0,0.03960954,0,0
16477,52,253,0,0,0.01828180,0,0
16478,52,254,0,0,0.04083592,1,32
16479,52,255,0,0,0.02424981,0,0
16480,52,256,0,0,0.00894623,0,0
16481,52,257,0,0,0.02909975,0,0
16482,52,258,0,0,0.01507915,0,0
16483,52,259,0,0,0.08073514,1,32
16484,52,260,0,0,0.02207493,0,0
16485,52,261,0,0,0.03739861,0,0
16486,52,262,0,0,0.02790860,0,0
16487,52,263,0,0,0.01715036,0,0
16488,52,264,0,0,0.03879818,0,0
16489,52,265,0,0,0.02765962,0,0
16490,52,266,0,0,0.01169117,0,0
16491,52,267,0,0,0.05608299,1,32
16492,52,268,0,0,0.01537891,0,0
16493,52,269,0,0,0.01925935,0,0
16494,52,270,0,0,0.01040612,0,0
16495,52,271,0,0,0.01652690,0,0
16496,52,272,0,0,0.01939628,0,0
16497,52,273,0,0,0.01999756,0,0
16498,52,274,0,0,0.02418731,0,0
16499,52,275,0,0,0.03310365,0,0
16500,52,276,0,0,0.01215224,0,0
16501,52,277,0,0,0.01704747,0,0
16502,52,278,0,0,0.02365065,0,0
16503,52,279,0,0,0.04515750,1,32
16504,52,280,0,0,0.02767968,0,0
16505,52,281,0,0,0.02518121,0,0
16506,52,282,0,0,0.01916796,0,0
16507,52,283,0,0,0.01855275,0,0
16508,52,284,0,0,0.02700423,0,0
16509,52,285,0,0,0.04238929,1,32
16510,52,286,0,0,0.02990517,0,0
16511,52,287,0,0,0.00697368,0,0
16512,52,288,0,0,0.03643517,0,0
16513,52,289,0,0,0.01157866,0,0
16514,52,290,0,0,0.02103825,0,0
16515,52,291,0,0,0.03863024,0,0
16516,52,292,0,0,0.04606621,1,32
16517,52,293,0,0,0.01344998,0,0
16518,52,294,0,0,0.01931059,0,0
16519,52,295,0,0,0.04383910,1,32
16520,52,296,0,0,0.00855513,0,0
16521,52,297,0,0,0.02302333,0,0
16522,52,298,0,0,0.02891830,0,0
16523,52,299,0,0,0.00875572,0,0
16524,52,300,0,0,0.03841772,0,0
16525,52,301,0,0,0.03041440,0,0
16526,52,302,0,0,0.01376066,0,0
16527,52,303,0,0,0.04426203,1,32
16528,52,304,0,0,0.01169673,0,0
16529,52,305,0,0,0.02135083,0,0
16530,52,306,0,0,0.02770504,0,0
16531,52,307,0,0,0.04007936,1,32
16532,52,308,0,0,0.01436364,0,0
16533,52,309,0,0,0.01309969,0,0
16534,52,310,0,0,0.01194367,0,0
16535,52,311,0,0,0.01564109,0,0
16536,53,0,1,0,0.04452813,1,32
16537,53,1,0,0,0.02101059,0,0
16538,53,2,0,0,0.02237175,0,0
16539,53,3,0,0,0.01206815,0,0
16540,53,4,0,0,0.01133939,0,0
16541,53,5,0,0,0.03426928,0,0
16542,53,6,0,0,0.03982108,0,0
16543,53,7,0,0,0.02351851,0,0
16544,53,8,0,0,0.01511981,0,0
16545,53,9,0,0,0.01457752,0,0
16546,53,10,0,0,0.01404631,0,0
16547,53,11,0,0,0.00921760,0,0
16548,53,12,0,0,0.03773817,0,0
16549,53,13,0,0,0.01227004,0,0
16550,53,14,0,0,0.03847450,0,0
16551,53,15,0,0,0.01086395,0,0
16552,53,16,0,0,0.01495802,0,0
16553,53,17,0,0,0.03623967,0,0
16554,53,18,0,0,0.01820216,0,0
16555,53,19,0,0,0.01224470,0,0
16556,53,20,0,0,0.01779857,0,0
16557,53,21,0,0,0.02165277,0,0
16558,53,22,0,0,0.02549443,0,0
16559,53,23,0,0,0.01153948,0,0
16560,53,24,0,0,0.01815761,0,0
16561,53,25,0,0,0.02653349,0,0
16562,53,26,0,0,0.01846432,0,0
16563,53,27,0,0,0.00593322,0,0
16564,53,28,0,0,0.03310654,0,0
16565,53,29,0,0,0.03006918,0,0
16566,53,30,0,0,0.03438362,0,0
16567,53,31,0,0,0.04386307,1,31
16568,53,32,0,0,0.02622069,0,0
16569,53,33,0,0,0.00778650,0,0
16570,53,34,0,0,0.02474527,0,0
16571,53,35,0,0,0.00743128,0,0
16572,53,36,0,0,0.03622058,0,0
16573,53,37,0,0,0.03984812,0,0
16574,53,38,0,0,0.00861302,0,0
16575,53,39,0,0,0.02195384,0,0
16576,53,40,0,0,0.03484515,0,0
16577,53,41,0,0,0.03053141,0,0
16578,53,42,0,0,0.02195718,0,0
16579,53,43,0,0,0.01806283,0,0
16580,53,44,0,0,0.01168099,0,0
16581,53,45,0,0,0.01135042,0,0
16582,53,46,0,0,0.06315704,1,32
16583,53,47,0,0,0.01089805,0,0
16584,53,48,0,0,0.02149344,0,0
16585,53,49,0,0,0.02595987,0,0
16586,53,50,0,0,0.04287342,1,32
16587,53,51,0,0,0.02497676,0,0
16588,53,52,0,0,0.08351591,1,16
16589,53,53,0,0,0.02319020,0,0
16590,53,54,0,0,0.03186740,0,0
16591,53,55,0,0,0.02974359,0,0
16592,53,56,0,0,0.02874920,0,0
16593,53,57,0,0,0.01559143,0,0
16594,53,58,0,0,0.02496826,0,0
16595,53,59,0,0,0.02142722,0,0
16596,53,60,0,0,0.01994452,0,0
16597,53,61,0,0,0.00731426,0,0
16598,53,62,0,0,0.02839084,0,0
16599,53,63,0,0,0.01792911,0,0
16600,53,64,0,0,0.01461903,0,0
16601,53,65,0,0,0.02152791,0,0
16602,53,66,0,0,0.04049208,1,31
16603,53,67,0,0,0.02060801,0,0
16604,53,68,0,0,0.01331355,0,0
16605,53,69,0,0,0.02698087,0,0
16606,53,70,0,0,0.03441010,0,0
16607,53,71,0,0,0.01012269,0,0
16608,53,72,0,0,0.02577181,0,0
16609,53,73,0,0,0.04241620,1,32
16610,53,74,0,0,0.01917417,0,0
16611,53,75,0,0,0.05169565,1,32
16612,53,76,0,0,0.04826225,1,32
16613,53,77,0,0,0.01643181,0,0
16614,53,78,0,0,0.02864153,0,0
16615,53,79,0,0,0.01954454,0,0
16616,53,80,0,0,0.05371457,1,32
16617,53,81,0,0,0.02502692,0,0
16618,53,82,0,0,0.01516282,0,0
16619,53,83,0,0,0.03042313,0,0
16620,53,84,0,0,0.06745807,1,32
16621,53,85,0,0,0.05183455,1,32
16622,53,86,0,0,0.02166746,0,0
16623,53,87,0,0,0.01541809,0,0
16624,53,88,0,0,0.01602327,0,0
16625,53,89,0,0,0.04363557,1,32
16626,53,90,0,0,0.00661393,0,0
16627,53,91,0,0,0.02455203,0,0
16628,53,92,0,0,0.02801724,0,0
16629,53,93,0,0,0.03204630,0,0
16630,53,94,0,0,0.01947292,0,0
16631,53,95,0,0,0.06673685,1,32
16632,53,96,0,0,0.01891287,0,0
16633,53,97,0,0,0.05180909,1,32
16634,53,98,0,0,0.01939745,0,0
16635,53,99,0,0,0.02072540,0,0
16636,53,100,0,0,0.04848868,1,32
16637,53,101,0,0,0.01377391,0,0
16638,53,102,0,0,0.05038661,1,32
16639,53,103,0,0,0.03270700,0,0
16640,53,104,0,0,0.02499916,0,0
16641,53,105,0,0,0.03394717,0,0
16642,53,106,0,0,0.03056826,0,0
16643,53,107,0,0,0.01187311,0,0
16644,53,108,0,0,0.01691221,0,0
16645,53,109,0,0,0.01667530,0,0
16646,53,110,0,0,0.01220752,0,0
16647,53,111,0,0,0.02781688,0,0
16648,53,112,0,0,0.02821870,0,0
16649,53,113,0,0,0.00431313,0,0
16650,53,114,0,0,0.02944056,0,0
16651,53,115,0,0,0.02638113,0,0
16652,53,116,0,0,0.03777060,0,0
16653,53,117,0,0,0.01607426,0,0
16654,53,118,0,0,0.03631753,0,0
16655,53,119,0,0,0.01752669,0,0
16656,53,120,0,0,0.01908558,0,0
16657,53,121,0,0,0.05201550,1,32
16658,53,122,0,0,0.05614137,1,32
16659,53,123,0,0,0.02084077,0,0
16660,53,124,0,0,0.00861444,0,0
16661,53,125,0,0,0.02738250,0,0
16662,53,126,0,0,0.01815704,0,0
16663,53,127,0,0,0.01873291,0,0
16664,53,128,0,0,0.02197704,0,0
16665,53,129,0,0,0.01929007,0,0
16666,53,130,0,0,0.02009101,0,0
16667,53,131,0,0,0.03901636,0,0
16668,53,132,0,0,0.00833493,0,0
16669,53,133,0,0,0.03223043,0,0
16670,53,134,0,0,0.01534585,0,0
16671,53,135,0,0,0.03930116,0,0
16672,53,136,0,0,0.03519775,0,0
16673,53,137,0,0,0.00745329,0,0
16674,53,138,0,0,0.02646858,0,0
16675,53,139,0,0,0.05678587,1,32
16676,53,140,0,0,0.00583805,0,0
16677,53,141,0,0,0.01184883,0,0
16678,53,142,0,0,0.02393798,0,0
16679,53,143,0,0,0.01946024,0,0
16680,53,144,0,0,0.03980903,0,0
16681,53,145,0,0,0.01808559,0,0
16682,53,146,0,0,0.03021168,0,0
16683,53,147,0,0,0.02779628,0,0
16684,53,148,0,0,0.01479202,0,0
16685,53,149,0,0,0.01044929,0,0
16686,53,150,0,0,0.01469494,0,0
16687,53,151,0,0,0.02954666,0,0
16688,53,152,0,0,0.01029466,0,0
16689,53,153,0,0,0.02405421,0,0
16690,53,154,0,0,0.02642632,0,0
16691,53,155,0,0,0.02698076,0,0
16692,53,156,0,0,0.02696904,0,0
16693,53,157,0,0,0.00742491,0,0
16694,53,158,0,0,0.02214761,0,0
16695,53,159,0,0,0.01501972,0,0
16696,53,160,0,0,0.04498126,1,32
16697,53,161,0,0,0.01483665,0,0
16698,53,162,0,0,0.02818825,0,0
16699,53,163,0,0,0.02201055,0,0
16700,53,164,0,0,0.03162833,0,0
16701,53,165,0,0,0.05964189,1,32
16702,53,166,0,0,0.04614814,1,31
16703,53,167,0,0,0.01186971,0,0
16704,53,168,0,0,0.01170908,0,0
16705,53,169,0,0,0.01502470,0,0
16706,53,170,0,0,0.01551521,0,0
16707,53,171,0,0,0.01931293,0,0
16708,53,172,0,0,0.01343796,0,0
16709,53,173,0,0,0.02487399,0,0
16710,53,174,0,0,0.04165494,1,32
16711,53,175,0,0,0.01759603,0,0
16712,53,176,0,0,0.02217273,0,0
16713,53,177,0,0,0.03606538,0,0
16714,53,178,0,0,0.01400323,0,0
16715,53,179,0,0,0.04963809,1,31
16716,53,180,0,0,0.02125359,0,0
16717,53,181,0,0,0.05080647,1,32
16718,53,182,0,0,0.01873978,0,0
16719,53,183,0,0,0.01555894,0,0
16720,53,184,0,0,0.06444694,1,32
16721,53,185,0,0,0.03383124,0,0
16722,53,186,0,0,0.00532231,0,0
16723,53,187,0,0,0.00599874,0,0
16724,53,188,0,0,0.01535100,0,0
16725,53,189,0,0,0.01292438,0,0
16726,53,190,0,0,0.02353544,0,0
16727,53,191,0,0,0.02353690,0,0
16728,53,192,0,0,0.00400646,0,0
16729,53,193,0,0,0.02304332,0,0
16730,53,194,0,0,0.01603143,0,0
16731,53,195,0,0,0.01381310,0,0
16732,53,196,0,0,0.01026384,0,0
16733,53,197,0,0,0.03640315,0,0
16734,53,198,0,0,0.03205968,0,0
16735,53,199,0,0,0.01100335,0,0
16736,53,200,0,0,0.02596038,0,0
16737,53,201,0,0,0.02799943,0,0
16738,53,202,0,0,0.01569182,0,0
16739,53,203,0,0,0.02480586,0,0
16740,53,204,0,0,0.01652569,0,0
16741,53,205,0,0,0.00954374,0,0
16742,53,206,0,0,0.01437230,0,0
16743,53,207,0,0,0.01098572,0,0
16744,53,208,0,0,0.03404022,0,0
16745,53,209,0,0,0.03840400,0,0
16746,53,210,0,0,0.02296473,0,0
16747,53,211,0,0,0.01250931,0,0
16748,53,212,0,0,0.03998208,0,0
16749,53,213,0,0,0.02871225,0,0
16750,53,214,0,0,0.02634269,0,0
16751,53,215,0,0,0.00674997,0,0
16752,53,216,0,0,0.05348191,1,32
16753,53,217,0,0,0.02688210,0,0
16754,53,218,0,0,0.04019304,1,31
16755,53,219,0,0,0.01527842,0,0
16756,53,220,0,0,0.02480288,0,0
16757,53,221,0,0,0.01440286,0,0
16758,53,222,0,0,0.03040887,0,0
16759,53,223,0,0,0.03558144,0,0
16760,53,224,0,0,0.00675335,0,0
16761,53,225,0,0,0.03332229,0,0
16762,53,226,0,0,0.01757274,0,0
16763,53,227,0,0,0.01772787,0,0
16764,53,228,0,0,0.04624690,1,32
16765,53,229,0,0,0.03533918,0,0
16766,53,230,0,0,0.01217262,0,0
16767,53,231,0,0,0.03702566,0,0
16768,53,232,0,0,0.02100844,0,0
16769,53,233,0,0,0.04115744,1,32
16770,53,234,0,0,0.02053640,0,0
16771,53,235,0,0,0.01940217,0,0
16772,53,236,0,0,0.01899175,0,0
16773,53,237,0,0,0.02560144,0,0
16774,53,238,0,0,0.03462190,0,0
16775,53,239,0,0,0.06686686,1,32
16776,53,240,0,0,0.03831083,0,0
16777,53,241,0,0,0.02806843,0,0
16778,53,242,0,0,0.00929185,0,0
16779,53,243,0,0,0.05838941,1,30
16780,53,244,0,0,0.02636004,0,0
16781,53,245,0,0,0.03187395,0,0
16782,53,246,0,0,0.02498114,0,0
16783,53,247,0,0,0.04632167,1,31
16784,53,248,0,0,0.02654403,0,0
16785,53,249,0,0,0.05700602,1,32
16786,53,250,0,0,0.02904240,0,0
16787,53,251,0,0,0.05645007,1,32
16788,53,252,0,0,0.02435144,0,0
16789,53,253,0,0,0.04405874,1,32
16790,53,254,0,0,0.02267887,0,0
16791,53,255,0,0,0.04267760,1,32
16792,53,256,0,0,0.02820016,0,0
16793,53,257,0,0,0.01592231,0,0
16794,53,258,0,0,0.01691610,0,0
16795,53,259,0,0,0.02209664,0,0
16796,53,260,0,0,0.05024994,1,32
16797,53,261,0,0,0.01872926,0,0
16798,53,262,0,0,0.04733806,1,32
16799,53,263,0,0,0.02365216,0,0
16800,53,264,0,0,0.01405559,0,0
16801,53,265,0,0,0.04147995,1,31
16802,53,266,0,0,0.02231670,0,0
16803,53,267,0,0,0.02230016,0,0
16804,53,268,0,0,0.05387676,1,31
16805,53,269,0,0,0.02249282,0,0
16806,53,270,0,0,0.02762414,0,0
16807,53,271,0,0,0.01763545,0,0
16808,53,272,0,0,0.01353741,0,0
16809,53,273,0,0,0.02237852,0,0
16810,53,274,0,0,0.02725200,0,0
16811,53,275,0,0,0.02665309,0,0
16812,53,276,0,0,0.06490052,1,32
16813,53,277,0,0,0.02168895,0,0
16814,53,278,0,0,0.01108325,0,0
16815,53,279,0,0,0.02540821,0,0
16816,53,280,0,0,0.06275211,1,32
16817,53,281,0,0,0.04313890,1,32
16818,53,282,0,0,0.02187879,0,0
16819,53,283,0,0,0.01891816,0,0
16820,53,284,0,0,0.01260091,0,0
16821,53,285,0,0,0.03539224,0,0
16822,53,286,0,0,0.03520021,0,0
16823,53,287,0,0,0.00826189,0,0
16824,53,288,0,0,0.01710035,0,0
16825,53,289,0,0,0.04032876,1,32
16826,53,290,0,0,0.01433092,0,0
16827,53,291,0,0,0.01345314,0,0
16828,53,292,0,0,0.03239193,0,0
16829,53,293,0,0,0.06657946,1,32
16830,53,294,0,0,0.03053916,0,0
16831,53,295,0,0,0.02578293,0,0
16832,53,296,0,0,0.04077343,1,31
16833,53,297,0,0,0.02325384,0,0
16834,53,298,0,0,0.04701121,1,32
16835,53,299,0,0,0.03253496,0,0
16836,53,300,0,0,0.00545361,0,0
16837,53,301,0,0,0.03304956,0,0
16838,53,302,0,0,0.01281942,0,0
16839,53,303,0,0,0.01749055,0,0
16840,53,304,0,0,0.01990084,0,0
16841,53,305,0,0,0.03355981,0,0
16842,53,306,0,0,0.01953491,0,0
16843,53,307,0,0,0.03345718,0,0
16844,53,308,0,0,0.05533079,1,32
16845,53,309,0,0,0.01852310,0,0
16846,53,310,0,0,0.02357448,0,0
16847,53,311,0,0,0.00491148,0,0
16848,54,0,1,0,0.02165859,0,0
16849,54,1,0,0,0.03700156,0,0
16850,54,2,0,0,0.00751402,0,0
16851,54,3,0,0,0.02664366,0,0
16852,54,4,0,0,0.01026239,0,0
16853,54,5,0,0,0.00934155,0,0
16854,54,6,0,0,0.03341123,0,0
16855,54,7,0,0,0.03405402,0,0
16856,54,8,0,0,0.01627123,0,0
16857,54,9,0,0,0.02136049,0,0
16858,54,10,0,0,0.02488106,0,0
16859,54,11,0,0,0.02552813,0,0
16860,54,12,0,0,0.01043624,0,0
16861,54,13,0,0,0.07284840,1,32
16862,54,14,0,0,0.01333278,0,0
16863,54,15,0,0,0.03290422,0,0
16864,54,16,0,0,0.01363328,0,0
16865,54,17,0,0,0.01139490,0,0
16866,54,18,0,0,0.03559083,0,0
16867,54,19,0,0,0.01435214,0,0
16868,54,20,0,0,0.05680766,1,32
16869,54,21,0,0,0.02705605,0,0
16870,54,22,0,0,0.03013731,0,0
16871,54,23,0,0,0.01924001,0,0
16872,54,24,0,0,0.01635902,0,0
16873,54,25,0,0,0.01352574,0,0
16874,54,26,0,0,0.01201501,0,0
16875,54,27,0,0,0.01355678,0,0
16876,54,28,0,0,0.00597886,0,0
16877,54,29,0,0,0.04123719,1,31
16878,54,30,0,0,0.01741115,0,0
16879,54,31,0,0,0.04142341,1,32
16880,54,32,0,0,0.02045467,0,0
16881,54,33,0,0,0.00868500,0,0
16882,54,34,0,0,0.01591014,0,0
16883,54,35,0,0,0.02397289,0,0
16884,54,36,0,0,0.01484524,0,0
16885,54,37,0,0,0.02750926,0,0
16886,54,38,0,0,0.01774345,0,0
16887,54,39,0,0,0.01129139,0,0
16888,54,40,0,0,0.02619138,0,0
16889,54,41,0,0,0.01858456,0,0
16890,54,42,0,0,0.03631438,0,0
16891,54,43,0,0,0.01626533,0,0
16892,54,44,0,0,0.02460112,0,0
16893,54,45,0,0,0.01221800,0,0
16894,54,46,0,0,0.02082349,0,0
16895,54,47,0,0,0.03811415,0,0
16896,54,48,0,0,0.01499783,0,0
16897,54,49,0,0,0.01295332,0,0
16898,54,50,0,0,0.01615247,0,0
16899,54,51,0,0,0.04782799,1,32
16900,54,52,0,0,0.01676263,0,0
16901,54,53,0,0,0.08767527,1,16
16902,54,54,0,0,0.01358826,0,0
16903,54,55,0,0,0.02282671,0,0
16904,54,56,0,0,0.02319982,0,0
16905,54,57,0,0,0.04350514,1,32
16906,54,58,0,0,0.01692798,0,0
16907,54,59,0,0,0.02052282,0,0
16908,54,60,0,0,0.03409709,0,0
16909,54,61,0,0,0.01569394,0,0
16910,54,62,0,0,0.02006415,0,0
16911,54,63,0,0,0.02105540,0,0
16912,54,64,0,0,0.02244851,0,0
16913,54,65,0,0,0.01195866,0,0
16914,54,66,0,0,0.00844511,0,0
16915,54,67,0,0,0.05114704,1,31
16916,54,68,0,0,0.01935057,0,0
16917,54,69,0,0,0.02147760,0,0
16918,54,70,0,0,0.01041305,0,0
16919,54,71,0,0,0.03268104,0,0
16920,54,72,0,0,0.01659399,0,0
16921,54,73,0,0,0.01798520,0,0
16922,54,74,0,0,0.07536615,1,32
16923,54,75,0,0,0.01571936,0,0
16924,54,76,0,0,0.03910883,0,0
16925,54,77,0,0,0.04273350,1,32
16926,54,78,0,0,0.01524432,0,0
16927,54,79,0,0,0.02794515,0,0
16928,54,80,0,0,0.01809609,0,0
16929,54,81,0,0,0.03374912,0,0
16930,54,82,0,0,0.02649612,0,0
16931,54,83,0,0,0.01468666,0,0
16932,54,84,0,0,0.06145904,1,31
16933,54,85,0,0,0.07954105,1,32
16934,54,86,0,0,0.06688225,1,32
16935,54,87,0,0,0.02512237,0,0
16936,54,88,0,0,0.02295933,0,0
16937,54,89,0,0,0.01978837,0,0
16938,54,90,0,0,0.02096034,0,0
16939,54,91,0,0,0.02446427,0,0
16940,54,92,0,0,0.01952103,0,0
16941,54,93,0,0,0.04522920,1,32
16942,54,94,0,0,0.02407618,0,0
16943,54,95,0,0,0.02798701,0,0
16944,54,96,0,0,0.03422930,0,0
16945,54,97,0,0,0.01535646,0,0
16946,54,98,0,0,0.05054712,1,32
16947,54,99,0,0,0.01336579,0,0
16948,54,100,0,0,0.02486839,0,0
16949,54,101,0,0,0.05056444,1,32
16950,54,102,0,0,0.02395266,0,0
16951,54,103,0,0,0.05318886,1,31
16952,54,104,0,0,0.04781545,1,32
16953,54,105,0,0,0.02590005,0,0
16954,54,106,0,0,0.04695253,1,32
16955,54,107,0,0,0.02219501,0,0
16956,54,108,0,0,0.01078294,0,0
16957,54,109,0,0,0.01839597,0,0
16958,54,110,0,0,0.01633658,0,0
16959,54,111,0,0,0.00965545,0,0
16960,54,112,0,0,0.02452417,0,0
16961,54,113,0,0,0.03657542,0,0
16962,54,114,0,0,0.00185899,0,0
16963,54,115,0,0,0.03158016,0,0
16964,54,116,0,0,0.01459012,0,0
16965,54,117,0,0,0.01595875,0,0
16966,54,118,0,0,0.01922360,0,0
16967,54,119,0,0,0.05205270,1,32
16968,54,120,0,0,0.01981638,0,0
16969,54,121,0,0,0.03265948,0,0
16970,54,122,0,0,0.05468883,1,32
16971,54,123,0,0,0.05567787,1,32
16972,54,124,0,0,0.02265811,0,0
16973,54,125,0,0,0.01632105,0,0
16974,54,126,0,0,0.02342381,0,0
16975,54,127,0,0,0.01708648,0,0
16976,54,128,0,0,0.02474741,0,0
16977,54,129,0,0,0.02190271,0,0
16978,54,130,0,0,0.02546927,0,0
16979,54,131,0,0,0.02941831,0,0
16980,54,132,0,0,0.04437908,1,32
16981,54,133,0,0,0.01286438,0,0
16982,54,134,0,0,0.04022590,1,32
16983,54,135,0,0,0.02539291,0,0
16984,54,136,0,0,0.03196885,0,0
16985,54,137,0,0,0.04048239,1,32
16986,54,138,0,0,0.01498294,0,0
16987,54,139,0,0,0.02430527,0,0
16988,54,140,0,0,0.05522581,1,32
16989,54,141,0,0,0.00577962,0,0
16990,54,142,0,0,0.01473110,0,0
16991,54,143,0,0,0.02278967,0,0
16992,54,144,0,0,0.01408893,0,0
16993,54,145,0,0,0.02104873,0,0
16994,54,146,0,0,0.02591356,0,0
16995,54,147,0,0,0.05504736,1,32
16996,54,148,0,0,0.04320937,1,32
16997,54,149,0,0,0.01247569,0,0
16998,54,150,0,0,0.00979823,0,0
16999,54,151,0,0,0.01466811,0,0
17000,54,152,0,0,0.08950397,1,32
17001,54,153,0,0,0.02467776,0,0
17002,54,154,0,0,0.01882926,0,0
17003,54,155,0,0,0.02022043,0,0
17004,54,156,0,0,0.02413110,0,0
17005,54,157,0,0,0.03711445,0,0
17006,54,158,0,0,0.00892194,0,0
17007,54,159,0,0,0.03263106,0,0
17008,54,160,0,0,0.01236115,0,0
17009,54,161,0,0,0.04697950,1,32
17010,54,162,0,0,0.01966111,0,0
17011,54,163,0,0,0.04680786,1,32
17012,54,164,0,0,0.03029635,0,0
17013,54,165,0,0,0.02748780,0,0
17014,54,166,0,0,0.04721387,1,31
17015,54,167,0,0,0.04912841,1,32
17016,54,168,0,0,0.01203044,0,0
17017,54,169,0,0,0.00837222,0,0
17018,54,170,0,0,0.01036324,0,0
17019,54,171,0,0,0.01423877,0,0
17020,54,172,0,0,0.02284894,0,0
17021,54,173,0,0,0.02774806,0,0
17022,54,174,0,0,0.02256632,0,0
17023,54,175,0,0,0.04947562,1,32
17024,54,176,0,0,0.01276187,0,0
17025,54,177,0,0,0.02499959,0,0
17026,54,178,0,0,0.06057917,1,32
17027,54,179,0,0,0.00718963,0,0
17028,54,180,0,0,0.04311244,1,32
17029,54,181,0,0,0.02495777,0,0
17030,54,182,0,0,0.05498875,1,32
17031,54,183,0,0,0.02245103,0,0
17032,54,184,0,0,0.02281013,0,0
17033,54,185,0,0,0.07714853,1,32
17034,54,186,0,0,0.02746428,0,0
17035,54,187,0,0,0.00640547,0,0
17036,54,188,0,0,0.00822970,0,0
17037,54,189,0,0,0.01693296,0,0
17038,54,190,0,0,0.01552277,0,0
17039,54,191,0,0,0.01831271,0,0
17040,54,192,0,0,0.04050764,1,32
17041,54,193,0,0,0.00636271,0,0
17042,54,194,0,0,0.02853161,0,0
17043,54,195,0,0,0.01808367,0,0
17044,54,196,0,0,0.01462658,0,0
17045,54,197,0,0,0.00610167,0,0
17046,54,198,0,0,0.03754942,0,0
17047,54,199,0,0,0.04380147,1,32
17048,54,200,0,0,0.00942230,0,0
17049,54,201,0,0,0.01982362,0,0
17050,54,202,0,0,0.02976034,0,0
17051,54,203,0,0,0.01722292,0,0
17052,54,204,0,0,0.01976971,0,0
17053,54,205,0,0,0.02204979,0,0
17054,54,206,0,0,0.00994754,0,0
17055,54,207,0,0,0.01778056,0,0
17056,54,208,0,0,0.01758074,0,0
17057,54,209,0,0,0.01184639,0,0
17058,54,210,0,0,0.04939457,1,32
17059,54,211,0,0,0.01934319,0,0
17060,54,212,0,0,0.01364962,0,0
17061,54,213,0,0,0.04891412,1,32
17062,54,214,0,0,0.02179656,0,0
17063,54,215,0,0,0.04247877,1,32
17064,54,216,0,0,0.01752109,0,0
17065,54,217,0,0,0.04925314,1,31
17066,54,218,0,0,0.03204845,0,0
17067,54,219,0,0,0.05731282,1,32
17068,54,220,0,0,0.01496530,0,0
17069,54,221,0,0,0.02789073,0,0
17070,54,222,0,0,0.01922612,0,0
17071,54,223,0,0,0.04036792,1,32
17072,54,224,0,0,0.03795134,0,0
17073,54,225,0,0,0.01192140,0,0
17074,54,226,0,0,0.02450797,0,0
17075,54,227,0,0,0.03947214,0,0
17076,54,228,0,0,0.02293398,0,0
17077,54,229,0,0,0.06017015,1,32
17078,54,230,0,0,0.03556135,0,0
17079,54,231,0,0,0.01178552,0,0
17080,54,232,0,0,0.01839806,0,0
17081,54,233,0,0,0.02432265,0,0
17082,54,234,0,0,0.03507793,0,0
17083,54,235,0,0,0.01930121,0,0
17084,54,236,0,0,0.02647563,0,0
17085,54,237,0,0,0.01755026,0,0
17086,54,238,0,0,0.03200362,0,0
17087,54,239,0,0,0.02575343,0,0
17088,54,240,0,0,0.04277699,1,32
17089,54,241,0,0,0.02865654,0,0
17090,54,242,0,0,0.02569715,0,0
17091,54,243,0,0,0.01500656,0,0
17092,54,244,0,0,0.06279749,1,32
17093,54,245,0,0,0.04228947,1,32
17094,54,246,0,0,0.01592479,0,0
17095,54,247,0,0,0.01632588,0,0
17096,54,248,0,0,0.04810474,1,32
17097,54,249,0,0,0.02229821,0,0
17098,54,250,0,0,0.05386052,1,32
17099,54,251,0,0,0.02824421,0,0
17100,54,252,0,0,0.07283570,1,32
17101,54,253,0,0,0.03538407,0,0
17102,54,254,0,0,0.03077367,0,0
17103,54,255,0,0,0.04041492,1,32
17104,54,256,0,0,0.04601792,1,32
17105,54,257,0,0,0.05800532,1,31
17106,54,258,0,0,0.01768583,0,0
17107,54,259,0,0,0.02185747,0,0
17108,54,260,0,0,0.05360822,1,32
17109,54,261,0,0,0.05574591,1,32
17110,54,262,0,0,0.01832121,0,0
17111,54,263,0,0,0.11174986,1,32
17112,54,264,0,0,0.02290526,0,0
17113,54,265,0,0,0.02401552,0,0
17114,54,266,0,0,0.06314300,1,32
17115,54,267,0,0,0.04318568,1,32
17116,54,268,0,0,0.01301835,0,0
17117,54,269,0,0,0.02439146,0,0
17118,54,270,0,0,0.01863969,0,0
17119,54,271,0,0,0.04055568,1,32
17120,54,272,0,0,0.02038147,0,0
17121,54,273,0,0,0.01487653,0,0
17122,54,274,0,0,0.01731699,0,0
17123,54,275,0,0,0.02474809,0,0
17124,54,276,0,0,0.02466886,0,0
17125,54,277,0,0,0.05483666,1,32
17126,54,278,0,0,0.03295710,0,0
17127,54,279,0,0,0.01429239,0,0
17128,54,280,0,0,0.03001547,0,0
17129,54,281,0,0,0.06104988,1,32
17130,54,282,0,0,0.03222143,0,0
17131,54,283,0,0,0.02084636,0,0
17132,54,284,0,0,0.02196231,0,0
17133,54,285,0,0,0.02139777,0,0
17134,54,286,0,0,0.02902685,0,0
17135,54,287,0,0,0.04065015,1,32
17136,54,288,0,0,0.02121511,0,0
17137,54,289,0,0,0.01162077,0,0
17138,54,290,0,0,0.05280437,1,32
17139,54,291,0,0,0.01137695,0,0
17140,54,292,0,0,0.01510621,0,0
17141,54,293,0,0,0.04737652,1,32
17142,54,294,0,0,0.04897164,1,32
17143,54,295,0,0,0.02903168,0,0
17144,54,296,0,0,0.01910428,0,0
17145,54,297,0,0,0.05763919,1,31
17146,54,298,0,0,0.01263726,0,0
17147,54,299,0,0,0.02383781,0,0
17148,54,300,0,0,0.03184620,0,0
17149,54,301,0,0,0.01326204,0,0
17150,54,302,0,0,0.03770996,0,0
17151,54,303,0,0,0.02187545,0,0
17152,54,304,0,0,0.01908957,0,0
17153,54,305,0,0,0.02421628,0,0
17154,54,306,0,0,0.03804362,0,0
17155,54,307,0,0,0.02192324,0,0
17156,54,308,0,0,0.03406293,0,0
17157,54,309,0,0,0.05888827,1,32
17158,54,310,0,0,0.01816184,0,0
17159,54,311,0,0,0.01974273,0,0
17160,55,0,1,0,0.00728839,0,0
17161,55,1,0,0,0.02463010,0,0
17162,55,2,0,0,0.03155932,0,0
17163,55,3,0,0,0.00827438,0,0
17164,55,4,0,0,0.04993968,1,32
17165,55,5,0,0,0.01749828,0,0
17166,55,6,0,0,0.02051870,0,0
17167,55,7,0,0,0.03475058,0,0
17168,55,8,0,0,0.03707405,0,0
17169,55,9,0,0,0.02107116,0,0
17170,55,10,0,0,0.01989440,0,0
17171,55,11,0,0,0.01848024,0,0
17172,55,12,0,0,0.02737945,0,0
17173,55,13,0,0,0.01218501,0,0
17174,55,14,0,0,0.07226565,1,32
17175,55,15,0,0,0.01420154,0,0
17176,55,16,0,0,0.03887774,0,0
17177,55,17,0,0,0.01958807,0,0
17178,55,18,0,0,0.01735540,0,0
17179,55,19,0,0,0.03690410,0,0
17180,55,20,0,0,0.02581881,0,0
17181,55,21,0,0,0.02432405,0,0
17182,55,22,0,0,0.01220328,0,0
17183,55,23,0,0,0.05456221,1,32
17184,55,24,0,0,0.02943990,0,0
17185,55,25,0,0,0.01653571,0,0
17186,55,26,0,0,0.01781054,0,0
17187,55,27,0,0,0.01463124,0,0
17188,55,28,0,0,0.01327085,0,0
17189,55,29,0,0,0.00707126,0,0
17190,55,30,0,0,0.04972855,1,31
17191,55,31,0,0,0.03881214,0,0
17192,55,32,0,0,0.05964209,1,32
17193,55,33,0,0,0.02078168,0,0
17194,55,34,0,0,0.02631098,0,0
17195,55,35,0,0,0.01233926,0,0
17196,55,36,0,0,0.02468592,0,0
17197,55,37,0,0,0.00497752,0,0
17198,55,38,0,0,0.03570234,0,0
17199,55,39,0,0,0.03171817,0,0
17200,55,40,0,0,0.02510596,0,0
17201,55,41,0,0,0.02174397,0,0
17202,55,42,0,0,0.04571525,1,32
17203,55,43,0,0,0.03136275,0,0
17204,55,44,0,0,0.01908919,0,0
17205,55,45,0,0,0.02297274,0,0
17206,55,46,0,0,0.01755800,0,0
17207,55,47,0,0,0.02557597,0,0
17208,55,48,0,0,0.04828478,1,32
17209,55,49,0,0,0.01202939,0,0
17210,55,50,0,0,0.02983523,0,0
17211,55,51,0,0,0.01799471,0,0
17212,55,52,0,0,0.04918988,1,32
17213,55,53,0,0,0.02519121,0,0
17214,55,54,0,0,0.09646943,1,16
17215,55,55,0,0,0.02411390,0,0
17216,55,56,0,0,0.01390519,0,0
17217,55,57,0,0,0.02903035,0,0
17218,55,58,0,0,0.04888340,1,32
17219,55,59,0,0,0.01998556,0,0
17220,55,60,0,0,0.01957702,0,0
17221,55,61,0,0,0.02553936,0,0
17222,55,62,0,0,0.01609421,0,0
17223,55,63,0,0,0.01492910,0,0
17224,55,64,0,0,0.02837633,0,0
17225,55,65,0,0,0.01293781,0,0
17226,55,66,0,0,0.00667445,0,0
17227,55,67,0,0,0.01269792,0,0
17228,55,68,0,0,0.04893322,1,32
17229,55,69,0,0,0.02705580,0,0
17230,55,70,0,0,0.01543808,0,0
17231,55,71,0,0,0.01999824,0,0
17232,55,72,0,0,0.03676146,0,0
17233,55,73,0,0,0.01563758,0,0
17234,55,74,0,0,0.01566477,0,0
17235,55,75,0,0,0.05876137,1,32
17236,55,76,0,0,0.02547802,0,0
17237,55,77,0,0,0.05155694,1,32
17238,55,78,0,0,0.06899847,1,32
17239,55,79,0,0,0.02263037,0,0
17240,55,80,0,0,0.02973907,0,0
17241,55,81,0,0,0.03177162,0,0
17242,55,82,0,0,0.05160701,1,32
17243,55,83,0,0,0.03919283,0,0
17244,55,84,0,0,0.02265184,0,0
17245,55,85,0,0,0.04606121,1,32
17246,55,86,0,0,0.09255240,1,32
17247,55,87,0,0,0.06148711,1,32
17248,55,88,0,0,0.02044845,0,0
17249,55,89,0,0,0.01294637,0,0
17250,55,90,0,0,0.02193629,0,0
17251,55,91,0,0,0.02844064,0,0
17252,55,92,0,0,0.02300446,0,0
17253,55,93,0,0,0.02152470,0,0
17254,55,94,0,0,0.04549930,1,32
17255,55,95,0,0,0.03348109,0,0
17256,55,96,0,0,0.02673032,0,0
17257,55,97,0,0,0.06474911,1,32
17258,55,98,0,0,0.01255355,0,0
17259,55,99,0,0,0.05575293,1,32
17260,55,100,0,0,0.01788195,0,0
17261,55,101,0,0,0.03438976,0,0
17262,55,102,0,0,0.05748741,1,32
17263,55,103,0,0,0.02302795,0,0
17264,55,104,0,0,0.06808572,1,32
17265,55,105,0,0,0.03168578,0,0
17266,55,106,0,0,0.02568305,0,0
17267,55,107,0,0,0.05087007,1,32
17268,55,108,0,0,0.02601422,0,0
17269,55,109,0,0,0.01525176,0,0
17270,55,110,0,0,0.01774868,0,0
17271,55,111,0,0,0.01127607,0,0
17272,55,112,0,0,0.01117755,0,0
17273,55,113,0,0,0.02247948,0,0
17274,55,114,0,0,0.03247787,0,0
17275,55,115,0,0,0.00899939,0,0
17276,55,116,0,0,0.03187991,0,0
17277,55,117,0,0,0.01522860,0,0
17278,55,118,0,0,0.02191321,0,0
17279,55,119,0,0,0.01745627,0,0
17280,55,120,0,0,0.05382814,1,32
17281,55,121,0,0,0.02635991,0,0
17282,55,122,0,0,0.04866595,1,31
17283,55,123,0,0,0.05880550,1,32
17284,55,124,0,0,0.05566887,1,32
17285,55,125,0,0,0.02808178,0,0
17286,55,126,0,0,0.00792503,0,0
17287,55,127,0,0,0.03622409,0,0
17288,55,128,0,0,0.01949855,0,0
17289,55,129,0,0,0.02869567,0,0
17290,55,130,0,0,0.02419815,0,0
17291,55,131,0,0,0.02336894,0,0
17292,55,132,0,0,0.02941002,0,0
17293,55,133,0,0,0.04865982,1,32
17294,55,134,0,0,0.00776526,0,0
17295,55,135,0,0,0.03880357,0,0
17296,55,136,0,0,0.02067728,0,0
17297,55,137,0,0,0.05947630,1,32
17298,55,138,0,0,0.03322347,0,0
17299,55,139,0,0,0.01399919,0,0
17300,55,140,0,0,0.02966268,0,0
17301,55,141,0,0,0.06203292,1,32
17302,55,142,0,0,0.01009967,0,0
17303,55,143,0,0,0.01457428,0,0
17304,55,144,0,0,0.02676643,0,0
17305,55,145,0,0,0.02197867,0,0
17306,55,146,0,0,0.02586593,0,0
17307,55,147,0,0,0.01733708,0,0
17308,55,148,0,0,0.06414011,1,32
17309,55,149,0,0,0.04664496,1,32
17310,55,150,0,0,0.00830008,0,0
17311,55,151,0,0,0.00899713,0,0
17312,55,152,0,0,0.01579461,0,0
17313,55,153,0,0,0.09435411,1,32
17314,55,154,0,0,0.01067944,0,0
17315,55,155,0,0,0.01868266,0,0
17316,55,156,0,0,0.01524172,0,0
17317,55,157,0,0,0.03079310,0,0
17318,55,158,0,0,0.05441028,1,32
17319,55,159,0,0,0.00806134,0,0
17320,55,160,0,0,0.04124522,1,32
17321,55,161,0,0,0.00927506,0,0
17322,55,162,0,0,0.04676443,1,32
17323,55,163,0,0,0.01477190,0,0
17324,55,164,0,0,0.05480736,1,32
17325,55,165,0,0,0.02978899,0,0
17326,55,166,0,0,0.02924572,0,0
17327,55,167,0,0,0.04529143,1,32
17328,55,168,0,0,0.04958367,1,32
17329,55,169,0,0,0.01510158,0,0
17330,55,170,0,0,0.01337038,0,0
17331,55,171,0,0,0.01095721,0,0
17332,55,172,0,0,0.01722031,0,0
17333,55,173,0,0,0.02847346,0,0
17334,55,174,0,0,0.04785353,1,32
17335,55,175,0,0,0.02386365,0,0
17336,55,176,0,0,0.04996043,1,32
17337,55,177,0,0,0.02426075,0,0
17338,55,178,0,0,0.01621181,0,0
17339,55,179,0,0,0.03250613,0,0
17340,55,180,0,0,0.00818391,0,0
17341,55,181,0,0,0.04593468,1,32
17342,55,182,0,0,0.03330781,0,0
17343,55,183,0,0,0.06431212,1,32
17344,55,184,0,0,0.02343732,0,0
17345,55,185,0,0,0.01463428,0,0
17346,55,186,0,0,0.09543593,1,32
17347,55,187,0,0,0.03852491,0,0
17348,55,188,0,0,0.01137025,0,0
17349,55,189,0,0,0.01023267,0,0
17350,55,190,0,0,0.01639673,0,0
17351,55,191,0,0,0.01396538,0,0
17352,55,192,0,0,0.02037591,0,0
17353,55,193,0,0,0.03730983,0,0
17354,55,194,0,0,0.00528231,0,0
17355,55,195,0,0,0.02120777,0,0
17356,55,196,0,0,0.02023687,0,0
17357,55,197,0,0,0.01605869,0,0
17358,55,198,0,0,0.01405619,0,0
17359,55,199,0,0,0.03895872,0,0
17360,55,200,0,0,0.03535574,0,0
17361,55,201,0,0,0.01350429,0,0
17362,55,202,0,0,0.02557145,0,0
17363,55,203,0,0,0.02416554,0,0
17364,55,204,0,0,0.03115868,0,0
17365,55,205,0,0,0.01941395,0,0
17366,55,206,0,0,0.02858429,0,0
17367,55,207,0,0,0.01002666,0,0
17368,55,208,0,0,0.02327013,0,0
17369,55,209,0,0,0.01325158,0,0
17370,55,210,0,0,0.00723687,0,0
17371,55,211,0,0,0.04711813,1,32
17372,55,212,0,0,0.01149544,0,0
17373,55,213,0,0,0.01555573,0,0
17374,55,214,0,0,0.03927842,0,0
17375,55,215,0,0,0.02128065,0,0
17376,55,216,0,0,0.04218308,1,32
17377,55,217,0,0,0.01341566,0,0
17378,55,218,0,0,0.06039083,1,32
17379,55,219,0,0,0.03074451,0,0
17380,55,220,0,0,0.05456835,1,32
17381,55,221,0,0,0.01793971,0,0
17382,55,222,0,0,0.03008064,0,0
17383,55,223,0,0,0.01723983,0,0
17384,55,224,0,0,0.04501468,1,32
17385,55,225,0,0,0.04329796,1,32
17386,55,226,0,0,0.01466807,0,0
17387,55,227,0,0,0.02944757,0,0
17388,55,228,0,0,0.03410454,0,0
17389,55,229,0,0,0.02078158,0,0
17390,55,230,0,0,0.05943429,1,32
17391,55,231,0,0,0.08314618,1,32
17392,55,232,0,0,0.01366024,0,0
17393,55,233,0,0,0.04289498,1,32
17394,55,234,0,0,0.03162412,0,0
17395,55,235,0,0,0.04405729,1,32
17396,55,236,0,0,0.02193151,0,0
17397,55,237,0,0,0.01932970,0,0
17398,55,238,0,0,0.01975161,0,0
17399,55,239,0,0,0.01922973,0,0
17400,55,240,0,0,0.02824659,0,0
17401,55,241,0,0,0.04859002,1,32
17402,55,242,0,0,0.02552143,0,0
17403,55,243,0,0,0.04159886,1,32
17404,55,244,0,0,0.02269808,0,0
17405,55,245,0,0,0.06615285,1,32
17406,55,246,0,0,0.01724629,0,0
17407,55,247,0,0,0.01642124,0,0
17408,55,248,0,0,0.03149780,0,0
17409,55,249,0,0,0.04729299,1,32
17410,55,250,0,0,0.02620721,0,0
17411,55,251,0,0,0.05150327,1,32
17412,55,252,0,0,0.03623362,0,0
17413,55,253,0,0,0.07627024,1,32
17414,55,254,0,0,0.03181863,0,0
17415,55,255,0,0,0.04411724,1,32
17416,55,256,0,0,0.04469425,1,32
17417,55,257,0,0,0.04705482,1,32
17418,55,258,0,0,0.06245025,1,32
17419,55,259,0,0,0.01790953,0,0
17420,55,260,0,0,0.02652193,0,0
17421,55,261,0,0,0.02828526,0,0
17422,55,262,0,0,0.03558600,0,0
17423,55,263,0,0,0.01981033,0,0
17424,55,264,0,0,0.09726431,1,32
17425,55,265,0,0,0.02277736,0,0
17426,55,266,0,0,0.03220097,0,0
17427,55,267,0,0,0.07074861,1,32
17428,55,268,0,0,0.04200166,1,32
17429,55,269,0,0,0.01993680,0,0
17430,55,270,0,0,0.04951549,1,32
17431,55,271,0,0,0.01919571,0,0
17432,55,272,0,0,0.03743131,0,0
17433,55,273,0,0,0.01113172,0,0
17434,55,274,0,0,0.02531359,0,0
17435,55,275,0,0,0.02667937,0,0
17436,55,276,0,0,0.02694064,0,0
17437,55,277,0,0,0.01623858,0,0
17438,55,278,0,0,0.06208569,1,32
17439,55,279,0,0,0.01418243,0,0
17440,55,280,0,0,0.00897771,0,0
17441,55,281,0,0,0.05558038,1,32
17442,55,282,0,0,0.06007955,1,32
17443,55,283,0,0,0.05067681,1,32
17444,55,284,0,0,0.02161896,0,0
17445,55,285,0,0,0.01953756,0,0
17446,55,286,0,0,0.02144254,0,0
17447,55,287,0,0,0.03648477,0,0
17448,55,288,0,0,0.04351411,1,32
17449,55,289,0,0,0.03676150,0,0
17450,55,290,0,0,0.01790051,0,0
17451,55,291,0,0,0.06754266,1,32
17452,55,292,0,0,0.01636111,0,0
17453,55,293,0,0,0.02234328,0,0
17454,55,294,0,0,0.05645886,1,32
17455,55,295,0,0,0.04894786,1,32
17456,55,296,0,0,0.02807132,0,0
17457,55,297,0,0,0.02695271,0,0
17458,55,298,0,0,0.06005949,1,32
17459,55,299,0,0,0.01256224,0,0
17460,55,300,0,0,0.03046042,0,0
17461,55,301,0,0,0.02797847,0,0
17462,55,302,0,0,0.01002011,0,0
17463,55,303,0,0,0.05099685,1,32
17464,55,304,0,0,0.02440739,0,0
17465,55,305,0,0,0.01508784,0,0
17466,55,306,0,0,0.03223497,0,0
17467,55,307,0,0,0.03671131,0,0
17468,55,308,0,0,0.02664989,0,0
17469,55,309,0,0,0.03587176,0,0
17470,55,310,0,0,0.05326971,1,32
17471,55,311,0,0,0.01766696,0,0
17472,56,0,1,0,0.01297655,0,0
17473,56,1,0,0,0.01000649,0,0
17474,56,2,0,0,0.01550723,0,0
17475,56,3,0,0,0.05383480,1,32
17476,56,4,0,0,0.01334762,0,0
17477,56,5,0,0,0.03564743,0,0
17478,56,6,0,0,0.01301847,0,0
17479,56,7,0,0,0.02990808,0,0
17480,56,8,0,0,0.02896628,0,0
17481,56,9,0,0,0.05359504,1,32
17482,56,10,0,0,0.02347583,0,0
17483,56,11,0,0,0.02284927,0,0
17484,56,12,0,0,0.02061301,0,0
17485,56,13,0,0,0.02836213,0,0
17486,56,14,0,0,0.01091074,0,0
17487,56,15,0,0,0.04732484,1,32
17488,56,16,0,0,0.01211516,0,0
17489,56,17,0,0,0.04733533,1,32
17490,56,18,0,0,0.01940798,0,0
17491,56,19,0,0,0.01673644,0,0
17492,56,20,0,0,0.03700785,0,0
17493,56,21,0,0,0.02591417,0,0
17494,56,22,0,0,0.02387672,0,0
17495,56,23,0,0,0.02710937,0,0
17496,56,24,0,0,0.05116276,1,32
17497,56,25,0,0,0.02432342,0,0
17498,56,26,0,0,0.01628545,0,0
17499,56,27,0,0,0.01093818,0,0
17500,56,28,0,0,0.01698939,0,0
17501,56,29,0,0,0.01410882,0,0
17502,56,30,0,0,0.00743115,0,0
17503,56,31,0,0,0.06885649,1,32
17504,56,32,0,0,0.03106200,0,0
17505,56,33,0,0,0.05944147,1,32
17506,56,34,0,0,0.02457970,0,0
17507,56,35,0,0,0.01166700,0,0
17508,56,36,0,0,0.02288139,0,0
17509,56,37,0,0,0.01412071,0,0
17510,56,38,0,0,0.00600810,0,0
17511,56,39,0,0,0.03729307,0,0
17512,56,40,0,0,0.04537779,1,32
17513,56,41,0,0,0.01503921,0,0
17514,56,42,0,0,0.02484383,0,0
17515,56,43,0,0,0.01915299,0,0
17516,56,44,0,0,0.02475194,0,0
17517,56,45,0,0,0.04083178,1,32
17518,56,46,0,0,0.02204544,0,0
17519,56,47,0,0,0.01725716,0,0
17520,56,48,0,0,0.03080088,0,0
17521,56,49,0,0,0.05142368,1,32
17522,56,50,0,0,0.01177789,0,0
17523,56,51,0,0,0.01857452,0,0
17524,56,52,0,0,0.03273728,0,0
17525,56,53,0,0,0.05500296,1,32
17526,56,54,0,0,0.03279962,0,0
17527,56,55,0,0,0.12045393,1,16
17528,56,56,0,0,0.01994482,0,0
17529,56,57,0,0,0.02072861,0,0
17530,56,58,0,0,0.03831980,0,0
17531,56,59,0,0,0.04990008,1,32
17532,56,60,0,0,0.01981151,0,0
17533,56,61,0,0,0.02438526,0,0
17534,56,62,0,0,0.02419252,0,0
17535,56,63,0,0,0.01691896,0,0
17536,56,64,0,0,0.02052981,0,0
17537,56,65,0,0,0.02980219,0,0
17538,56,66,0,0,0.01389231,0,0
17539,56,67,0,0,0.01117040,0,0
17540,56,68,0,0,0.01895055,0,0
17541,56,69,0,0,0.05267790,1,32
17542,56,70,0,0,0.02275997,0,0
17543,56,71,0,0,0.02617401,0,0
17544,56,72,0,0,0.01632127,0,0
17545,56,73,0,0,0.03421275,0,0
17546,56,74,0,0,0.01490202,0,0
17547,56,75,0,0,0.02451172,0,0
17548,56,76,0,0,0.05517539,1,32
17549,56,77,0,0,0.02356464,0,0
17550,56,78,0,0,0.05182485,1,32
17551,56,79,0,0,0.04499014,1,32
17552,56,80,0,0,0.01797098,0,0
17553,56,81,0,0,0.02970357,0,0
17554,56,82,0,0,0.01855784,0,0
17555,56,83,0,0,0.05817930,1,32
17556,56,84,0,0,0.03588317,0,0
17557,56,85,0,0,0.01155920,0,0
17558,56,86,0,0,0.04802347,1,32
17559,56,87,0,0,0.07346447,1,32
17560,56,88,0,0,0.06929328,1,32
17561,56,89,0,0,0.02895359,0,0
17562,56,90,0,0,0.02375106,0,0
17563,56,91,0,0,0.01150479,0,0
17564,56,92,0,0,0.03133386,0,0
17565,56,93,0,0,0.02048130,0,0
17566,56,94,0,0,0.02043296,0,0
17567,56,95,0,0,0.04726126,1,32
17568,56,96,0,0,0.02269289,0,0
17569,56,97,0,0,0.02297309,0,0
17570,56,98,0,0,0.04184082,1,32
17571,56,99,0,0,0.01235224,0,0
17572,56,100,0,0,0.04573938,1,32
17573,56,101,0,0,0.01978609,0,0
17574,56,102,0,0,0.02813941,0,0
17575,56,103,0,0,0.05454029,1,32
17576,56,104,0,0,0.03442593,0,0
17577,56,105,0,0,0.06563981,1,32
17578,56,106,0,0,0.03913791,0,0
17579,56,107,0,0,0.02548175,0,0
17580,56,108,0,0,0.05047444,1,32
17581,56,109,0,0,0.02068941,0,0
17582,56,110,0,0,0.01421314,0,0
17583,56,111,0,0,0.01537083,0,0
17584,56,112,0,0,0.01093394,0,0
17585,56,113,0,0,0.01164626,0,0
17586,56,114,0,0,0.01840561,0,0
17587,56,115,0,0,0.03046204,0,0
17588,56,116,0,0,0.00218607,0,0
17589,56,117,0,0,0.03198167,0,0
17590,56,118,0,0,0.03705152,0,0
17591,56,119,0,0,0.02821909,0,0
17592,56,120,0,0,0.01688699,0,0
17593,56,121,0,0,0.06268346,1,32
17594,56,122,0,0,0.02241401,0,0
17595,56,123,0,0,0.04915537,1,32
17596,56,124,0,0,0.05499972,1,32
17597,56,125,0,0,0.05695641,1,32
17598,56,126,0,0,0.01916721,0,0
17599,56,127,0,0,0.01560748,0,0
17600,56,128,0,0,0.02624903,0,0
17601,56,129,0,0,0.02021875,0,0
17602,56,130,0,0,0.02974263,0,0
17603,56,131,0,0,0.02364917,0,0
17604,56,132,0,0,0.02200757,0,0
17605,56,133,0,0,0.02635805,0,0
17606,56,134,0,0,0.04168437,1,32
17607,56,135,0,0,0.01161359,0,0
17608,56,136,0,0,0.03862952,0,0
17609,56,137,0,0,0.02468380,0,0
17610,56,138,0,0,0.05949264,1,32
17611,56,139,0,0,0.04526420,1,32
17612,56,140,0,0,0.00838618,0,0
17613,56,141,0,0,0.03068748,0,0
17614,56,142,0,0,0.06205669,1,32
17615,56,143,0,0,0.00373188,0,0
17616,56,144,0,0,0.01690783,0,0
17617,56,145,0,0,0.02473762,0,0
17618,56,146,0,0,0.02338866,0,0
17619,56,147,0,0,0.03367290,0,0
17620,56,148,0,0,0.02095336,0,0
17621,56,149,0,0,0.06511220,1,32
17622,56,150,0,0,0.04595156,1,32
17623,56,151,0,0,0.02796324,0,0
17624,56,152,0,0,0.01330003,0,0
17625,56,153,0,0,0.01708429,0,0
17626,56,154,0,0,0.09350161,1,32
17627,56,155,0,0,0.00636150,0,0
17628,56,156,0,0,0.01873125,0,0
17629,56,157,0,0,0.01687746,0,0
17630,56,158,0,0,0.03886383,0,0
17631,56,159,0,0,0.05522642,1,32
17632,56,160,0,0,0.01011705,0,0
17633,56,161,0,0,0.03991866,0,0
17634,56,162,0,0,0.01219084,0,0
17635,56,163,0,0,0.04776662,1,32
17636,56,164,0,0,0.01347978,0,0
17637,56,165,0,0,0.02410398,0,0
17638,56,166,0,0,0.06223401,1,32
17639,56,167,0,0,0.01685519,0,0
17640,56,168,0,0,0.03196684,0,0
17641,56,169,0,0,0.03832776,0,0
17642,56,170,0,0,0.00984782,0,0
17643,56,171,0,0,0.01181106,0,0
17644,56,172,0,0,0.02030110,0,0
17645,56,173,0,0,0.01780194,0,0
17646,56,174,0,0,0.02230182,0,0
17647,56,175,0,0,0.03185239,0,0
17648,56,176,0,0,0.02370980,0,0
17649,56,177,0,0,0.05018186,1,32
17650,56,178,0,0,0.01631124,0,0
17651,56,179,0,0,0.01693776,0,0
17652,56,180,0,0,0.07172664,1,32
17653,56,181,0,0,0.01187127,0,0
17654,56,182,0,0,0.04858394,1,32
17655,56,183,0,0,0.02561940,0,0
17656,56,184,0,0,0.06294472,1,32
17657,56,185,0,0,0.01947934,0,0
17658,56,186,0,0,0.02065924,0,0
17659,56,187,0,0,0.07387741,1,32
17660,56,188,0,0,0.02547499,0,0
17661,56,189,0,0,0.01491437,0,0
17662,56,190,0,0,0.01784609,0,0
17663,56,191,0,0,0.01203895,0,0
17664,56,192,0,0,0.01320506,0,0
17665,56,193,0,0,0.01965337,0,0
17666,56,194,0,0,0.04106628,1,32
17667,56,195,0,0,0.00641821,0,0
17668,56,196,0,0,0.02562727,0,0
17669,56,197,0,0,0.02856732,0,0
17670,56,198,0,0,0.02260717,0,0
17671,56,199,0,0,0.01637558,0,0
17672,56,200,0,0,0.03090729,0,0
17673,56,201,0,0,0.03977475,0,0
17674,56,202,0,0,0.01889060,0,0
17675,56,203,0,0,0.02079886,0,0
17676,56,204,0,0,0.03222115,0,0
17677,56,205,0,0,0.01798343,0,0
17678,56,206,0,0,0.01570869,0,0
17679,56,207,0,0,0.01798943,0,0
17680,56,208,0,0,0.01054326,0,0
17681,56,209,0,0,0.01318093,0,0
17682,56,210,0,0,0.01098453,0,0
17683,56,211,0,0,0.03290327,0,0
17684,56,212,0,0,0.05574469,1,32
17685,56,213,0,0,0.02171947,0,0
17686,56,214,0,0,0.01709390,0,0
17687,56,215,0,0,0.03803132,0,0
17688,56,216,0,0,0.01823321,0,0
17689,56,217,0,0,0.02072677,0,0
17690,56,218,0,0,0.01910503,0,0
17691,56,219,0,0,0.02945143,0,0
17692,56,220,0,0,0.03430793,0,0
17693,56,221,0,0,0.05043443,1,32
17694,56,222,0,0,0.01540299,0,0
17695,56,223,0,0,0.03042283,0,0
17696,56,224,0,0,0.01601912,0,0
17697,56,225,0,0,0.03642679,0,0
17698,56,226,0,0,0.04715238,1,32
17699,56,227,0,0,0.01555371,0,0
17700,56,228,0,0,0.03216893,0,0
17701,56,229,0,0,0.02448250,0,0
17702,56,230,0,0,0.02145458,0,0
17703,56,231,0,0,0.06046644,1,32
17704,56,232,0,0,0.08088575,1,32
17705,56,233,0,0,0.01179283,0,0
17706,56,234,0,0,0.04402845,1,32
17707,56,235,0,0,0.02421373,0,0
17708,56,236,0,0,0.04648523,1,32
17709,56,237,0,0,0.01534773,0,0
17710,56,238,0,0,0.01936009,0,0
17711,56,239,0,0,0.01732979,0,0
17712,56,240,0,0,0.01686049,0,0
17713,56,241,0,0,0.03021438,0,0
17714,56,242,0,0,0.05366673,1,32
17715,56,243,0,0,0.03068025,0,0
17716,56,244,0,0,0.04289433,1,32
17717,56,245,0,0,0.02640659,0,0
17718,56,246,0,0,0.06011670,1,32
17719,56,247,0,0,0.03147442,0,0
17720,56,248,0,0,0.02140379,0,0
17721,56,249,0,0,0.02672045,0,0
17722,56,250,0,0,0.04643600,1,31
17723,56,251,0,0,0.02701129,0,0
17724,56,252,0,0,0.05651757,1,32
17725,56,253,0,0,0.03632865,0,0
17726,56,254,0,0,0.07711053,1,32
17727,56,255,0,0,0.03452218,0,0
17728,56,256,0,0,0.05216381,1,32
17729,56,257,0,0,0.04408184,1,32
17730,56,258,0,0,0.04462801,1,32
17731,56,259,0,0,0.06988022,1,32
17732,56,260,0,0,0.01585103,0,0
17733,56,261,0,0,0.02588744,0,0
17734,56,262,0,0,0.03052410,0,0
17735,56,263,0,0,0.05111181,1,32
17736,56,264,0,0,0.01010005,0,0
17737,56,265,0,0,0.10531724,1,32
17738,56,266,0,0,0.02425934,0,0
17739,56,267,0,0,0.02875778,0,0
17740,56,268,0,0,0.05617524,1,32
17741,56,269,0,0,0.04180326,1,32
17742,56,270,0,0,0.03192984,0,0
17743,56,271,0,0,0.02706626,0,0
17744,56,272,0,0,0.02559932,0,0
17745,56,273,0,0,0.03544587,0,0
17746,56,274,0,0,0.01329238,0,0
17747,56,275,0,0,0.02875479,0,0
17748,56,276,0,0,0.02656829,0,0
17749,56,277,0,0,0.02605030,0,0
17750,56,278,0,0,0.02618137,0,0
17751,56,279,0,0,0.05435706,1,32
17752,56,280,0,0,0.01569568,0,0
17753,56,281,0,0,0.01882944,0,0
17754,56,282,0,0,0.05076939,1,32
17755,56,283,0,0,0.06098575,1,32
17756,56,284,0,0,0.05957882,1,32
17757,56,285,0,0,0.02069553,0,0
17758,56,286,0,0,0.01595752,0,0
17759,56,287,0,0,0.01707505,0,0
17760,56,288,0,0,0.02238690,0,0
17761,56,289,0,0,0.04261103,1,32
17762,56,290,0,0,0.03348700,0,0
17763,56,291,0,0,0.01296323,0,0
17764,56,292,0,0,0.04137110,1,32
17765,56,293,0,0,0.01493012,0,0
17766,56,294,0,0,0.01966366,0,0
17767,56,295,0,0,0.05564394,1,32
17768,56,296,0,0,0.05999948,1,32
17769,56,297,0,0,0.03661611,0,0
17770,56,298,0,0,0.02326623,0,0
17771,56,299,0,0,0.03739747,0,0
17772,56,300,0,0,0.00753712,0,0
17773,56,301,0,0,0.01990311,0,0
17774,56,302,0,0,0.03627780,0,0
17775,56,303,0,0,0.01270552,0,0
17776,56,304,0,0,0.04656335,1,32
17777,56,305,0,0,0.02494182,0,0
17778,56,306,0,0,0.01681872,0,0
17779,56,307,0,0,0.02890535,0,0
17780,56,308,0,0,0.03549097,0,0
17781,56,309,0,0,0.02744465,0,0
17782,56,310,0,0,0.03548059,0,0
17783,56,311,0,0,0.05133482,1,32
17784,57,0,1,0,0.02099832,0,0
17785,57,1,0,0,0.01798627,0,0
17786,57,2,0,0,0.01051548,0,0
17787,57,3,0,0,0.02440245,0,0
17788,57,4,0,0,0.05165225,1,32
17789,57,5,0,0,0.01223537,0,0
17790,57,6,0,0,0.03351907,0,0
17791,57,7,0,0,0.01500997,0,0
17792,57,8,0,0,0.01693039,0,0
17793,57,9,0,0,0.03687364,0,0
17794,57,10,0,0,0.05747256,1,32
17795,57,11,0,0,0.02561478,0,0
17796,57,12,0,0,0.02965456,0,0
17797,57,13,0,0,0.01878323,0,0
17798,57,14,0,0,0.02298857,0,0
17799,57,15,0,0,0.01208778,0,0
17800,57,16,0,0,0.04686983,1,32
17801,57,17,0,0,0.01364360,0,0
17802,57,18,0,0,0.05007615,1,32
17803,57,19,0,0,0.01923548,0,0
17804,57,20,0,0,0.02258004,0,0
17805,57,21,0,0,0.03679555,0,0
17806,57,22,0,0,0.05016298,1,32
17807,57,23,0,0,0.02683566,0,0
17808,57,24,0,0,0.02374969,0,0
17809,57,25,0,0,0.04317885,1,32
17810,57,26,0,0,0.03205613,0,0
17811,57,27,0,0,0.01488798,0,0
17812,57,28,0,0,0.01231046,0,0
17813,57,29,0,0,0.01199823,0,0
17814,57,30,0,0,0.00950965,0,0
17815,57,31,0,0,0.00713618,0,0
17816,57,32,0,0,0.04661530,1,31
17817,57,33,0,0,0.03031290,0,0
17818,57,34,0,0,0.06817918,1,32
17819,57,35,0,0,0.02522201,0,0
17820,57,36,0,0,0.01330138,0,0
17821,57,37,0,0,0.01895610,0,0
17822,57,38,0,0,0.01248675,0,0
17823,57,39,0,0,0.01332574,0,0
17824,57,40,0,0,0.03104260,0,0
17825,57,41,0,0,0.03212960,0,0
17826,57,42,0,0,0.02409266,0,0
17827,57,43,0,0,0.02363806,0,0
17828,57,44,0,0,0.01680687,0,0
17829,57,45,0,0,0.02296546,0,0
17830,57,46,0,0,0.03914692,0,0
17831,57,47,0,0,0.02221345,0,0
17832,57,48,0,0,0.01825095,0,0
17833,57,49,0,0,0.02767956,0,0
17834,57,50,0,0,0.05180135,1,32
17835,57,51,0,0,0.02065851,0,0
17836,57,52,0,0,0.01396949,0,0
17837,57,53,0,0,0.03408270,0,0
17838,57,54,0,0,0.04420613,1,32
17839,57,55,0,0,0.03618460,0,0
17840,57,56,0,0,0.09836777,1,16
17841,57,57,0,0,0.02910302,0,0
17842,57,58,0,0,0.02938461,0,0
17843,57,59,0,0,0.02242474,0,0
17844,57,60,0,0,0.05230764,1,32
17845,57,61,0,0,0.01530232,0,0
17846,57,62,0,0,0.01684155,0,0
17847,57,63,0,0,0.02176234,0,0
17848,57,64,0,0,0.02059475,0,0
17849,57,65,0,0,0.01977920,0,0
17850,57,66,0,0,0.02470495,0,0
17851,57,67,0,0,0.01468207,0,0
17852,57,68,0,0,0.01730406,0,0
17853,57,69,0,0,0.01137155,0,0
17854,57,70,0,0,0.04768628,1,31
17855,57,71,0,0,0.01996534,0,0
17856,57,72,0,0,0.03191789,0,0
17857,57,73,0,0,0.02878339,0,0
17858,57,74,0,0,0.02728518,0,0
17859,57,75,0,0,0.00641745,0,0
17860,57,76,0,0,0.01736539,0,0
17861,57,77,0,0,0.05012956,1,31
17862,57,78,0,0,0.04813607,1,31
17863,57,79,0,0,0.03053718,0,0
17864,57,80,0,0,0.05427919,1,32
17865,57,81,0,0,0.02292775,0,0
17866,57,82,0,0,0.02997527,0,0
17867,57,83,0,0,0.01753271,0,0
17868,57,84,0,0,0.06000516,1,32
17869,57,85,0,0,0.02807945,0,0
17870,57,86,0,0,0.01267958,0,0
17871,57,87,0,0,0.01893004,0,0
17872,57,88,0,0,0.07367288,1,32
17873,57,89,0,0,0.06229691,1,32
17874,57,90,0,0,0.00896564,0,0
17875,57,91,0,0,0.01963186,0,0
17876,57,92,0,0,0.01371367,0,0
17877,57,93,0,0,0.02700681,0,0
17878,57,94,0,0,0.02136575,0,0
17879,57,95,0,0,0.01950870,0,0
17880,57,96,0,0,0.02782505,0,0
17881,57,97,0,0,0.02259916,0,0
17882,57,98,0,0,0.02621539,0,0
17883,57,99,0,0,0.06731631,1,32
17884,57,100,0,0,0.01442727,0,0
17885,57,101,0,0,0.03165325,0,0
17886,57,102,0,0,0.01796586,0,0
17887,57,103,0,0,0.02596263,0,0
17888,57,104,0,0,0.03991243,0,0
17889,57,105,0,0,0.02010867,0,0
17890,57,106,0,0,0.03286166,0,0
17891,57,107,0,0,0.02689122,0,0
17892,57,108,0,0,0.02211662,0,0
17893,57,109,0,0,0.03317535,0,0
17894,57,110,0,0,0.01055413,0,0
17895,57,111,0,0,0.01306012,0,0
17896,57,112,0,0,0.00325759,0,0
17897,57,113,0,0,0.01626151,0,0
17898,57,114,0,0,0.01564426,0,0
17899,57,115,0,0,0.04882352,1,32
17900,57,116,0,0,0.01855225,0,0
17901,57,117,0,0,0.02237215,0,0
17902,57,118,0,0,0.02647799,0,0
17903,57,119,0,0,0.01421405,0,0
17904,57,120,0,0,0.02355342,0,0
17905,57,121,0,0,0.01577102,0,0
17906,57,122,0,0,0.02366997,0,0
17907,57,123,0,0,0.01852695,0,0
17908,57,124,0,0,0.02068702,0,0
17909,57,125,0,0,0.04635628,1,32
17910,57,126,0,0,0.02520386,0,0
17911,57,127,0,0,0.01899293,0,0
17912,57,128,0,0,0.01311169,0,0
17913,57,129,0,0,0.01098914,0,0
17914,57,130,0,0,0.01116252,0,0
17915,57,131,0,0,0.02136076,0,0
17916,57,132,0,0,0.01733474,0,0
17917,57,133,0,0,0.01729032,0,0
17918,57,134,0,0,0.01483568,0,0
17919,57,135,0,0,0.02900526,0,0
17920,57,136,0,0,0.00998454,0,0
17921,57,137,0,0,0.04067848,1,32
17922,57,138,0,0,0.01440461,0,0
17923,57,139,0,0,0.03827218,0,0
17924,57,140,0,0,0.04241938,1,32
17925,57,141,0,0,0.02149706,0,0
17926,57,142,0,0,0.01849484,0,0
17927,57,143,0,0,0.04579390,1,30
17928,57,144,0,0,0.00676851,0,0
17929,57,145,0,0,0.00637542,0,0
17930,57,146,0,0,0.02734185,0,0
17931,57,147,0,0,0.01200386,0,0
17932,57,148,0,0,0.02292271,0,0
17933,57,149,0,0,0.01479477,0,0
17934,57,150,0,0,0.01548246,0,0
17935,57,151,0,0,0.04128031,1,32
17936,57,152,0,0,0.02644411,0,0
17937,57,153,0,0,0.01672653,0,0
17938,57,154,0,0,0.01016530,0,0
17939,57,155,0,0,0.06982750,1,31
17940,57,156,0,0,0.00757012,0,0
17941,57,157,0,0,0.03689204,0,0
17942,57,158,0,0,0.02343158,0,0
17943,57,159,0,0,0.03071199,0,0
17944,57,160,0,0,0.03770255,0,0
17945,57,161,0,0,0.00604701,0,0
17946,57,162,0,0,0.03549111,0,0
17947,57,163,0,0,0.01229616,0,0
17948,57,164,0,0,0.04394218,1,32
17949,57,165,0,0,0.01308118,0,0
17950,57,166,0,0,0.02393395,0,0
17951,57,167,0,0,0.05802796,1,32
17952,57,168,0,0,0.01626639,0,0
17953,57,169,0,0,0.02454130,0,0
17954,57,170,0,0,0.05428391,1,32
17955,57,171,0,0,0.01216676,0,0
17956,57,172,0,0,0.00781205,0,0
17957,57,173,0,0,0.01664769,0,0
17958,57,174,0,0,0.00756647,0,0
17959,57,175,0,0,0.01884695,0,0
17960,57,176,0,0,0.01729690,0,0
17961,57,177,0,0,0.02160063,0,0
17962,57,178,0,0,0.02219334,0,0
17963,57,179,0,0,0.02288149,0,0
17964,57,180,0,0,0.02427772,0,0
17965,57,181,0,0,0.01939357,0,0
17966,57,182,0,0,0.01060906,0,0
17967,57,183,0,0,0.03334601,0,0
17968,57,184,0,0,0.02165236,0,0
17969,57,185,0,0,0.05588526,1,32
17970,57,186,0,0,0.02348880,0,0
17971,57,187,0,0,0.01051287,0,0
17972,57,188,0,0,0.04554668,1,31
17973,57,189,0,0,0.01061838,0,0
17974,57,190,0,0,0.01386965,0,0
17975,57,191,0,0,0.00684208,0,0
17976,57,192,0,0,0.01961069,0,0
17977,57,193,0,0,0.03427225,0,0
17978,57,194,0,0,0.01521674,0,0
17979,57,195,0,0,0.02824877,0,0
17980,57,196,0,0,0.00778582,0,0
17981,57,197,0,0,0.01907331,0,0
17982,57,198,0,0,0.00539270,0,0
17983,57,199,0,0,0.02544450,0,0
17984,57,200,0,0,0.02374503,0,0
17985,57,201,0,0,0.00823390,0,0
17986,57,202,0,0,0.02903514,0,0
17987,57,203,0,0,0.01242907,0,0
17988,57,204,0,0,0.01903769,0,0
17989,57,205,0,0,0.02681575,0,0
17990,57,206,0,0,0.01105185,0,0
17991,57,207,0,0,0.02283567,0,0
17992,57,208,0,0,0.02388174,0,0
17993,57,209,0,0,0.01918940,0,0
17994,57,210,0,0,0.02513117,0,0
17995,57,211,0,0,0.01109655,0,0
17996,57,212,0,0,0.04260691,1,31
17997,57,213,0,0,0.02424679,0,0
17998,57,214,0,0,0.01706231,0,0
17999,57,215,0,0,0.01536011,0,0
18000,57,216,0,0,0.05163888,1,32
18001,57,217,0,0,0.01789108,0,0
18002,57,218,0,0,0.01852797,0,0
18003,57,219,0,0,0.01304875,0,0
18004,57,220,0,0,0.03786423,0,0
18005,57,221,0,0,0.02677371,0,0
18006,57,222,0,0,0.05615469,1,32
18007,57,223,0,0,0.01127454,0,0
18008,57,224,0,0,0.02189288,0,0
18009,57,225,0,0,0.00966033,0,0
18010,57,226,0,0,0.01708069,0,0
18011,57,227,0,0,0.02940310,0,0
18012,57,228,0,0,0.01577640,0,0
18013,57,229,0,0,0.03377636,0,0
18014,57,230,0,0,0.04454728,1,32
18015,57,231,0,0,0.01563033,0,0
18016,57,232,0,0,0.03432230,0,0
18017,57,233,0,0,0.03374907,0,0
18018,57,234,0,0,0.01008188,0,0
18019,57,235,0,0,0.04210734,1,32
18020,57,236,0,0,0.00871386,0,0
18021,57,237,0,0,0.02429421,0,0
18022,57,238,0,0,0.02398781,0,0
18023,57,239,0,0,0.02077221,0,0
18024,57,240,0,0,0.02647090,0,0
18025,57,241,0,0,0.04557544,1,32
18026,57,242,0,0,0.01137520,0,0
18027,57,243,0,0,0.04042329,1,31
18028,57,244,0,0,0.03106680,0,0
18029,57,245,0,0,0.02025387,0,0
18030,57,246,0,0,0.01166980,0,0
18031,57,247,0,0,0.02421133,0,0
18032,57,248,0,0,0.03131198,0,0
18033,57,249,0,0,0.02249207,0,0
18034,57,250,0,0,0.04794607,1,32
18035,57,251,0,0,0.04514559,1,32
18036,57,252,0,0,0.02088815,0,0
18037,57,253,0,0,0.02969166,0,0
18038,57,254,0,0,0.03625134,0,0
18039,57,255,0,0,0.06164341,1,32
18040,57,256,0,0,0.01969684,0,0
18041,57,257,0,0,0.03446943,0,0
18042,57,258,0,0,0.03764373,0,0
18043,57,259,0,0,0.01639690,0,0
18044,57,260,0,0,0.05951576,1,31
18045,57,261,0,0,0.01459800,0,0
18046,57,262,0,0,0.01605075,0,0
18047,57,263,0,0,0.01963049,0,0
18048,57,264,0,0,0.02597618,0,0
18049,57,265,0,0,0.01509388,0,0
18050,57,266,0,0,0.07634146,1,32
18051,57,267,0,0,0.02986121,0,0
18052,57,268,0,0,0.01534766,0,0
18053,57,269,0,0,0.06073495,1,31
18054,57,270,0,0,0.03158338,0,0
18055,57,271,0,0,0.00704842,0,0
18056,57,272,0,0,0.02191442,0,0
18057,57,273,0,0,0.02534828,0,0
18058,57,274,0,0,0.01583451,0,0
18059,57,275,0,0,0.03283485,0,0
18060,57,276,0,0,0.01060823,0,0
18061,57,277,0,0,0.01933473,0,0
18062,57,278,0,0,0.02855163,0,0
18063,57,279,0,0,0.02276203,0,0
18064,57,280,0,0,0.05339275,1,32
18065,57,281,0,0,0.03049309,0,0
18066,57,282,0,0,0.00685550,0,0
18067,57,283,0,0,0.05162466,1,32
18068,57,284,0,0,0.03557066,0,0
18069,57,285,0,0,0.03470562,0,0
18070,57,286,0,0,0.01896969,0,0
18071,57,287,0,0,0.01178980,0,0
18072,57,288,0,0,0.02551412,0,0
18073,57,289,0,0,0.02362358,0,0
18074,57,290,0,0,0.02924728,0,0
18075,57,291,0,0,0.01662020,0,0
18076,57,292,0,0,0.02084695,0,0
18077,57,293,0,0,0.05190107,1,32
18078,57,294,0,0,0.00963720,0,0
18079,57,295,0,0,0.01432985,0,0
18080,57,296,0,0,0.01529056,0,0
18081,57,297,0,0,0.04064314,1,32
18082,57,298,0,0,0.03955866,0,0
18083,57,299,0,0,0.02375589,0,0
18084,57,300,0,0,0.02560230,0,0
18085,57,301,0,0,0.02218020,0,0
18086,57,302,0,0,0.00855801,0,0
18087,57,303,0,0,0.03709891,0,0
18088,57,304,0,0,0.02319967,0,0
18089,57,305,0,0,0.05101194,1,31
18090,57,306,0,0,0.01389073,0,0
18091,57,307,0,0,0.01481022,0,0
18092,57,308,0,0,0.02582421,0,0
18093,57,309,0,0,0.02818078,0,0
18094,57,310,0,0,0.02738345,0,0
18095,57,311,0,0,0.03235057,0,0
18096,58,0,1,0,0.04633150,1,31
18097,58,1,0,0,0.01853572,0,0
18098,58,2,0,0,0.01614767,0,0
18099,58,3,0,0,0.00845533,0,0
18100,58,4,0,0,0.01372243,0,0
18101,58,5,0,0,0.04338939,1,32
18102,58,6,0,0,0.01602013,0,0
18103,58,7,0,0,0.02883027,0,0
18104,58,8,0,0,0.02371231,0,0
18105,58,9,0,0,0.01396722,0,0
18106,58,10,0,0,0.03860589,0,0
18107,58,11,0,0,0.03711075,0,0
18108,58,12,0,0,0.02322707,0,0
18109,58,13,0,0,0.01582858,0,0
18110,58,14,0,0,0.02123525,0,0
18111,58,15,0,0,0.02554851,0,0
18112,58,16,0,0,0.01146857,0,0
18113,58,17,0,0,0.03622102,0,0
18114,58,18,0,0,0.01246592,0,0
18115,58,19,0,0,0.03020905,0,0
18116,58,20,0,0,0.02582511,0,0
18117,58,21,0,0,0.01680502,0,0
18118,58,22,0,0,0.02161282,0,0
18119,58,23,0,0,0.02771576,0,0
18120,58,24,0,0,0.01151519,0,0
18121,58,25,0,0,0.01851597,0,0
18122,58,26,0,0,0.02725301,0,0
18123,58,27,0,0,0.01604789,0,0
18124,58,28,0,0,0.01162023,0,0
18125,58,29,0,0,0.00561160,0,0
18126,58,30,0,0,0.01864903,0,0
18127,58,31,0,0,0.01162170,0,0
18128,58,32,0,0,0.01323593,0,0
18129,58,33,0,0,0.04334049,1,32
18130,58,34,0,0,0.02550127,0,0
18131,58,35,0,0,0.02296482,0,0
18132,58,36,0,0,0.01653331,0,0
18133,58,37,0,0,0.00938942,0,0
18134,58,38,0,0,0.01853570,0,0
18135,58,39,0,0,0.03069211,0,0
18136,58,40,0,0,0.01399764,0,0
18137,58,41,0,0,0.02153165,0,0
18138,58,42,0,0,0.03067994,0,0
18139,58,43,0,0,0.01978594,0,0
18140,58,44,0,0,0.02255559,0,0
18141,58,45,0,0,0.02846150,0,0
18142,58,46,0,0,0.01870655,0,0
18143,58,47,0,0,0.00712965,0,0
18144,58,48,0,0,0.02237006,0,0
18145,58,49,0,0,0.02399283,0,0
18146,58,50,0,0,0.02893272,0,0
18147,58,51,0,0,0.03421785,0,0
18148,58,52,0,0,0.01489700,0,0
18149,58,53,0,0,0.01081513,0,0
18150,58,54,0,0,0.01736094,0,0
18151,58,55,0,0,0.03866393,0,0
18152,58,56,0,0,0.01635480,0,0
18153,58,57,0,0,0.12699071,1,16
18154,58,58,0,0,0.01178621,0,0
18155,58,59,0,0,0.01446448,0,0
18156,58,60,0,0,0.02978276,0,0
18157,58,61,0,0,0.04230257,1,32
18158,58,62,0,0,0.02189784,0,0
18159,58,63,0,0,0.03110001,0,0
18160,58,64,0,0,0.03072353,0,0
18161,58,65,0,0,0.03396670,0,0
18162,58,66,0,0,0.01205096,0,0
18163,58,67,0,0,0.02896317,0,0
18164,58,68,0,0,0.01315458,0,0
18165,58,69,0,0,0.00666266,0,0
18166,58,70,0,0,0.00649366,0,0
18167,58,71,0,0,0.03086713,0,0
18168,58,72,0,0,0.01979554,0,0
18169,58,73,0,0,0.02885308,0,0
18170,58,74,0,0,0.02027443,0,0
18171,58,75,0,0,0.02537877,0,0
18172,58,76,0,0,0.01144742,0,0
18173,58,77,0,0,0.01427286,0,0
18174,58,78,0,0,0.03391317,0,0
18175,58,79,0,0,0.01093756,0,0
18176,58,80,0,0,0.02260019,0,0
18177,58,81,0,0,0.06846702,1,32
18178,58,82,0,0,0.01401153,0,0
18179,58,83,0,0,0.03381342,0,0
18180,58,84,0,0,0.01561131,0,0
18181,58,85,0,0,0.03612888,0,0
18182,58,86,0,0,0.02215260,0,0
18183,58,87,0,0,0.00908503,0,0
18184,58,88,0,0,0.03885046,0,0
18185,58,89,0,0,0.06950226,1,32
18186,58,90,0,0,0.04724218,1,32
18187,58,91,0,0,0.02795031,0,0
18188,58,92,0,0,0.02107341,0,0
18189,58,93,0,0,0.02569411,0,0
18190,58,94,0,0,0.02593696,0,0
18191,58,95,0,0,0.01754282,0,0
18192,58,96,0,0,0.02552623,0,0
18193,58,97,0,0,0.03226679,0,0
18194,58,98,0,0,0.02062543,0,0
18195,58,99,0,0,0.02917266,0,0
18196,58,100,0,0,0.03718868,0,0
18197,58,101,0,0,0.01153503,0,0
18198,58,102,0,0,0.04688472,1,32
18199,58,103,0,0,0.01822640,0,0
18200,58,104,0,0,0.03913923,0,0
18201,58,105,0,0,0.05441752,1,32
18202,58,106,0,0,0.01384181,0,0
18203,58,107,0,0,0.04170603,1,32
18204,58,108,0,0,0.02850133,0,0
18205,58,109,0,0,0.03120764,0,0
18206,58,110,0,0,0.04015059,1,32
18207,58,111,0,0,0.01652152,0,0
18208,58,112,0,0,0.01059018,0,0
18209,58,113,0,0,0.02090935,0,0
18210,58,114,0,0,0.02206974,0,0
18211,58,115,0,0,0.01082317,0,0
18212,58,116,0,0,0.03442926,0,0
18213,58,117,0,0,0.02546322,0,0
18214,58,118,0,0,0.00542705,0,0
18215,58,119,0,0,0.02763734,0,0
18216,58,120,0,0,0.01142141,0,0
18217,58,121,0,0,0.03847971,0,0
18218,58,122,0,0,0.02174933,0,0
18219,58,123,0,0,0.03972818,0,0
18220,58,124,0,0,0.01099396,0,0
18221,58,125,0,0,0.04660556,1,32
18222,58,126,0,0,0.05339503,1,32
18223,58,127,0,0,0.05563981,1,32
18224,58,128,0,0,0.01737715,0,0
18225,58,129,0,0,0.00979511,0,0
18226,58,130,0,0,0.02325774,0,0
18227,58,131,0,0,0.01716319,0,0
18228,58,132,0,0,0.01522928,0,0
18229,58,133,0,0,0.02142892,0,0
18230,58,134,0,0,0.02449190,0,0
18231,58,135,0,0,0.02426612,0,0
18232,58,136,0,0,0.00938301,0,0
18233,58,137,0,0,0.01160581,0,0
18234,58,138,0,0,0.03675519,0,0
18235,58,139,0,0,0.01907402,0,0
18236,58,140,0,0,0.03305736,0,0
18237,58,141,0,0,0.04490473,1,32
18238,58,142,0,0,0.02229950,0,0
18239,58,143,0,0,0.01557414,0,0
18240,58,144,0,0,0.04296948,1,32
18241,58,145,0,0,0.00805501,0,0
18242,58,146,0,0,0.01189820,0,0
18243,58,147,0,0,0.02247816,0,0
18244,58,148,0,0,0.01409081,0,0
18245,58,149,0,0,0.02549629,0,0
18246,58,150,0,0,0.02310208,0,0
18247,58,151,0,0,0.03917018,0,0
18248,58,152,0,0,0.04550767,1,32
18249,58,153,0,0,0.01875764,0,0
18250,58,154,0,0,0.00412217,0,0
18251,58,155,0,0,0.02324768,0,0
18252,58,156,0,0,0.06972134,1,32
18253,58,157,0,0,0.00740822,0,0
18254,58,158,0,0,0.03056227,0,0
18255,58,159,0,0,0.03292177,0,0
18256,58,160,0,0,0.03214286,0,0
18257,58,161,0,0,0.03667168,0,0
18258,58,162,0,0,0.00566468,0,0
18259,58,163,0,0,0.04729075,1,32
18260,58,164,0,0,0.01226109,0,0
18261,58,165,0,0,0.04947546,1,32
18262,58,166,0,0,0.01887384,0,0
18263,58,167,0,0,0.01393404,0,0
18264,58,168,0,0,0.03023061,0,0
18265,58,169,0,0,0.02719389,0,0
18266,58,170,0,0,0.04486485,1,32
18267,58,171,0,0,0.05754294,1,32
18268,58,172,0,0,0.00859359,0,0
18269,58,173,0,0,0.01685457,0,0
18270,58,174,0,0,0.01477973,0,0
18271,58,175,0,0,0.01835741,0,0
18272,58,176,0,0,0.01646981,0,0
18273,58,177,0,0,0.00944877,0,0
18274,58,178,0,0,0.02840162,0,0
18275,58,179,0,0,0.05072318,1,31
18276,58,180,0,0,0.01690011,0,0
18277,58,181,0,0,0.02487017,0,0
18278,58,182,0,0,0.06502924,1,32
18279,58,183,0,0,0.00995025,0,0
18280,58,184,0,0,0.04837757,1,32
18281,58,185,0,0,0.02972358,0,0
18282,58,186,0,0,0.03940731,0,0
18283,58,187,0,0,0.02167233,0,0
18284,58,188,0,0,0.02222385,0,0
18285,58,189,0,0,0.09420938,1,32
18286,58,190,0,0,0.01901575,0,0
18287,58,191,0,0,0.01156642,0,0
18288,58,192,0,0,0.01094238,0,0
18289,58,193,0,0,0.01602673,0,0
18290,58,194,0,0,0.00607351,0,0
18291,58,195,0,0,0.01306676,0,0
18292,58,196,0,0,0.04370113,1,32
18293,58,197,0,0,0.00593624,0,0
18294,58,198,0,0,0.02365695,0,0
18295,58,199,0,0,0.00801078,0,0
18296,58,200,0,0,0.02827185,0,0
18297,58,201,0,0,0.01023786,0,0
18298,58,202,0,0,0.03444625,0,0
18299,58,203,0,0,0.01804605,0,0
18300,58,204,0,0,0.01325248,0,0
18301,58,205,0,0,0.02163297,0,0
18302,58,206,0,0,0.02453597,0,0
18303,58,207,0,0,0.01426690,0,0
18304,58,208,0,0,0.02892849,0,0
18305,58,209,0,0,0.01992693,0,0
18306,58,210,0,0,0.01192578,0,0
18307,58,211,0,0,0.02439730,0,0
18308,58,212,0,0,0.01377783,0,0
18309,58,213,0,0,0.00647649,0,0
18310,58,214,0,0,0.03048058,0,0
18311,58,215,0,0,0.01736398,0,0
18312,58,216,0,0,0.01218209,0,0
18313,58,217,0,0,0.02360702,0,0
18314,58,218,0,0,0.02067603,0,0
18315,58,219,0,0,0.03204197,0,0
18316,58,220,0,0,0.01347453,0,0
18317,58,221,0,0,0.05225006,1,32
18318,58,222,0,0,0.02593473,0,0
18319,58,223,0,0,0.04349810,1,32
18320,58,224,0,0,0.01100717,0,0
18321,58,225,0,0,0.01773730,0,0
18322,58,226,0,0,0.01643962,0,0
18323,58,227,0,0,0.03063450,0,0
18324,58,228,0,0,0.01513629,0,0
18325,58,229,0,0,0.01328389,0,0
18326,58,230,0,0,0.02364307,0,0
18327,58,231,0,0,0.03823070,0,0
18328,58,232,0,0,0.02078394,0,0
18329,58,233,0,0,0.03876322,0,0
18330,58,234,0,0,0.06253840,1,32
18331,58,235,0,0,0.01310483,0,0
18332,58,236,0,0,0.03677125,0,0
18333,58,237,0,0,0.02200140,0,0
18334,58,238,0,0,0.03027158,0,0
18335,58,239,0,0,0.01716128,0,0
18336,58,240,0,0,0.01436567,0,0
18337,58,241,0,0,0.04034833,1,31
18338,58,242,0,0,0.01852375,0,0
18339,58,243,0,0,0.02583228,0,0
18340,58,244,0,0,0.05175512,1,32
18341,58,245,0,0,0.02535455,0,0
18342,58,246,0,0,0.03434259,0,0
18343,58,247,0,0,0.00934625,0,0
18344,58,248,0,0,0.06721060,1,32
18345,58,249,0,0,0.01877237,0,0
18346,58,250,0,0,0.01849726,0,0
18347,58,251,0,0,0.03116037,0,0
18348,58,252,0,0,0.04957662,1,32
18349,58,253,0,0,0.02509920,0,0
18350,58,254,0,0,0.05588331,1,32
18351,58,255,0,0,0.03033266,0,0
18352,58,256,0,0,0.07071708,1,32
18353,58,257,0,0,0.02017630,0,0
18354,58,258,0,0,0.02868008,0,0
18355,58,259,0,0,0.04599009,1,32
18356,58,260,0,0,0.04026711,1,31
18357,58,261,0,0,0.03784951,0,0
18358,58,262,0,0,0.01277217,0,0
18359,58,263,0,0,0.01974200,0,0
18360,58,264,0,0,0.01875642,0,0
18361,58,265,0,0,0.02226531,0,0
18362,58,266,0,0,0.01727989,0,0
18363,58,267,0,0,0.05107152,1,31
18364,58,268,0,0,0.02754505,0,0
18365,58,269,0,0,0.02154198,0,0
18366,58,270,0,0,0.05631639,1,31
18367,58,271,0,0,0.02398749,0,0
18368,58,272,0,0,0.00940815,0,0
18369,58,273,0,0,0.02691507,0,0
18370,58,274,0,0,0.01258843,0,0
18371,58,275,0,0,0.02707480,0,0
18372,58,276,0,0,0.03251949,0,0
18373,58,277,0,0,0.00976284,0,0
18374,58,278,0,0,0.01696882,0,0
18375,58,279,0,0,0.01945377,0,0
18376,58,280,0,0,0.01362960,0,0
18377,58,281,0,0,0.05913647,1,32
18378,58,282,0,0,0.01662297,0,0
18379,58,283,0,0,0.00485583,0,0
18380,58,284,0,0,0.02460925,0,0
18381,58,285,0,0,0.06096173,1,32
18382,58,286,0,0,0.03339704,0,0
18383,58,287,0,0,0.02160262,0,0
18384,58,288,0,0,0.01969191,0,0
18385,58,289,0,0,0.02576439,0,0
18386,58,290,0,0,0.03373717,0,0
18387,58,291,0,0,0.03587066,0,0
18388,58,292,0,0,0.01804197,0,0
18389,58,293,0,0,0.01348650,0,0
18390,58,294,0,0,0.02503897,0,0
18391,58,295,0,0,0.01152234,0,0
18392,58,296,0,0,0.02828158,0,0
18393,58,297,0,0,0.04873072,1,32
18394,58,298,0,0,0.04510611,1,32
18395,58,299,0,0,0.03455624,0,0
18396,58,300,0,0,0.01906274,0,0
18397,58,301,0,0,0.02425426,0,0
18398,58,302,0,0,0.01715117,0,0
18399,58,303,0,0,0.02255995,0,0
18400,58,304,0,0,0.03426899,0,0
18401,58,305,0,0,0.01517335,0,0
18402,58,306,0,0,0.02806026,0,0
18403,58,307,0,0,0.02295498,0,0
18404,58,308,0,0,0.02640246,0,0
18405,58,309,0,0,0.04504043,1,32
18406,58,310,0,0,0.02450967,0,0
18407,58,311,0,0,0.01901965,0,0
18408,59,0,1,0,0.03381281,0,0
18409,59,1,0,0,0.04359959,1,31
18410,59,2,0,0,0.01173005,0,0
18411,59,3,0,0,0.01372423,0,0
18412,59,4,0,0,0.01008428,0,0
18413,59,5,0,0,0.01428544,0,0
18414,59,6,0,0,0.02412897,0,0
18415,59,7,0,0,0.01573171,0,0
18416,59,8,0,0,0.01915600,0,0
18417,59,9,0,0,0.01702956,0,0
18418,59,10,0,0,0.02495936,0,0
18419,59,11,0,0,0.03653227,0,0
18420,59,12,0,0,0.05630499,1,32
18421,59,13,0,0,0.01616504,0,0
18422,59,14,0,0,0.01421537,0,0
18423,59,15,0,0,0.01667070,0,0
18424,59,16,0,0,0.02463920,0,0
18425,59,17,0,0,0.00842109,0,0
18426,59,18,0,0,0.03883997,0,0
18427,59,19,0,0,0.01373256,0,0
18428,59,20,0,0,0.03045381,0,0
18429,59,21,0,0,0.03633074,0,0
18430,59,22,0,0,0.02201661,0,0
18431,59,23,0,0,0.04385277,1,32
18432,59,24,0,0,0.01502512,0,0
18433,59,25,0,0,0.02565015,0,0
18434,59,26,0,0,0.02233126,0,0
18435,59,27,0,0,0.02190409,0,0
18436,59,28,0,0,0.04028642,1,32
18437,59,29,0,0,0.00920376,0,0
18438,59,30,0,0,0.00887581,0,0
18439,59,31,0,0,0.01674641,0,0
18440,59,32,0,0,0.01295666,0,0
18441,59,33,0,0,0.01590138,0,0
18442,59,34,0,0,0.04745777,1,31
18443,59,35,0,0,0.02449294,0,0
18444,59,36,0,0,0.03388662,0,0
18445,59,37,0,0,0.02547497,0,0
18446,59,38,0,0,0.00610419,0,0
18447,59,39,0,0,0.01538889,0,0
18448,59,40,0,0,0.01987131,0,0
18449,59,41,0,0,0.00763855,0,0
18450,59,42,0,0,0.03001846,0,0
18451,59,43,0,0,0.04155072,1,32
18452,59,44,0,0,0.02053250,0,0
18453,59,45,0,0,0.01675477,0,0
18454,59,46,0,0,0.02902465,0,0
18455,59,47,0,0,0.00947566,0,0
18456,59,48,0,0,0.01154337,0,0
18457,59,49,0,0,0.03083934,0,0
18458,59,50,0,0,0.01000399,0,0
18459,59,51,0,0,0.02037354,0,0
18460,59,52,0,0,0.05229634,1,32
18461,59,53,0,0,0.01652405,0,0
18462,59,54,0,0,0.02385436,0,0
18463,59,55,0,0,0.01685005,0,0
18464,59,56,0,0,0.04533950,1,32
18465,59,57,0,0,0.01619207,0,0
18466,59,58,0,0,0.10257813,1,16
18467,59,59,0,0,0.00692465,0,0
18468,59,60,0,0,0.01249550,0,0
18469,59,61,0,0,0.03162754,0,0
18470,59,62,0,0,0.01271252,0,0
18471,59,63,0,0,0.00530946,0,0
18472,59,64,0,0,0.00811335,0,0
18473,59,65,0,0,0.02740617,0,0
18474,59,66,0,0,0.00862423,0,0
18475,59,67,0,0,0.01504021,0,0
18476,59,68,0,0,0.01895688,0,0
18477,59,69,0,0,0.02014301,0,0
18478,59,70,0,0,0.02226818,0,0
18479,59,71,0,0,0.00968375,0,0
18480,59,72,0,0,0.01822624,0,0
18481,59,73,0,0,0.01695791,0,0
18482,59,74,0,0,0.02192577,0,0
18483,59,75,0,0,0.02998991,0,0
18484,59,76,0,0,0.03014752,0,0
18485,59,77,0,0,0.01068346,0,0
18486,59,78,0,0,0.00997872,0,0
18487,59,79,0,0,0.01521588,0,0
18488,59,80,0,0,0.01859637,0,0
18489,59,81,0,0,0.03451439,0,0
18490,59,82,0,0,0.03505538,0,0
18491,59,83,0,0,0.03004126,0,0
18492,59,84,0,0,0.01029586,0,0
18493,59,85,0,0,0.01949839,0,0
18494,59,86,0,0,0.02129194,0,0
18495,59,87,0,0,0.02506754,0,0
18496,59,88,0,0,0.01219402,0,0
18497,59,89,0,0,0.02996333,0,0
18498,59,90,0,0,0.02197401,0,0
18499,59,91,0,0,0.06431101,1,31
18500,59,92,0,0,0.05086562,1,32
18501,59,93,0,0,0.01965192,0,0
18502,59,94,0,0,0.01117713,0,0
18503,59,95,0,0,0.04564337,1,32
18504,59,96,0,0,0.00818556,0,0
18505,59,97,0,0,0.02651174,0,0
18506,59,98,0,0,0.02454662,0,0
18507,59,99,0,0,0.01904519,0,0
18508,59,100,0,0,0.02530395,0,0
18509,59,101,0,0,0.01511403,0,0
18510,59,102,0,0,0.01535814,0,0
18511,59,103,0,0,0.02386956,0,0
18512,59,104,0,0,0.01234501,0,0
18513,59,105,0,0,0.01434500,0,0
18514,59,106,0,0,0.03045730,0,0
18515,59,107,0,0,0.01496574,0,0
18516,59,108,0,0,0.02248819,0,0
18517,59,109,0,0,0.02440017,0,0
18518,59,110,0,0,0.02615294,0,0
18519,59,111,0,0,0.03658236,0,0
18520,59,112,0,0,0.02431445,0,0
18521,59,113,0,0,0.00988183,0,0
18522,59,114,0,0,0.02011926,0,0
18523,59,115,0,0,0.01080902,0,0
18524,59,116,0,0,0.00837064,0,0
18525,59,117,0,0,0.01796759,0,0
18526,59,118,0,0,0.02458266,0,0
18527,59,119,0,0,0.00861144,0,0
18528,59,120,0,0,0.01772882,0,0
18529,59,121,0,0,0.01554012,0,0
18530,59,122,0,0,0.01443719,0,0
18531,59,123,0,0,0.01473756,0,0
18532,59,124,0,0,0.03454880,0,0
18533,59,125,0,0,0.01195572,0,0
18534,59,126,0,0,0.02318540,0,0
18535,59,127,0,0,0.02155581,0,0
18536,59,128,0,0,0.04688483,1,31
18537,59,129,0,0,0.01101917,0,0
18538,59,130,0,0,0.04051378,1,32
18539,59,131,0,0,0.01805664,0,0
18540,59,132,0,0,0.01593907,0,0
18541,59,133,0,0,0.03456518,0,0
18542,59,134,0,0,0.01977585,0,0
18543,59,135,0,0,0.02574202,0,0
18544,59,136,0,0,0.01618138,0,0
18545,59,137,0,0,0.01227041,0,0
18546,59,138,0,0,0.00704180,0,0
18547,59,139,0,0,0.02835100,0,0
18548,59,140,0,0,0.01025259,0,0
18549,59,141,0,0,0.00710971,0,0
18550,59,142,0,0,0.02872953,0,0
18551,59,143,0,0,0.01384376,0,0
18552,59,144,0,0,0.01633686,0,0
18553,59,145,0,0,0.04892559,1,28
18554,59,146,0,0,0.00664326,0,0
18555,59,147,0,0,0.00818580,0,0
18556,59,148,0,0,0.01805105,0,0
18557,59,149,0,0,0.00503074,0,0
18558,59,150,0,0,0.02555849,0,0
18559,59,151,0,0,0.02942598,0,0
18560,59,152,0,0,0.02021590,0,0
18561,59,153,0,0,0.01929994,0,0
18562,59,154,0,0,0.01315001,0,0
18563,59,155,0,0,0.00711014,0,0
18564,59,156,0,0,0.01265939,0,0
18565,59,157,0,0,0.04964822,1,31
18566,59,158,0,0,0.01082973,0,0
18567,59,159,0,0,0.01634473,0,0
18568,59,160,0,0,0.01374188,0,0
18569,59,161,0,0,0.02496964,0,0
18570,59,162,0,0,0.01601477,0,0
18571,59,163,0,0,0.00887557,0,0
18572,59,164,0,0,0.02237663,0,0
18573,59,165,0,0,0.01301726,0,0
18574,59,166,0,0,0.03190500,0,0
18575,59,167,0,0,0.01931197,0,0
18576,59,168,0,0,0.02772315,0,0
18577,59,169,0,0,0.01802228,0,0
18578,59,170,0,0,0.01742679,0,0
18579,59,171,0,0,0.02281118,0,0
18580,59,172,0,0,0.02263145,0,0
18581,59,173,0,0,0.01840888,0,0
18582,59,174,0,0,0.02372735,0,0
18583,59,175,0,0,0.02130179,0,0
18584,59,176,0,0,0.02151936,0,0
18585,59,177,0,0,0.01607095,0,0
18586,59,178,0,0,0.01387617,0,0
18587,59,179,0,0,0.02978306,0,0
18588,59,180,0,0,0.01086737,0,0
18589,59,181,0,0,0.03292462,0,0
18590,59,182,0,0,0.01628906,0,0
18591,59,183,0,0,0.01333463,0,0
18592,59,184,0,0,0.01061257,0,0
18593,59,185,0,0,0.02162339,0,0
18594,59,186,0,0,0.02190441,0,0
18595,59,187,0,0,0.04021113,1,32
18596,59,188,0,0,0.01220538,0,0
18597,59,189,0,0,0.03007471,0,0
18598,59,190,0,0,0.04407261,1,31
18599,59,191,0,0,0.01276749,0,0
18600,59,192,0,0,0.01393872,0,0
18601,59,193,0,0,0.00702715,0,0
18602,59,194,0,0,0.01002358,0,0
18603,59,195,0,0,0.01448452,0,0
18604,59,196,0,0,0.01367524,0,0
18605,59,197,0,0,0.04616230,1,30
18606,59,198,0,0,0.00780553,0,0
18607,59,199,0,0,0.00821229,0,0
18608,59,200,0,0,0.01182348,0,0
18609,59,201,0,0,0.00731673,0,0
18610,59,202,0,0,0.01629189,0,0
18611,59,203,0,0,0.02279659,0,0
18612,59,204,0,0,0.01443045,0,0
18613,59,205,0,0,0.00865491,0,0
18614,59,206,0,0,0.02718411,0,0
18615,59,207,0,0,0.03354838,0,0
18616,59,208,0,0,0.01389641,0,0
18617,59,209,0,0,0.00964725,0,0
18618,59,210,0,0,0.01093168,0,0
18619,59,211,0,0,0.00703681,0,0
18620,59,212,0,0,0.03469655,0,0
18621,59,213,0,0,0.01782664,0,0
18622,59,214,0,0,0.01035480,0,0
18623,59,215,0,0,0.02604433,0,0
18624,59,216,0,0,0.01857509,0,0
18625,59,217,0,0,0.01531433,0,0
18626,59,218,0,0,0.02239685,0,0
18627,59,219,0,0,0.01499333,0,0
18628,59,220,0,0,0.01621867,0,0
18629,59,221,0,0,0.01610062,0,0
18630,59,222,0,0,0.02703154,0,0
18631,59,223,0,0,0.02692741,0,0
18632,59,224,0,0,0.01970739,0,0
18633,59,225,0,0,0.01375308,0,0
18634,59,226,0,0,0.01010472,0,0
18635,59,227,0,0,0.01696137,0,0
18636,59,228,0,0,0.02411716,0,0
18637,59,229,0,0,0.01119450,0,0
18638,59,230,0,0,0.01502981,0,0
18639,59,231,0,0,0.02229023,0,0
18640,59,232,0,0,0.03373885,0,0
18641,59,233,0,0,0.01739678,0,0
18642,59,234,0,0,0.05270576,1,31
18643,59,235,0,0,0.02989844,0,0
18644,59,236,0,0,0.01262037,0,0
18645,59,237,0,0,0.04139714,1,32
18646,59,238,0,0,0.00956861,0,0
18647,59,239,0,0,0.02927168,0,0
18648,59,240,0,0,0.02121503,0,0
18649,59,241,0,0,0.01939522,0,0
18650,59,242,0,0,0.01068825,0,0
18651,59,243,0,0,0.01335299,0,0
18652,59,244,0,0,0.02152678,0,0
18653,59,245,0,0,0.03210445,0,0
18654,59,246,0,0,0.02896535,0,0
18655,59,247,0,0,0.02094671,0,0
18656,59,248,0,0,0.00602529,0,0
18657,59,249,0,0,0.05020149,1,32
18658,59,250,0,0,0.02990931,0,0
18659,59,251,0,0,0.00904421,0,0
18660,59,252,0,0,0.02350515,0,0
18661,59,253,0,0,0.03241834,0,0
18662,59,254,0,0,0.02250586,0,0
18663,59,255,0,0,0.02243844,0,0
18664,59,256,0,0,0.02413025,0,0
18665,59,257,0,0,0.04795142,1,30
18666,59,258,0,0,0.02911995,0,0
18667,59,259,0,0,0.02294631,0,0
18668,59,260,0,0,0.04236384,1,32
18669,59,261,0,0,0.01231317,0,0
18670,59,262,0,0,0.03729684,0,0
18671,59,263,0,0,0.01911963,0,0
18672,59,264,0,0,0.00971634,0,0
18673,59,265,0,0,0.02931871,0,0
18674,59,266,0,0,0.02019760,0,0
18675,59,267,0,0,0.00798307,0,0
18676,59,268,0,0,0.02908985,0,0
18677,59,269,0,0,0.02639000,0,0
18678,59,270,0,0,0.01743802,0,0
18679,59,271,0,0,0.03757980,0,0
18680,59,272,0,0,0.03889580,0,0
18681,59,273,0,0,0.00655244,0,0
18682,59,274,0,0,0.01940806,0,0
18683,59,275,0,0,0.02821200,0,0
18684,59,276,0,0,0.01828791,0,0
18685,59,277,0,0,0.02956827,0,0
18686,59,278,0,0,0.01387929,0,0
18687,59,279,0,0,0.01415679,0,0
18688,59,280,0,0,0.02284731,0,0
18689,59,281,0,0,0.01947420,0,0
18690,59,282,0,0,0.03554712,0,0
18691,59,283,0,0,0.02601456,0,0
18692,59,284,0,0,0.01190733,0,0
18693,59,285,0,0,0.01656797,0,0
18694,59,286,0,0,0.02806459,0,0
18695,59,287,0,0,0.05482828,1,31
18696,59,288,0,0,0.02653775,0,0
18697,59,289,0,0,0.01690434,0,0
18698,59,290,0,0,0.02292790,0,0
18699,59,291,0,0,0.02374889,0,0
18700,59,292,0,0,0.03610816,0,0
18701,59,293,0,0,0.01928102,0,0
18702,59,294,0,0,0.01803379,0,0
18703,59,295,0,0,0.03241362,0,0
18704,59,296,0,0,0.01368769,0,0
18705,59,297,0,0,0.00791556,0,0
18706,59,298,0,0,0.02922763,0,0
18707,59,299,0,0,0.03179191,0,0
18708,59,300,0,0,0.00935880,0,0
18709,59,301,0,0,0.01894723,0,0
18710,59,302,0,0,0.02108203,0,0
18711,59,303,0,0,0.01897532,0,0
18712,59,304,0,0,0.02393719,0,0
18713,59,305,0,0,0.02440462,0,0
18714,59,306,0,0,0.01894494,0,0
18715,59,307,0,0,0.02468523,0,0
18716,59,308,0,0,0.01405348,0,0
18717,59,309,0,0,0.01236772,0,0
18718,59,310,0,0,0.02911119,0,0
18719,59,311,0,0,0.01882778,0,0
18720,60,0,1,1,0.01342678,0,0
18721,60,1,0,0,0.02564558,0,0
18722,60,2,0,0,0.05906232,1,31
18723,60,3,0,0,0.02246896,0,0
18724,60,4,0,0,0.01170049,0,0
18725,60,5,0,0,0.01195436,0,0
18726,60,6,0,0,0.01496213,0,0
18727,60,7,0,0,0.03119053,0,0
18728,60,8,0,0,0.02110522,0,0
18729,60,9,0,0,0.03363178,0,0
18730,60,10,0,0,0.01332290,0,0
18731,60,11,0,0,0.01041123,0,0
18732,60,12,0,0,0.03244574,0,0
18733,60,13,0,0,0.03615383,0,0
18734,60,14,0,0,0.01404528,0,0
18735,60,15,0,0,0.01640300,0,0
18736,60,16,0,0,0.01974744,0,0
18737,60,17,0,0,0.01418836,0,0
18738,60,18,0,0,0.01440319,0,0
18739,60,19,0,0,0.02722888,0,0
18740,60,20,0,0,0.01078780,0,0
18741,60,21,0,0,0.03680664,0,0
18742,60,22,0,0,0.01605039,0,0
18743,60,23,0,0,0.00654435,0,0
18744,60,24,0,0,0.02509794,0,0
18745,60,25,0,0,0.01857504,0,0
18746,60,26,0,0,0.00792276,0,0
18747,60,27,0,0,0.01895449,0,0
18748,60,28,0,0,0.01818892,0,0
18749,60,29,0,0,0.02198806,0,0
18750,60,30,0,0,0.02442291,0,0
18751,60,31,0,0,0.01711483,0,0
18752,60,32,0,0,0.00399699,0,0
18753,60,33,0,0,0.00837445,0,0
18754,60,34,0,0,0.00867993,0,0
18755,60,35,0,0,0.05378241,1,32
18756,60,36,0,0,0.01548164,0,0
18757,60,37,0,0,0.01868490,0,0
18758,60,38,0,0,0.02231744,0,0
18759,60,39,0,0,0.00986795,0,0
18760,60,40,0,0,0.02786566,0,0
18761,60,41,0,0,0.01276863,0,0
18762,60,42,0,0,0.03576739,0,0
18763,60,43,0,0,0.01703812,0,0
18764,60,44,0,0,0.01586586,0,0
18765,60,45,0,0,0.02099409,0,0
18766,60,46,0,0,0.03275233,0,0
18767,60,47,0,0,0.02278762,0,0
18768,60,48,0,0,0.01818777,0,0
18769,60,49,0,0,0.01832920,0,0
18770,60,50,0,0,0.00913126,0,0
18771,60,51,0,0,0.01619303,0,0
18772,60,52,0,0,0.01981834,0,0
18773,60,53,0,0,0.02404480,0,0
18774,60,54,0,0,0.00474159,0,0
18775,60,55,0,0,0.02265268,0,0
18776,60,56,0,0,0.01915412,0,0
18777,60,57,0,0,0.04405267,1,31
18778,60,58,0,0,0.01200832,0,0
18779,60,59,0,0,0.04774836,1,16
18780,60,60,0,0,0.01266433,0,0
18781,60,61,0,0,0.01077875,0,0
18782,60,62,0,0,0.03578525,0,0
18783,60,63,0,0,0.01320038,0,0
18784,60,64,0,0,0.01535463,0,0
18785,60,65,0,0,0.00956282,0,0
18786,60,66,0,0,0.01958705,0,0
18787,60,67,0,0,0.01297045,0,0
18788,60,68,0,0,0.02740006,0,0
18789,60,69,0,0,0.01506165,0,0
18790,60,70,0,0,0.02224430,0,0
18791,60,71,0,0,0.00994230,0,0
18792,60,72,0,0,0.03627287,0,0
18793,60,73,0,0,0.02041045,0,0
18794,60,74,0,0,0.01852014,0,0
18795,60,75,0,0,0.02792624,0,0
18796,60,76,0,0,0.02192156,0,0
18797,60,77,0,0,0.02648794,0,0
18798,60,78,0,0,0.01323188,0,0
18799,60,79,0,0,0.02860574,0,0
18800,60,80,0,0,0.03397162,0,0
18801,60,81,0,0,0.01458449,0,0
18802,60,82,0,0,0.00618632,0,0
18803,60,83,0,0,0.02310736,0,0
18804,60,84,0,0,0.01185345,0,0
18805,60,85,0,0,0.01646797,0,0
18806,60,86,0,0,0.01372165,0,0
18807,60,87,0,0,0.01756371,0,0
18808,60,88,0,0,0.03137853,0,0
18809,60,89,0,0,0.01638406,0,0
18810,60,90,0,0,0.02695769,0,0
18811,60,91,0,0,0.03706262,0,0
18812,60,92,0,0,0.02673427,0,0
18813,60,93,0,0,0.01778513,0,0
18814,60,94,0,0,0.01876646,0,0
18815,60,95,0,0,0.01454123,0,0
18816,60,96,0,0,0.02991102,0,0
18817,60,97,0,0,0.01343347,0,0
18818,60,98,0,0,0.00832092,0,0
18819,60,99,0,0,0.03027050,0,0
18820,60,100,0,0,0.00702922,0,0
18821,60,101,0,0,0.00559504,0,0
18822,60,102,0,0,0.01650246,0,0
18823,60,103,0,0,0.02310974,0,0
18824,60,104,0,0,0.01805281,0,0
18825,60,105,0,0,0.01116959,0,0
18826,60,106,0,0,0.01438514,0,0
18827,60,107,0,0,0.01673462,0,0
18828,60,108,0,0,0.02139707,0,0
18829,60,109,0,0,0.02599580,0,0
18830,60,110,0,0,0.02067955,0,0
18831,60,111,0,0,0.02017517,0,0
18832,60,112,0,0,0.03704396,0,0
18833,60,113,0,0,0.01225534,0,0
18834,60,114,0,0,0.00687386,0,0
18835,60,115,0,0,0.01215275,0,0
18836,60,116,0,0,0.01375283,0,0
18837,60,117,0,0,0.01338328,0,0
18838,60,118,0,0,0.01810955,0,0
18839,60,119,0,0,0.03778770,0,0
18840,60,120,0,0,0.02410119,0,0
18841,60,121,0,0,0.03297999,0,0
18842,60,122,0,0,0.03830335,0,0
18843,60,123,0,0,0.00376976,0,0
18844,60,124,0,0,0.01858621,0,0
18845,60,125,0,0,0.01795343,0,0
18846,60,126,0,0,0.00976105,0,0
18847,60,127,0,0,0.01274528,0,0
18848,60,128,0,0,0.03351900,0,0
18849,60,129,0,0,0.04544098,1,31
18850,60,130,0,0,0.01986222,0,0
18851,60,131,0,0,0.01290724,0,0
18852,60,132,0,0,0.02505532,0,0
18853,60,133,0,0,0.01111603,0,0
18854,60,134,0,0,0.00895287,0,0
18855,60,135,0,0,0.01707392,0,0
18856,60,136,0,0,0.03310182,0,0
18857,60,137,0,0,0.02280782,0,0
18858,60,138,0,0,0.02452349,0,0
18859,60,139,0,0,0.01109445,0,0
18860,60,140,0,0,0.03155498,0,0
18861,60,141,0,0,0.00724205,0,0
18862,60,142,0,0,0.02153386,0,0
18863,60,143,0,0,0.03245927,0,0
18864,60,144,0,0,0.01606999,0,0
18865,60,145,0,0,0.01504894,0,0
18866,60,146,0,0,0.02455689,0,0
18867,60,147,0,0,0.00893603,0,0
18868,60,148,0,0,0.01110324,0,0
18869,60,149,0,0,0.01887591,0,0
18870,60,150,0,0,0.00757887,0,0
18871,60,151,0,0,0.01548531,0,0
18872,60,152,0,0,0.01493008,0,0
18873,60,153,0,0,0.03913178,0,0
18874,60,154,0,0,0.04066494,1,31
18875,60,155,0,0,0.00351204,0,0
18876,60,156,0,0,0.02294159,0,0
18877,60,157,0,0,0.01408152,0,0
18878,60,158,0,0,0.05403297,1,29
18879,60,159,0,0,0.01358515,0,0
18880,60,160,0,0,0.01383465,0,0
18881,60,161,0,0,0.01127391,0,0
18882,60,162,0,0,0.02285524,0,0
18883,60,163,0,0,0.01962309,0,0
18884,60,164,0,0,0.00419372,0,0
18885,60,165,0,0,0.01879612,0,0
18886,60,166,0,0,0.01511246,0,0
18887,60,167,0,0,0.02320591,0,0
18888,60,168,0,0,0.01716074,0,0
18889,60,169,0,0,0.01872887,0,0
18890,60,170,0,0,0.02370503,0,0
18891,60,171,0,0,0.01715420,0,0
18892,60,172,0,0,0.02743187,0,0
18893,60,173,0,0,0.02839791,0,0
18894,60,174,0,0,0.00855775,0,0
18895,60,175,0,0,0.00417432,0,0
18896,60,176,0,0,0.01556058,0,0
18897,60,177,0,0,0.00837006,0,0
18898,60,178,0,0,0.02030353,0,0
18899,60,179,0,0,0.00339819,0,0
18900,60,180,0,0,0.01185962,0,0
18901,60,181,0,0,0.02581684,0,0
18902,60,182,0,0,0.01613352,0,0
18903,60,183,0,0,0.00751133,0,0
18904,60,184,0,0,0.01038698,0,0
18905,60,185,0,0,0.04314414,1,32
18906,60,186,0,0,0.04938452,1,32
18907,60,187,0,0,0.01852667,0,0
18908,60,188,0,0,0.04216669,1,30
18909,60,189,0,0,0.01198954,0,0
18910,60,190,0,0,0.01023725,0,0
18911,60,191,0,0,0.04216457,1,30
18912,60,192,0,0,0.01084575,0,0
18913,60,193,0,0,0.01238785,0,0
18914,60,194,0,0,0.02392398,0,0
18915,60,195,0,0,0.00726000,0,0
18916,60,196,0,0,0.00893503,0,0
18917,60,197,0,0,0.00920039,0,0
18918,60,198,0,0,0.01103494,0,0
18919,60,199,0,0,0.01303659,0,0
18920,60,200,0,0,0.01172816,0,0
18921,60,201,0,0,0.01948385,0,0
18922,60,202,0,0,0.00556246,0,0
18923,60,203,0,0,0.00662476,0,0
18924,60,204,0,0,0.00709214,0,0
18925,60,205,0,0,0.01601618,0,0
18926,60,206,0,0,0.00902659,0,0
18927,60,207,0,0,0.01493798,0,0
18928,60,208,0,0,0.02178184,0,0
18929,60,209,0,0,0.00469097,0,0
18930,60,210,0,0,0.01327628,0,0
18931,60,211,0,0,0.01660720,0,0
18932,60,212,0,0,0.02494684,0,0
18933,60,213,0,0,0.02965162,0,0
18934,60,214,0,0,0.01711736,0,0
18935,60,215,0,0,0.01385825,0,0
18936,60,216,0,0,0.02454904,0,0
18937,60,217,0,0,0.01234229,0,0
18938,60,218,0,0,0.02245379,0,0
18939,60,219,0,0,0.00506786,0,0
18940,60,220,0,0,0.01939650,0,0
18941,60,221,0,0,0.02830442,0,0
18942,60,222,0,0,0.02401931,0,0
18943,60,223,0,0,0.01630551,0,0
18944,60,224,0,0,0.03297988,0,0
18945,60,225,0,0,0.01142869,0,0
18946,60,226,0,0,0.01235727,0,0
18947,60,227,0,0,0.02524175,0,0
18948,60,228,0,0,0.00932662,0,0
18949,60,229,0,0,0.01398180,0,0
18950,60,230,0,0,0.02207602,0,0
18951,60,231,0,0,0.01079818,0,0
18952,60,232,0,0,0.03263529,0,0
18953,60,233,0,0,0.01652811,0,0
18954,60,234,0,0,0.01230365,0,0
18955,60,235,0,0,0.00583088,0,0
18956,60,236,0,0,0.05538720,1,31
18957,60,237,0,0,0.02451123,0,0
18958,60,238,0,0,0.02452170,0,0
18959,60,239,0,0,0.01323991,0,0
18960,60,240,0,0,0.02889410,0,0
18961,60,241,0,0,0.01600093,0,0
18962,60,242,0,0,0.01996414,0,0
18963,60,243,0,0,0.01376794,0,0
18964,60,244,0,0,0.02100816,0,0
18965,60,245,0,0,0.03638431,0,0
18966,60,246,0,0,0.02595251,0,0
18967,60,247,0,0,0.02046098,0,0
18968,60,248,0,0,0.02120308,0,0
18969,60,249,0,0,0.01358629,0,0
18970,60,250,0,0,0.03969146,0,0
18971,60,251,0,0,0.02080769,0,0
18972,60,252,0,0,0.02494672,0,0
18973,60,253,0,0,0.02788680,0,0
18974,60,254,0,0,0.01514230,0,0
18975,60,255,0,0,0.01889681,0,0
18976,60,256,0,0,0.01136513,0,0
18977,60,257,0,0,0.01913306,0,0
18978,60,258,0,0,0.02920145,0,0
18979,60,259,0,0,0.02760559,0,0
18980,60,260,0,0,0.02440132,0,0
18981,60,261,0,0,0.02984476,0,0
18982,60,262,0,0,0.01653986,0,0
18983,60,263,0,0,0.03604231,0,0
18984,60,264,0,0,0.02680000,0,0
18985,60,265,0,0,0.00965456,0,0
18986,60,266,0,0,0.02221797,0,0
18987,60,267,0,0,0.02871685,0,0
18988,60,268,0,0,0.01808887,0,0
18989,60,269,0,0,0.04457061,1,32
18990,60,270,0,0,0.02167301,0,0
18991,60,271,0,0,0.01708467,0,0
18992,60,272,0,0,0.02930260,0,0
18993,60,273,0,0,0.01981521,0,0
18994,60,274,0,0,0.01449195,0,0
18995,60,275,0,0,0.00945330,0,0
18996,60,276,0,0,0.01506698,0,0
18997,60,277,0,0,0.02504672,0,0
18998,60,278,0,0,0.01877105,0,0
18999,60,279,0,0,0.01058987,0,0
19000,60,280,0,0,0.01272764,0,0
19001,60,281,0,0,0.02774066,0,0
19002,60,282,0,0,0.01452812,0,0
19003,60,283,0,0,0.01955808,0,0
19004,60,284,0,0,0.02179665,0,0
19005,60,285,0,0,0.01498481,0,0
19006,60,286,0,0,0.00886967,0,0
19007,60,287,0,0,0.02240969,0,0
19008,60,288,0,0,0.02068647,0,0
19009,60,289,0,0,0.02463767,0,0
19010,60,290,0,0,0.02316792,0,0
19011,60,291,0,0,0.00991524,0,0
19012,60,292,0,0,0.01296921,0,0
19013,60,293,0,0,0.01982852,0,0
19014,60,294,0,0,0.00586011,0,0
19015,60,295,0,0,0.00971239,0,0
19016,60,296,0,0,0.04639935,1,32
19017,60,297,0,0,0.01360507,0,0
19018,60,298,0,0,0.01666992,0,0
19019,60,299,0,0,0.01105961,0,0
19020,60,300,0,0,0.02119688,0,0
19021,60,301,0,0,0.01758236,0,0
19022,60,302,0,0,0.01690097,0,0
19023,60,303,0,0,0.01649776,0,0
19024,60,304,0,0,0.00639631,0,0
19025,60,305,0,0,0.01154971,0,0
19026,60,306,0,0,0.02376900,0,0
19027,60,307,0,0,0.01385118,0,0
19028,60,308,0,0,0.02950166,0,0
19029,60,309,0,0,0.01970489,0,0
19030,60,310,0,0,0.01219961,0,0
19031,60,311,0,0,0.04197816,1,31
19032,61,0,1,0,0.02829373,0,0
19033,61,1,0,0,0.01623166,0,0
19034,61,2,0,0,0.01818720,0,0
19035,61,3,0,0,0.02313209,0,0
19036,61,4,0,0,0.01445311,0,0
19037,61,5,0,0,0.02717724,0,0
19038,61,6,0,0,0.00866170,0,0
19039,61,7,0,0,0.01655108,0,0
19040,61,8,0,0,0.00682151,0,0
19041,61,9,0,0,0.01306181,0,0
19042,61,10,0,0,0.01391491,0,0
19043,61,11,0,0,0.00925529,0,0
19044,61,12,0,0,0.00884276,0,0
19045,61,13,0,0,0.01303381,0,0
19046,61,14,0,0,0.02549846,0,0
19047,61,15,0,0,0.01185354,0,0
19048,61,16,0,0,0.01125849,0,0
19049,61,17,0,0,0.03225813,0,0
19050,61,18,0,0,0.00786963,0,0
19051,61,19,0,0,0.00907777,0,0
19052,61,20,0,0,0.01932725,0,0
19053,61,21,0,0,0.01144075,0,0
19054,61,22,0,0,0.02784908,0,0
19055,61,23,0,0,0.01753622,0,0
19056,61,24,0,0,0.01778562,0,0
19057,61,25,0,0,0.02028336,0,0
19058,61,26,0,0,0.01216809,0,0
19059,61,27,0,0,0.00665224,0,0
19060,61,28,0,0,0.01575577,0,0
19061,61,29,0,0,0.01072002,0,0
19062,61,30,0,0,0.03601075,0,0
19063,61,31,0,0,0.01313252,0,0
19064,61,32,0,0,0.01398753,0,0
19065,61,33,0,0,0.02180300,0,0
19066,61,34,0,0,0.00814344,0,0
19067,61,35,0,0,0.00638989,0,0
19068,61,36,0,0,0.01161484,0,0
19069,61,37,0,0,0.01043801,0,0
19070,61,38,0,0,0.01630757,0,0
19071,61,39,0,0,0.00679550,0,0
19072,61,40,0,0,0.01915128,0,0
19073,61,41,0,0,0.01324065,0,0
19074,61,42,0,0,0.01333721,0,0
19075,61,43,0,0,0.02499622,0,0
19076,61,44,0,0,0.01376551,0,0
19077,61,45,0,0,0.01394142,0,0
19078,61,46,0,0,0.01326467,0,0
19079,61,47,0,0,0.02632829,0,0
19080,61,48,0,0,0.01991012,0,0
19081,61,49,0,0,0.01682597,0,0
19082,61,50,0,0,0.01196490,0,0
19083,61,51,0,0,0.01647578,0,0
19084,61,52,0,0,0.02577256,0,0
19085,61,53,0,0,0.00943276,0,0
19086,61,54,0,0,0.03448929,0,0
19087,61,55,0,0,0.01251527,0,0
19088,61,56,0,0,0.01194581,0,0
19089,61,57,0,0,0.02915239,0,0
19090,61,58,0,0,0.02104408,0,0
19091,61,59,0,0,0.01321173,0,0
19092,61,60,0,0,0.04300657,1,16
19093,61,61,0,0,0.01709767,0,0
19094,61,62,0,0,0.03577112,0,0
19095,61,63,0,0,0.01954209,0,0
19096,61,64,0,0,0.02504600,0,0
19097,61,65,0,0,0.01608776,0,0
19098,61,66,0,0,0.01766502,0,0
19099,61,67,0,0,0.01703998,0,0
19100,61,68,0,0,0.01560526,0,0
19101,61,69,0,0,0.00873701,0,0
19102,61,70,0,0,0.01670007,0,0
19103,61,71,0,0,0.00961257,0,0
19104,61,72,0,0,0.00967659,0,0
19105,61,73,0,0,0.00765176,0,0
19106,61,74,0,0,0.02874658,0,0
19107,61,75,0,0,0.01287836,0,0
19108,61,76,0,0,0.03497572,0,0
19109,61,77,0,0,0.02747997,0,0
19110,61,78,0,0,0.01188374,0,0
19111,61,79,0,0,0.00425457,0,0
19112,61,80,0,0,0.00502461,0,0
19113,61,81,0,0,0.01438658,0,0
19114,61,82,0,0,0.01105169,0,0
19115,61,83,0,0,0.02151849,0,0
19116,61,84,0,0,0.02202076,0,0
19117,61,85,0,0,0.01207773,0,0
19118,61,86,0,0,0.02032461,0,0
19119,61,87,0,0,0.04240381,1,32
19120,61,88,0,0,0.02204440,0,0
19121,61,89,0,0,0.03437397,0,0
19122,61,90,0,0,0.00721619,0,0
19123,61,91,0,0,0.01952884,0,0
19124,61,92,0,0,0.04774151,1,32
19125,61,93,0,0,0.02561112,0,0
19126,61,94,0,0,0.05132900,1,32
19127,61,95,0,0,0.00682738,0,0
19128,61,96,0,0,0.00704896,0,0
19129,61,97,0,0,0.01068413,0,0
19130,61,98,0,0,0.02030109,0,0
19131,61,99,0,0,0.00749505,0,0
19132,61,100,0,0,0.02986556,0,0
19133,61,101,0,0,0.01597176,0,0
19134,61,102,0,0,0.00779504,0,0
19135,61,103,0,0,0.01778795,0,0
19136,61,104,0,0,0.00897823,0,0
19137,61,105,0,0,0.02261538,0,0
19138,61,106,0,0,0.00281165,0,0
19139,61,107,0,0,0.01714201,0,0
19140,61,108,0,0,0.01468880,0,0
19141,61,109,0,0,0.01606561,0,0
19142,61,110,0,0,0.03149128,0,0
19143,61,111,0,0,0.01735133,0,0
19144,61,112,0,0,0.01819311,0,0
19145,61,113,0,0,0.03386971,0,0
19146,61,114,0,0,0.00897222,0,0
19147,61,115,0,0,0.00448506,0,0
19148,61,116,0,0,0.02141889,0,0
19149,61,117,0,0,0.00750279,0,0
19150,61,118,0,0,0.00822988,0,0
19151,61,119,0,0,0.02270520,0,0
19152,61,120,0,0,0.03062747,0,0
19153,61,121,0,0,0.01933325,0,0
19154,61,122,0,0,0.02295621,0,0
19155,61,123,0,0,0.00905077,0,0
19156,61,124,0,0,0.00724759,0,0
19157,61,125,0,0,0.02744187,0,0
19158,61,126,0,0,0.02187657,0,0
19159,61,127,0,0,0.00576030,0,0
19160,61,128,0,0,0.00501871,0,0
19161,61,129,0,0,0.03040951,0,0
19162,61,130,0,0,0.03745456,0,0
19163,61,131,0,0,0.01343079,0,0
19164,61,132,0,0,0.01513556,0,0
19165,61,133,0,0,0.01498128,0,0
19166,61,134,0,0,0.02280194,0,0
19167,61,135,0,0,0.02478216,0,0
19168,61,136,0,0,0.02533830,0,0
19169,61,137,0,0,0.00891541,0,0
19170,61,138,0,0,0.03085162,0,0
19171,61,139,0,0,0.03128678,0,0
19172,61,140,0,0,0.00162439,0,0
19173,61,141,0,0,0.03212685,0,0
19174,61,142,0,0,0.03590292,0,0
19175,61,143,0,0,0.02762211,0,0
19176,61,144,0,0,0.03606872,0,0
19177,61,145,0,0,0.01276169,0,0
19178,61,146,0,0,0.00898089,0,0
19179,61,147,0,0,0.01346503,0,0
19180,61,148,0,0,0.00670666,0,0
19181,61,149,0,0,0.01168878,0,0
19182,61,150,0,0,0.00826091,0,0
19183,61,151,0,0,0.01472720,0,0
19184,61,152,0,0,0.02767185,0,0
19185,61,153,0,0,0.00718571,0,0
19186,61,154,0,0,0.00561959,0,0
19187,61,155,0,0,0.03390426,0,0
19188,61,156,0,0,0.00208095,0,0
19189,61,157,0,0,0.03556399,0,0
19190,61,158,0,0,0.01846442,0,0
19191,61,159,0,0,0.02918329,0,0
19192,61,160,0,0,0.01862929,0,0
19193,61,161,0,0,0.02292208,0,0
19194,61,162,0,0,0.02697525,0,0
19195,61,163,0,0,0.02761561,0,0
19196,61,164,0,0,0.01361922,0,0
19197,61,165,0,0,0.00728085,0,0
19198,61,166,0,0,0.02315045,0,0
19199,61,167,0,0,0.01047145,0,0
19200,61,168,0,0,0.02499381,0,0
19201,61,169,0,0,0.01425812,0,0
19202,61,170,0,0,0.01113477,0,0
19203,61,171,0,0,0.02531534,0,0
19204,61,172,0,0,0.02081156,0,0
19205,61,173,0,0,0.02408640,0,0
19206,61,174,0,0,0.02476514,0,0
19207,61,175,0,0,0.01354239,0,0
19208,61,176,0,0,0.01427828,0,0
19209,61,177,0,0,0.02906130,0,0
19210,61,178,0,0,0.01555678,0,0
19211,61,179,0,0,0.01357706,0,0
19212,61,180,0,0,0.00661261,0,0
19213,61,181,0,0,0.00952574,0,0
19214,61,182,0,0,0.02603863,0,0
19215,61,183,0,0,0.01446862,0,0
19216,61,184,0,0,0.02532142,0,0
19217,61,185,0,0,0.01969509,0,0
19218,61,186,0,0,0.01558948,0,0
19219,61,187,0,0,0.07104607,1,29
19220,61,188,0,0,0.03152788,0,0
19221,61,189,0,0,0.01966535,0,0
19222,61,190,0,0,0.02483232,0,0
19223,61,191,0,0,0.01640594,0,0
19224,61,192,0,0,0.03368884,0,0
19225,61,193,0,0,0.01674900,0,0
19226,61,194,0,0,0.00942710,0,0
19227,61,195,0,0,0.03006196,0,0
19228,61,196,0,0,0.01507007,0,0
19229,61,197,0,0,0.03849915,0,0
19230,61,198,0,0,0.01596996,0,0
19231,61,199,0,0,0.03087793,0,0
19232,61,200,0,0,0.01104529,0,0
19233,61,201,0,0,0.01393506,0,0
19234,61,202,0,0,0.02368004,0,0
19235,61,203,0,0,0.01402397,0,0
19236,61,204,0,0,0.00594729,0,0
19237,61,205,0,0,0.02041152,0,0
19238,61,206,0,0,0.00565685,0,0
19239,61,207,0,0,0.03429460,0,0
19240,61,208,0,0,0.02488782,0,0
19241,61,209,0,0,0.00716843,0,0
19242,61,210,0,0,0.01225591,0,0
19243,61,211,0,0,0.02412894,0,0
19244,61,212,0,0,0.02402658,0,0
19245,61,213,0,0,0.01655301,0,0
19246,61,214,0,0,0.03006107,0,0
19247,61,215,0,0,0.02281209,0,0
19248,61,216,0,0,0.01612164,0,0
19249,61,217,0,0,0.02502963,0,0
19250,61,218,0,0,0.01647338,0,0
19251,61,219,0,0,0.00668709,0,0
19252,61,220,0,0,0.01936175,0,0
19253,61,221,0,0,0.01501567,0,0
19254,61,222,0,0,0.01782953,0,0
19255,61,223,0,0,0.00524558,0,0
19256,61,224,0,0,0.01330292,0,0
19257,61,225,0,0,0.01460274,0,0
19258,61,226,0,0,0.01593164,0,0
19259,61,227,0,0,0.00841833,0,0
19260,61,228,0,0,0.03812480,0,0
19261,61,229,0,0,0.01448781,0,0
19262,61,230,0,0,0.01756007,0,0
19263,61,231,0,0,0.02462853,0,0
19264,61,232,0,0,0.01143594,0,0
19265,61,233,0,0,0.02534370,0,0
19266,61,234,0,0,0.02875197,0,0
19267,61,235,0,0,0.01619349,0,0
19268,61,236,0,0,0.01304603,0,0
19269,61,237,0,0,0.04725634,1,31
19270,61,238,0,0,0.00987287,0,0
19271,61,239,0,0,0.02318338,0,0
19272,61,240,0,0,0.01738108,0,0
19273,61,241,0,0,0.03165947,0,0
19274,61,242,0,0,0.00985389,0,0
19275,61,243,0,0,0.01588906,0,0
19276,61,244,0,0,0.02068271,0,0
19277,61,245,0,0,0.01312707,0,0
19278,61,246,0,0,0.01410867,0,0
19279,61,247,0,0,0.02028099,0,0
19280,61,248,0,0,0.02063879,0,0
19281,61,249,0,0,0.02133383,0,0
19282,61,250,0,0,0.02299140,0,0
19283,61,251,0,0,0.03523671,0,0
19284,61,252,0,0,0.02266008,0,0
19285,61,253,0,0,0.01398027,0,0
19286,61,254,0,0,0.03996990,0,0
19287,61,255,0,0,0.03389834,0,0
19288,61,256,0,0,0.03677991,0,0
19289,61,257,0,0,0.01534702,0,0
19290,61,258,0,0,0.02537097,0,0
19291,61,259,0,0,0.03339159,0,0
19292,61,260,0,0,0.01333421,0,0
19293,61,261,0,0,0.02906988,0,0
19294,61,262,0,0,0.01358170,0,0
19295,61,263,0,0,0.01896480,0,0
19296,61,264,0,0,0.04474694,1,31
19297,61,265,0,0,0.00797415,0,0
19298,61,266,0,0,0.01329357,0,0
19299,61,267,0,0,0.01929836,0,0
19300,61,268,0,0,0.05411775,1,32
19301,61,269,0,0,0.01956629,0,0
19302,61,270,0,0,0.05518431,1,32
19303,61,271,0,0,0.02315782,0,0
19304,61,272,0,0,0.00555411,0,0
19305,61,273,0,0,0.02070433,0,0
19306,61,274,0,0,0.02994452,0,0
19307,61,275,0,0,0.00960548,0,0
19308,61,276,0,0,0.01985462,0,0
19309,61,277,0,0,0.02229826,0,0
19310,61,278,0,0,0.01037639,0,0
19311,61,279,0,0,0.00655833,0,0
19312,61,280,0,0,0.00852590,0,0
19313,61,281,0,0,0.01896961,0,0
19314,61,282,0,0,0.04052845,1,30
19315,61,283,0,0,0.02094811,0,0
19316,61,284,0,0,0.03500607,0,0
19317,61,285,0,0,0.00934415,0,0
19318,61,286,0,0,0.00921394,0,0
19319,61,287,0,0,0.00724632,0,0
19320,61,288,0,0,0.03854742,0,0
19321,61,289,0,0,0.02081189,0,0
19322,61,290,0,0,0.01438125,0,0
19323,61,291,0,0,0.01499227,0,0
19324,61,292,0,0,0.02385646,0,0
19325,61,293,0,0,0.01292522,0,0
19326,61,294,0,0,0.02782086,0,0
19327,61,295,0,0,0.02379310,0,0
19328,61,296,0,0,0.01247682,0,0
19329,61,297,0,0,0.03216898,0,0
19330,61,298,0,0,0.01618115,0,0
19331,61,299,0,0,0.03327838,0,0
19332,61,300,0,0,0.00974900,0,0
19333,61,301,0,0,0.01681596,0,0
19334,61,302,0,0,0.02364820,0,0
19335,61,303,0,0,0.01483665,0,0
19336,61,304,0,0,0.02768756,0,0
19337,61,305,0,0,0.00760549,0,0
19338,61,306,0,0,0.03682605,0,0
19339,61,307,0,0,0.01527378,0,0
19340,61,308,0,0,0.00788274,0,0
19341,61,309,0,0,0.02197235,0,0
19342,61,310,0,0,0.01807156,0,0
19343,61,311,0,0,0.01553355,0,0
19344,62,0,1,0,0.04204371,1,31
19345,62,1,0,0,0.02638676,0,0
19346,62,2,0,0,0.00915380,0,0
19347,62,3,0,0,0.04202444,1,32
19348,62,4,0,0,0.02353968,0,0
19349,62,5,0,0,0.00993918,0,0
19350,62,6,0,0,0.01643163,0,0
19351,62,7,0,0,0.00589442,0,0
19352,62,8,0,0,0.01821257,0,0
19353,62,9,0,0,0.00691605,0,0
19354,62,10,0,0,0.01284184,0,0
19355,62,11,0,0,0.01041476,0,0
19356,62,12,0,0,0.00931083,0,0
19357,62,13,0,0,0.02141066,0,0
19358,62,14,0,0,0.01941285,0,0
19359,62,15,0,0,0.02035106,0,0
19360,62,16,0,0,0.00950752,0,0
19361,62,17,0,0,0.02184794,0,0
19362,62,18,0,0,0.00670010,0,0
19363,62,19,0,0,0.02866528,0,0
19364,62,20,0,0,0.00582551,0,0
19365,62,21,0,0,0.01274187,0,0
19366,62,22,0,0,0.00781481,0,0
19367,62,23,0,0,0.01602208,0,0
19368,62,24,0,0,0.01867172,0,0
19369,62,25,0,0,0.02144460,0,0
19370,62,26,0,0,0.05708662,1,31
19371,62,27,0,0,0.01870588,0,0
19372,62,28,0,0,0.03031505,0,0
19373,62,29,0,0,0.00662625,0,0
19374,62,30,0,0,0.02102194,0,0
19375,62,31,0,0,0.01480172,0,0
19376,62,32,0,0,0.00572160,0,0
19377,62,33,0,0,0.01254085,0,0
19378,62,34,0,0,0.00768008,0,0
19379,62,35,0,0,0.00954794,0,0
19380,62,36,0,0,0.00503866,0,0
19381,62,37,0,0,0.03043191,0,0
19382,62,38,0,0,0.01513875,0,0
19383,62,39,0,0,0.02152979,0,0
19384,62,40,0,0,0.02307794,0,0
19385,62,41,0,0,0.01642030,0,0
19386,62,42,0,0,0.01522838,0,0
19387,62,43,0,0,0.01744242,0,0
19388,62,44,0,0,0.01614734,0,0
19389,62,45,0,0,0.02323972,0,0
19390,62,46,0,0,0.02465957,0,0
19391,62,47,0,0,0.02189368,0,0
19392,62,48,0,0,0.01383092,0,0
19393,62,49,0,0,0.01699527,0,0
19394,62,50,0,0,0.00860906,0,0
19395,62,51,0,0,0.03448626,0,0
19396,62,52,0,0,0.02917185,0,0
19397,62,53,0,0,0.00841096,0,0
19398,62,54,0,0,0.03560586,0,0
19399,62,55,0,0,0.02557422,0,0
19400,62,56,0,0,0.01097263,0,0
19401,62,57,0,0,0.00973775,0,0
19402,62,58,0,0,0.02788889,0,0
19403,62,59,0,0,0.02731587,0,0
19404,62,60,0,0,0.02306877,0,0
19405,62,61,0,0,0.07298765,1,15
19406,62,62,0,0,0.01954123,0,0
19407,62,63,0,0,0.02982217,0,0
19408,62,64,0,0,0.01250250,0,0
19409,62,65,0,0,0.01825308,0,0
19410,62,66,0,0,0.02096903,0,0
19411,62,67,0,0,0.01477288,0,0
19412,62,68,0,0,0.02690168,0,0
19413,62,69,0,0,0.02983599,0,0
19414,62,70,0,0,0.02063575,0,0
19415,62,71,0,0,0.01651397,0,0
19416,62,72,0,0,0.02432889,0,0
19417,62,73,0,0,0.01272157,0,0
19418,62,74,0,0,0.01923738,0,0
19419,62,75,0,0,0.02415783,0,0
19420,62,76,0,0,0.01357616,0,0
19421,62,77,0,0,0.01810339,0,0
19422,62,78,0,0,0.01664957,0,0
19423,62,79,0,0,0.01240154,0,0
19424,62,80,0,0,0.01029176,0,0
19425,62,81,0,0,0.02553947,0,0
19426,62,82,0,0,0.01995157,0,0
19427,62,83,0,0,0.01333812,0,0
19428,62,84,0,0,0.01035652,0,0
19429,62,85,0,0,0.02275862,0,0
19430,62,86,0,0,0.00928241,0,0
19431,62,87,0,0,0.04224999,1,31
19432,62,88,0,0,0.01599026,0,0
19433,62,89,0,0,0.01819995,0,0
19434,62,90,0,0,0.03169614,0,0
19435,62,91,0,0,0.02274735,0,0
19436,62,92,0,0,0.04330065,1,31
19437,62,93,0,0,0.05521509,1,32
19438,62,94,0,0,0.03277874,0,0
19439,62,95,0,0,0.02467375,0,0
19440,62,96,0,0,0.03058363,0,0
19441,62,97,0,0,0.01899717,0,0
19442,62,98,0,0,0.02585155,0,0
19443,62,99,0,0,0.02681833,0,0
19444,62,100,0,0,0.00907175,0,0
19445,62,101,0,0,0.01211824,0,0
19446,62,102,0,0,0.00798365,0,0
19447,62,103,0,0,0.02970261,0,0
19448,62,104,0,0,0.01006772,0,0
19449,62,105,0,0,0.01241782,0,0
19450,62,106,0,0,0.01547375,0,0
19451,62,107,0,0,0.01660410,0,0
19452,62,108,0,0,0.01138619,0,0
19453,62,109,0,0,0.02096531,0,0
19454,62,110,0,0,0.02605579,0,0
19455,62,111,0,0,0.03031785,0,0
19456,62,112,0,0,0.02809561,0,0
19457,62,113,0,0,0.02488979,0,0
19458,62,114,0,0,0.02713455,0,0
19459,62,115,0,0,0.02357783,0,0
19460,62,116,0,0,0.01037791,0,0
19461,62,117,0,0,0.02424729,0,0
19462,62,118,0,0,0.01193000,0,0
19463,62,119,0,0,0.01231150,0,0
19464,62,120,0,0,0.01878369,0,0
19465,62,121,0,0,0.04772223,1,32
19466,62,122,0,0,0.00754449,0,0
19467,62,123,0,0,0.03263135,0,0
19468,62,124,0,0,0.01724026,0,0
19469,62,125,0,0,0.01663139,0,0
19470,62,126,0,0,0.02413382,0,0
19471,62,127,0,0,0.02622919,0,0
19472,62,128,0,0,0.03008942,0,0
19473,62,129,0,0,0.01635910,0,0
19474,62,130,0,0,0.03818838,0,0
19475,62,131,0,0,0.01266362,0,0
19476,62,132,0,0,0.03808308,0,0
19477,62,133,0,0,0.00624974,0,0
19478,62,134,0,0,0.01201618,0,0
19479,62,135,0,0,0.01200410,0,0
19480,62,136,0,0,0.03226009,0,0
19481,62,137,0,0,0.03753794,0,0
19482,62,138,0,0,0.02017689,0,0
19483,62,139,0,0,0.01730387,0,0
19484,62,140,0,0,0.03216947,0,0
19485,62,141,0,0,0.00588111,0,0
19486,62,142,0,0,0.03198545,0,0
19487,62,143,0,0,0.01047895,0,0
19488,62,144,0,0,0.03827864,0,0
19489,62,145,0,0,0.01770617,0,0
19490,62,146,0,0,0.00504118,0,0
19491,62,147,0,0,0.01017559,0,0
19492,62,148,0,0,0.00956170,0,0
19493,62,149,0,0,0.00674634,0,0
19494,62,150,0,0,0.01048829,0,0
19495,62,151,0,0,0.02039583,0,0
19496,62,152,0,0,0.01048199,0,0
19497,62,153,0,0,0.01849317,0,0
19498,62,154,0,0,0.01352081,0,0
19499,62,155,0,0,0.04283258,1,28
19500,62,156,0,0,0.02332326,0,0
19501,62,157,0,0,0.01046278,0,0
19502,62,158,0,0,0.01380931,0,0
19503,62,159,0,0,0.01649138,0,0
19504,62,160,0,0,0.01523393,0,0
19505,62,161,0,0,0.02062219,0,0
19506,62,162,0,0,0.02278620,0,0
19507,62,163,0,0,0.01184624,0,0
19508,62,164,0,0,0.02270318,0,0
19509,62,165,0,0,0.02749618,0,0
19510,62,166,0,0,0.00567318,0,0
19511,62,167,0,0,0.01177549,0,0
19512,62,168,0,0,0.02613296,0,0
19513,62,169,0,0,0.01725002,0,0
19514,62,170,0,0,0.01473664,0,0
19515,62,171,0,0,0.03647461,0,0
19516,62,172,0,0,0.02218204,0,0
19517,62,173,0,0,0.03786649,0,0
19518,62,174,0,0,0.02552202,0,0
19519,62,175,0,0,0.03366277,0,0
19520,62,176,0,0,0.01103603,0,0
19521,62,177,0,0,0.00398184,0,0
19522,62,178,0,0,0.02220498,0,0
19523,62,179,0,0,0.01304866,0,0
19524,62,180,0,0,0.02308916,0,0
19525,62,181,0,0,0.00745253,0,0
19526,62,182,0,0,0.01767074,0,0
19527,62,183,0,0,0.02591833,0,0
19528,62,184,0,0,0.00808801,0,0
19529,62,185,0,0,0.01937321,0,0
19530,62,186,0,0,0.02944817,0,0
19531,62,187,0,0,0.01236928,0,0
19532,62,188,0,0,0.03054096,0,0
19533,62,189,0,0,0.01802382,0,0
19534,62,190,0,0,0.04596156,1,32
19535,62,191,0,0,0.01754763,0,0
19536,62,192,0,0,0.00821739,0,0
19537,62,193,0,0,0.02831343,0,0
19538,62,194,0,0,0.01209581,0,0
19539,62,195,0,0,0.01037159,0,0
19540,62,196,0,0,0.01324206,0,0
19541,62,197,0,0,0.01905390,0,0
19542,62,198,0,0,0.01063501,0,0
19543,62,199,0,0,0.02244668,0,0
19544,62,200,0,0,0.02310514,0,0
19545,62,201,0,0,0.01019133,0,0
19546,62,202,0,0,0.01170357,0,0
19547,62,203,0,0,0.02227446,0,0
19548,62,204,0,0,0.00748078,0,0
19549,62,205,0,0,0.00703797,0,0
19550,62,206,0,0,0.01970714,0,0
19551,62,207,0,0,0.01618572,0,0
19552,62,208,0,0,0.00811206,0,0
19553,62,209,0,0,0.02748779,0,0
19554,62,210,0,0,0.01891704,0,0
19555,62,211,0,0,0.01648880,0,0
19556,62,212,0,0,0.01530023,0,0
19557,62,213,0,0,0.03089034,0,0
19558,62,214,0,0,0.01090706,0,0
19559,62,215,0,0,0.01590203,0,0
19560,62,216,0,0,0.00858586,0,0
19561,62,217,0,0,0.01344594,0,0
19562,62,218,0,0,0.01569515,0,0
19563,62,219,0,0,0.02506095,0,0
19564,62,220,0,0,0.01886708,0,0
19565,62,221,0,0,0.00318018,0,0
19566,62,222,0,0,0.01624876,0,0
19567,62,223,0,0,0.03553053,0,0
19568,62,224,0,0,0.01481134,0,0
19569,62,225,0,0,0.05358873,1,32
19570,62,226,0,0,0.01931505,0,0
19571,62,227,0,0,0.01128447,0,0
19572,62,228,0,0,0.02015508,0,0
19573,62,229,0,0,0.01103989,0,0
19574,62,230,0,0,0.01481667,0,0
19575,62,231,0,0,0.02107516,0,0
19576,62,232,0,0,0.02062559,0,0
19577,62,233,0,0,0.01280998,0,0
19578,62,234,0,0,0.05125322,1,32
19579,62,235,0,0,0.03497972,0,0
19580,62,236,0,0,0.01548591,0,0
19581,62,237,0,0,0.01004571,0,0
19582,62,238,0,0,0.05675281,1,31
19583,62,239,0,0,0.02557818,0,0
19584,62,240,0,0,0.01320020,0,0
19585,62,241,0,0,0.01111303,0,0
19586,62,242,0,0,0.04226378,1,32
19587,62,243,0,0,0.03275437,0,0
19588,62,244,0,0,0.02155038,0,0
19589,62,245,0,0,0.00425702,0,0
19590,62,246,0,0,0.03816755,0,0
19591,62,247,0,0,0.02488963,0,0
19592,62,248,0,0,0.03074891,0,0
19593,62,249,0,0,0.04056725,1,31
19594,62,250,0,0,0.04076824,1,30
19595,62,251,0,0,0.01620314,0,0
19596,62,252,0,0,0.02651355,0,0
19597,62,253,0,0,0.01753799,0,0
19598,62,254,0,0,0.00775190,0,0
19599,62,255,0,0,0.03623185,0,0
19600,62,256,0,0,0.05938486,1,32
19601,62,257,0,0,0.01324820,0,0
19602,62,258,0,0,0.02250594,0,0
19603,62,259,0,0,0.03381884,0,0
19604,62,260,0,0,0.02757907,0,0
19605,62,261,0,0,0.03318800,0,0
19606,62,262,0,0,0.02962890,0,0
19607,62,263,0,0,0.04152609,1,31
19608,62,264,0,0,0.01081090,0,0
19609,62,265,0,0,0.02267476,0,0
19610,62,266,0,0,0.01292473,0,0
19611,62,267,0,0,0.01362310,0,0
19612,62,268,0,0,0.00343755,0,0
19613,62,269,0,0,0.02212038,0,0
19614,62,270,0,0,0.01348213,0,0
19615,62,271,0,0,0.04247151,1,32
19616,62,272,0,0,0.03871961,0,0
19617,62,273,0,0,0.02113254,0,0
19618,62,274,0,0,0.03160409,0,0
19619,62,275,0,0,0.01776759,0,0
19620,62,276,0,0,0.01391593,0,0
19621,62,277,0,0,0.02964414,0,0
19622,62,278,0,0,0.02924932,0,0
19623,62,279,0,0,0.01252789,0,0
19624,62,280,0,0,0.03024289,0,0
19625,62,281,0,0,0.01084634,0,0
19626,62,282,0,0,0.01698116,0,0
19627,62,283,0,0,0.01186907,0,0
19628,62,284,0,0,0.00915382,0,0
19629,62,285,0,0,0.01615742,0,0
19630,62,286,0,0,0.00899920,0,0
19631,62,287,0,0,0.00967370,0,0
19632,62,288,0,0,0.01240903,0,0
19633,62,289,0,0,0.02504366,0,0
19634,62,290,0,0,0.01717430,0,0
19635,62,291,0,0,0.01620159,0,0
19636,62,292,0,0,0.03338255,0,0
19637,62,293,0,0,0.01539632,0,0
19638,62,294,0,0,0.01031708,0,0
19639,62,295,0,0,0.03856548,0,0
19640,62,296,0,0,0.01977907,0,0
19641,62,297,0,0,0.01393759,0,0
19642,62,298,0,0,0.03412609,0,0
19643,62,299,0,0,0.01300790,0,0
19644,62,300,0,0,0.01009725,0,0
19645,62,301,0,0,0.01783761,0,0
19646,62,302,0,0,0.02180448,0,0
19647,62,303,0,0,0.01661334,0,0
19648,62,304,0,0,0.01041640,0,0
19649,62,305,0,0,0.02558058,0,0
19650,62,306,0,0,0.01163239,0,0
19651,62,307,0,0,0.01072149,0,0
19652,62,308,0,0,0.03014296,0,0
19653,62,309,0,0,0.01337825,0,0
19654,62,310,0,0,0.05357118,1,30
19655,62,311,0,0,0.00609492,0,0
19656,63,0,1,0,0.02630875,0,0
19657,63,1,0,0,0.03547322,0,0
19658,63,2,0,0,0.01382428,0,0
19659,63,3,0,0,0.01190226,0,0
19660,63,4,0,0,0.03616187,0,0
19661,63,5,0,0,0.01728243,0,0
19662,63,6,0,0,0.01929007,0,0
19663,63,7,0,0,0.02692200,0,0
19664,63,8,0,0,0.01119412,0,0
19665,63,9,0,0,0.01114941,0,0
19666,63,10,0,0,0.02002863,0,0
19667,63,11,0,0,0.01167364,0,0
19668,63,12,0,0,0.02119680,0,0
19669,63,13,0,0,0.01103370,0,0
19670,63,14,0,0,0.01036211,0,0
19671,63,15,0,0,0.01950194,0,0
19672,63,16,0,0,0.01346099,0,0
19673,63,17,0,0,0.01088044,0,0
19674,63,18,0,0,0.01814124,0,0
19675,63,19,0,0,0.01368704,0,0
19676,63,20,0,0,0.00787628,0,0
19677,63,21,0,0,0.01341291,0,0
19678,63,22,0,0,0.02043662,0,0
19679,63,23,0,0,0.01390434,0,0
19680,63,24,0,0,0.01477885,0,0
19681,63,25,0,0,0.00625888,0,0
19682,63,26,0,0,0.00894324,0,0
19683,63,27,0,0,0.03527160,0,0
19684,63,28,0,0,0.01679499,0,0
19685,63,29,0,0,0.02848530,0,0
19686,63,30,0,0,0.01413077,0,0
19687,63,31,0,0,0.02198991,0,0
19688,63,32,0,0,0.02528869,0,0
19689,63,33,0,0,0.01746008,0,0
19690,63,34,0,0,0.00926507,0,0
19691,63,35,0,0,0.00909968,0,0
19692,63,36,0,0,0.01956133,0,0
19693,63,37,0,0,0.01805619,0,0
19694,63,38,0,0,0.01263425,0,0
19695,63,39,0,0,0.01766147,0,0
19696,63,40,0,0,0.05016496,1,32
19697,63,41,0,0,0.02274494,0,0
19698,63,42,0,0,0.00816488,0,0
19699,63,43,0,0,0.01328126,0,0
19700,63,44,0,0,0.01169971,0,0
19701,63,45,0,0,0.02262823,0,0
19702,63,46,0,0,0.02182940,0,0
19703,63,47,0,0,0.01390173,0,0
19704,63,48,0,0,0.01488160,0,0
19705,63,49,0,0,0.01573298,0,0
19706,63,50,0,0,0.02870553,0,0
19707,63,51,0,0,0.00846327,0,0
19708,63,52,0,0,0.01137911,0,0
19709,63,53,0,0,0.01034063,0,0
19710,63,54,0,0,0.01373742,0,0
19711,63,55,0,0,0.02177331,0,0
19712,63,56,0,0,0.04868837,1,32
19713,63,57,0,0,0.01191168,0,0
19714,63,58,0,0,0.00663723,0,0
19715,63,59,0,0,0.03533342,0,0
19716,63,60,0,0,0.03189972,0,0
19717,63,61,0,0,0.01206017,0,0
19718,63,62,0,0,0.02510932,0,0
19719,63,63,0,0,0.01770322,0,0
19720,63,64,0,0,0.02591264,0,0
19721,63,65,0,0,0.03193472,0,0
19722,63,66,0,0,0.04503243,1,32
19723,63,67,0,0,0.01252806,0,0
19724,63,68,0,0,0.01715891,0,0
19725,63,69,0,0,0.03104198,0,0
19726,63,70,0,0,0.02675757,0,0
19727,63,71,0,0,0.01721449,0,0
19728,63,72,0,0,0.02631108,0,0
19729,63,73,0,0,0.01271742,0,0
19730,63,74,0,0,0.01190347,0,0
19731,63,75,0,0,0.00881045,0,0
19732,63,76,0,0,0.03804343,0,0
19733,63,77,0,0,0.02908403,0,0
19734,63,78,0,0,0.01371093,0,0
19735,63,79,0,0,0.01583124,0,0
19736,63,80,0,0,0.02309176,0,0
19737,63,81,0,0,0.01188891,0,0
19738,63,82,0,0,0.01623385,0,0
19739,63,83,0,0,0.02966198,0,0
19740,63,84,0,0,0.03245335,0,0
19741,63,85,0,0,0.01356387,0,0
19742,63,86,0,0,0.06020576,1,32
19743,63,87,0,0,0.02124007,0,0
19744,63,88,0,0,0.02745365,0,0
19745,63,89,0,0,0.01738199,0,0
19746,63,90,0,0,0.03626426,0,0
19747,63,91,0,0,0.03135364,0,0
19748,63,92,0,0,0.01469040,0,0
19749,63,93,0,0,0.03621635,0,0
19750,63,94,0,0,0.08432345,1,32
19751,63,95,0,0,0.06460282,1,32
19752,63,96,0,0,0.02212270,0,0
19753,63,97,0,0,0.01517441,0,0
19754,63,98,0,0,0.02473470,0,0
19755,63,99,0,0,0.02952373,0,0
19756,63,100,0,0,0.01350776,0,0
19757,63,101,0,0,0.02272100,0,0
19758,63,102,0,0,0.02768517,0,0
19759,63,103,0,0,0.01952933,0,0
19760,63,104,0,0,0.02465124,0,0
19761,63,105,0,0,0.04013100,1,32
19762,63,106,0,0,0.01139342,0,0
19763,63,107,0,0,0.05180411,1,32
19764,63,108,0,0,0.02001678,0,0
19765,63,109,0,0,0.02227254,0,0
19766,63,110,0,0,0.05273255,1,32
19767,63,111,0,0,0.01850815,0,0
19768,63,112,0,0,0.02696932,0,0
19769,63,113,0,0,0.03620667,0,0
19770,63,114,0,0,0.02953493,0,0
19771,63,115,0,0,0.04840983,1,32
19772,63,116,0,0,0.02007006,0,0
19773,63,117,0,0,0.02385250,0,0
19774,63,118,0,0,0.01863545,0,0
19775,63,119,0,0,0.01034155,0,0
19776,63,120,0,0,0.01230848,0,0
19777,63,121,0,0,0.03026194,0,0
19778,63,122,0,0,0.01868463,0,0
19779,63,123,0,0,0.00703096,0,0
19780,63,124,0,0,0.02490620,0,0
19781,63,125,0,0,0.01674840,0,0
19782,63,126,0,0,0.02256314,0,0
19783,63,127,0,0,0.02210943,0,0
19784,63,128,0,0,0.02297134,0,0
19785,63,129,0,0,0.02839183,0,0
19786,63,130,0,0,0.03335153,0,0
19787,63,131,0,0,0.02810691,0,0
19788,63,132,0,0,0.04636038,1,32
19789,63,133,0,0,0.01300993,0,0
19790,63,134,0,0,0.01707789,0,0
19791,63,135,0,0,0.01929172,0,0
19792,63,136,0,0,0.01082772,0,0
19793,63,137,0,0,0.01384879,0,0
19794,63,138,0,0,0.01981164,0,0
19795,63,139,0,0,0.02032816,0,0
19796,63,140,0,0,0.02327801,0,0
19797,63,141,0,0,0.01917538,0,0
19798,63,142,0,0,0.01810522,0,0
19799,63,143,0,0,0.03994072,0,0
19800,63,144,0,0,0.01491667,0,0
19801,63,145,0,0,0.02055649,0,0
19802,63,146,0,0,0.04322178,1,32
19803,63,147,0,0,0.04080146,1,32
19804,63,148,0,0,0.02937966,0,0
19805,63,149,0,0,0.06248570,1,32
19806,63,150,0,0,0.00338180,0,0
19807,63,151,0,0,0.01511175,0,0
19808,63,152,0,0,0.02135836,0,0
19809,63,153,0,0,0.01052044,0,0
19810,63,154,0,0,0.02634933,0,0
19811,63,155,0,0,0.01761913,0,0
19812,63,156,0,0,0.02436053,0,0
19813,63,157,0,0,0.01437983,0,0
19814,63,158,0,0,0.01427162,0,0
19815,63,159,0,0,0.01947859,0,0
19816,63,160,0,0,0.02309342,0,0
19817,63,161,0,0,0.05662509,1,32
19818,63,162,0,0,0.00603340,0,0
19819,63,163,0,0,0.00897346,0,0
19820,63,164,0,0,0.02571146,0,0
19821,63,165,0,0,0.02468118,0,0
19822,63,166,0,0,0.02953055,0,0
19823,63,167,0,0,0.00263234,0,0
19824,63,168,0,0,0.04707402,1,32
19825,63,169,0,0,0.01119719,0,0
19826,63,170,0,0,0.04686056,1,31
19827,63,171,0,0,0.01307004,0,0
19828,63,172,0,0,0.02219329,0,0
19829,63,173,0,0,0.01736285,0,0
19830,63,174,0,0,0.03297926,0,0
19831,63,175,0,0,0.04964504,1,31
19832,63,176,0,0,0.03677454,0,0
19833,63,177,0,0,0.01746755,0,0
19834,63,178,0,0,0.01118477,0,0
19835,63,179,0,0,0.01808792,0,0
19836,63,180,0,0,0.00726975,0,0
19837,63,181,0,0,0.01154732,0,0
19838,63,182,0,0,0.01831119,0,0
19839,63,183,0,0,0.02701373,0,0
19840,63,184,0,0,0.02315011,0,0
19841,63,185,0,0,0.01562874,0,0
19842,63,186,0,0,0.01402672,0,0
19843,63,187,0,0,0.01792803,0,0
19844,63,188,0,0,0.00686328,0,0
19845,63,189,0,0,0.02656631,0,0
19846,63,190,0,0,0.02167639,0,0
19847,63,191,0,0,0.03075532,0,0
19848,63,192,0,0,0.03361656,0,0
19849,63,193,0,0,0.02590932,0,0
19850,63,194,0,0,0.03617942,0,0
19851,63,195,0,0,0.01648021,0,0
19852,63,196,0,0,0.01459260,0,0
19853,63,197,0,0,0.01403147,0,0
19854,63,198,0,0,0.01522241,0,0
19855,63,199,0,0,0.00908902,0,0
19856,63,200,0,0,0.02579994,0,0
19857,63,201,0,0,0.03203241,0,0
19858,63,202,0,0,0.00358579,0,0
19859,63,203,0,0,0.02052514,0,0
19860,63,204,0,0,0.01814945,0,0
19861,63,205,0,0,0.01417134,0,0
19862,63,206,0,0,0.02287488,0,0
19863,63,207,0,0,0.01429109,0,0
19864,63,208,0,0,0.02082018,0,0
19865,63,209,0,0,0.01350948,0,0
19866,63,210,0,0,0.01252130,0,0
19867,63,211,0,0,0.02807694,0,0
19868,63,212,0,0,0.01623151,0,0
19869,63,213,0,0,0.03090143,0,0
19870,63,214,0,0,0.02291601,0,0
19871,63,215,0,0,0.01063403,0,0
19872,63,216,0,0,0.00924908,0,0
19873,63,217,0,0,0.01834308,0,0
19874,63,218,0,0,0.00594474,0,0
19875,63,219,0,0,0.04031169,1,32
19876,63,220,0,0,0.01649413,0,0
19877,63,221,0,0,0.01293946,0,0
19878,63,222,0,0,0.02766328,0,0
19879,63,223,0,0,0.01794038,0,0
19880,63,224,0,0,0.03873668,0,0
19881,63,225,0,0,0.01908556,0,0
19882,63,226,0,0,0.03583976,0,0
19883,63,227,0,0,0.02145822,0,0
19884,63,228,0,0,0.02741685,0,0
19885,63,229,0,0,0.00894248,0,0
19886,63,230,0,0,0.01681665,0,0
19887,63,231,0,0,0.01004270,0,0
19888,63,232,0,0,0.03379939,0,0
19889,63,233,0,0,0.01836076,0,0
19890,63,234,0,0,0.01220006,0,0
19891,63,235,0,0,0.02132000,0,0
19892,63,236,0,0,0.04456580,1,32
19893,63,237,0,0,0.02438001,0,0
19894,63,238,0,0,0.04760770,1,32
19895,63,239,0,0,0.06041993,1,32
19896,63,240,0,0,0.01521791,0,0
19897,63,241,0,0,0.04248235,1,32
19898,63,242,0,0,0.01730508,0,0
19899,63,243,0,0,0.03852568,0,0
19900,63,244,0,0,0.01095732,0,0
19901,63,245,0,0,0.01858939,0,0
19902,63,246,0,0,0.04909433,1,32
19903,63,247,0,0,0.01795156,0,0
19904,63,248,0,0,0.02687334,0,0
19905,63,249,0,0,0.04125723,1,32
19906,63,250,0,0,0.03763919,0,0
19907,63,251,0,0,0.01499024,0,0
19908,63,252,0,0,0.01220226,0,0
19909,63,253,0,0,0.03822216,0,0
19910,63,254,0,0,0.03721429,0,0
19911,63,255,0,0,0.01705351,0,0
19912,63,256,0,0,0.02349067,0,0
19913,63,257,0,0,0.04309193,1,32
19914,63,258,0,0,0.03175194,0,0
19915,63,259,0,0,0.05529327,1,32
19916,63,260,0,0,0.02884100,0,0
19917,63,261,0,0,0.04557457,1,32
19918,63,262,0,0,0.02676763,0,0
19919,63,263,0,0,0.04256472,1,32
19920,63,264,0,0,0.03661276,0,0
19921,63,265,0,0,0.03934485,0,0
19922,63,266,0,0,0.05169305,1,31
19923,63,267,0,0,0.01545310,0,0
19924,63,268,0,0,0.01507068,0,0
19925,63,269,0,0,0.03283997,0,0
19926,63,270,0,0,0.01970068,0,0
19927,63,271,0,0,0.01006977,0,0
19928,63,272,0,0,0.03765207,0,0
19929,63,273,0,0,0.01795540,0,0
19930,63,274,0,0,0.03545003,0,0
19931,63,275,0,0,0.05359952,1,32
19932,63,276,0,0,0.02505063,0,0
19933,63,277,0,0,0.00679903,0,0
19934,63,278,0,0,0.01580544,0,0
19935,63,279,0,0,0.02258520,0,0
19936,63,280,0,0,0.02092803,0,0
19937,63,281,0,0,0.02646830,0,0
19938,63,282,0,0,0.00799811,0,0
19939,63,283,0,0,0.01627001,0,0
19940,63,284,0,0,0.01917793,0,0
19941,63,285,0,0,0.00796185,0,0
19942,63,286,0,0,0.03576121,0,0
19943,63,287,0,0,0.01929181,0,0
19944,63,288,0,0,0.01043918,0,0
19945,63,289,0,0,0.05539638,1,32
19946,63,290,0,0,0.03686567,0,0
19947,63,291,0,0,0.03477067,0,0
19948,63,292,0,0,0.01950137,0,0
19949,63,293,0,0,0.02184207,0,0
19950,63,294,0,0,0.01811567,0,0
19951,63,295,0,0,0.02852093,0,0
19952,63,296,0,0,0.04495295,1,32
19953,63,297,0,0,0.01303307,0,0
19954,63,298,0,0,0.01903550,0,0
19955,63,299,0,0,0.02694616,0,0
19956,63,300,0,0,0.01144148,0,0
19957,63,301,0,0,0.02314053,0,0
19958,63,302,0,0,0.01630299,0,0
19959,63,303,0,0,0.04158168,1,32
19960,63,304,0,0,0.02901210,0,0
19961,63,305,0,0,0.01710106,0,0
19962,63,306,0,0,0.04393312,1,32
19963,63,307,0,0,0.02879895,0,0
19964,63,308,0,0,0.04876564,1,32
19965,63,309,0,0,0.02438105,0,0
19966,63,310,0,0,0.01630700,0,0
19967,63,311,0,0,0.02918362,0,0
19968,64,0,1,0,0.01662853,0,0
19969,64,1,0,0,0.01409843,0,0
19970,64,2,0,0,0.04049459,1,31
19971,64,3,0,0,0.02502992,0,0
19972,64,4,0,0,0.02546714,0,0
19973,64,5,0,0,0.03087295,0,0
19974,64,6,0,0,0.04567205,1,32
19975,64,7,0,0,0.01937456,0,0
19976,64,8,0,0,0.02083794,0,0
19977,64,9,0,0,0.00357968,0,0
19978,64,10,0,0,0.02159048,0,0
19979,64,11,0,0,0.02321022,0,0
19980,64,12,0,0,0.02037111,0,0
19981,64,13,0,0,0.03500404,0,0
19982,64,14,0,0,0.01260886,0,0
19983,64,15,0,0,0.01770134,0,0
19984,64,16,0,0,0.04946684,1,32
19985,64,17,0,0,0.05504148,1,32
19986,64,18,0,0,0.01402012,0,0
19987,64,19,0,0,0.01499752,0,0
19988,64,20,0,0,0.02028154,0,0
19989,64,21,0,0,0.02574707,0,0
19990,64,22,0,0,0.00824837,0,0
19991,64,23,0,0,0.04225992,1,32
19992,64,24,0,0,0.00915797,0,0
19993,64,25,0,0,0.04875546,1,32
19994,64,26,0,0,0.01275295,0,0
19995,64,27,0,0,0.01929029,0,0
19996,64,28,0,0,0.04134473,1,32
19997,64,29,0,0,0.01214014,0,0
19998,64,30,0,0,0.02410761,0,0
19999,64,31,0,0,0.01601746,0,0
20000,64,32,0,0,0.01925742,0,0
20001,64,33,0,0,0.03064153,0,0
20002,64,34,0,0,0.01311371,0,0
20003,64,35,0,0,0.00758322,0,0
20004,64,36,0,0,0.01089885,0,0
20005,64,37,0,0,0.00695987,0,0
20006,64,38,0,0,0.00626934,0,0
20007,64,39,0,0,0.05659661,1,32
20008,64,40,0,0,0.02104222,0,0
20009,64,41,0,0,0.04420701,1,31
20010,64,42,0,0,0.02474983,0,0
20011,64,43,0,0,0.00751467,0,0
20012,64,44,0,0,0.02224615,0,0
20013,64,45,0,0,0.01505068,0,0
20014,64,46,0,0,0.00466704,0,0
20015,64,47,0,0,0.02463337,0,0
20016,64,48,0,0,0.01854670,0,0
20017,64,49,0,0,0.01950174,0,0
20018,64,50,0,0,0.02235235,0,0
20019,64,51,0,0,0.02098797,0,0
20020,64,52,0,0,0.02850324,0,0
20021,64,53,0,0,0.01205479,0,0
20022,64,54,0,0,0.01658843,0,0
20023,64,55,0,0,0.00772865,0,0
20024,64,56,0,0,0.02350859,0,0
20025,64,57,0,0,0.05460823,1,31
20026,64,58,0,0,0.00830238,0,0
20027,64,59,0,0,0.01287701,0,0
20028,64,60,0,0,0.00890511,0,0
20029,64,61,0,0,0.04357897,1,32
20030,64,62,0,0,0.01371763,0,0
20031,64,63,0,0,0.11686081,1,16
20032,64,64,0,0,0.01403292,0,0
20033,64,65,0,0,0.04834017,1,32
20034,64,66,0,0,0.01316102,0,0
20035,64,67,0,0,0.02917219,0,0
20036,64,68,0,0,0.01135973,0,0
20037,64,69,0,0,0.01439225,0,0
20038,64,70,0,0,0.00806268,0,0
20039,64,71,0,0,0.02014701,0,0
20040,64,72,0,0,0.01619558,0,0
20041,64,73,0,0,0.01897000,0,0
20042,64,74,0,0,0.01949582,0,0
20043,64,75,0,0,0.01712137,0,0
20044,64,76,0,0,0.01099586,0,0
20045,64,77,0,0,0.01697488,0,0
20046,64,78,0,0,0.02201395,0,0
20047,64,79,0,0,0.01780159,0,0
20048,64,80,0,0,0.01672296,0,0
20049,64,81,0,0,0.02360435,0,0
20050,64,82,0,0,0.02018787,0,0
20051,64,83,0,0,0.01985304,0,0
20052,64,84,0,0,0.01497906,0,0
20053,64,85,0,0,0.01363121,0,0
20054,64,86,0,0,0.01301703,0,0
20055,64,87,0,0,0.03779086,0,0
20056,64,88,0,0,0.02281874,0,0
20057,64,89,0,0,0.01367256,0,0
20058,64,90,0,0,0.00668031,0,0
20059,64,91,0,0,0.00958901,0,0
20060,64,92,0,0,0.04321481,1,31
20061,64,93,0,0,0.01190282,0,0
20062,64,94,0,0,0.00815231,0,0
20063,64,95,0,0,0.01182266,0,0
20064,64,96,0,0,0.03836002,0,0
20065,64,97,0,0,0.04587360,1,31
20066,64,98,0,0,0.01745718,0,0
20067,64,99,0,0,0.00874415,0,0
20068,64,100,0,0,0.03025137,0,0
20069,64,101,0,0,0.02095467,0,0
20070,64,102,0,0,0.01879150,0,0
20071,64,103,0,0,0.02219537,0,0
20072,64,104,0,0,0.00791808,0,0
20073,64,105,0,0,0.01700321,0,0
20074,64,106,0,0,0.03933245,0,0
20075,64,107,0,0,0.01179801,0,0
20076,64,108,0,0,0.01488164,0,0
20077,64,109,0,0,0.01354672,0,0
20078,64,110,0,0,0.04026688,1,31
20079,64,111,0,0,0.02539654,0,0
20080,64,112,0,0,0.01300156,0,0
20081,64,113,0,0,0.02463499,0,0
20082,64,114,0,0,0.01445818,0,0
20083,64,115,0,0,0.01839212,0,0
20084,64,116,0,0,0.02845441,0,0
20085,64,117,0,0,0.02166389,0,0
20086,64,118,0,0,0.02512337,0,0
20087,64,119,0,0,0.01456250,0,0
20088,64,120,0,0,0.01172770,0,0
20089,64,121,0,0,0.01047658,0,0
20090,64,122,0,0,0.03088648,0,0
20091,64,123,0,0,0.00967047,0,0
20092,64,124,0,0,0.00930010,0,0
20093,64,125,0,0,0.03106699,0,0
20094,64,126,0,0,0.02293644,0,0
20095,64,127,0,0,0.01007539,0,0
20096,64,128,0,0,0.03582871,0,0
20097,64,129,0,0,0.02381027,0,0
20098,64,130,0,0,0.01160632,0,0
20099,64,131,0,0,0.01129553,0,0
20100,64,132,0,0,0.01565050,0,0
20101,64,133,0,0,0.01799138,0,0
20102,64,134,0,0,0.03596547,0,0
20103,64,135,0,0,0.01927987,0,0
20104,64,136,0,0,0.01768018,0,0
20105,64,137,0,0,0.00946822,0,0
20106,64,138,0,0,0.01465004,0,0
20107,64,139,0,0,0.01684331,0,0
20108,64,140,0,0,0.01952896,0,0
20109,64,141,0,0,0.01531117,0,0
20110,64,142,0,0,0.01382954,0,0
20111,64,143,0,0,0.00671624,0,0
20112,64,144,0,0,0.02152346,0,0
20113,64,145,0,0,0.01210988,0,0
20114,64,146,0,0,0.01362303,0,0
20115,64,147,0,0,0.03134432,0,0
20116,64,148,0,0,0.01842752,0,0
20117,64,149,0,0,0.00524304,0,0
20118,64,150,0,0,0.01866132,0,0
20119,64,151,0,0,0.02134203,0,0
20120,64,152,0,0,0.02284964,0,0
20121,64,153,0,0,0.04933035,1,31
20122,64,154,0,0,0.02611810,0,0
20123,64,155,0,0,0.01671392,0,0
20124,64,156,0,0,0.02228855,0,0
20125,64,157,0,0,0.01449385,0,0
20126,64,158,0,0,0.01225817,0,0
20127,64,159,0,0,0.00879704,0,0
20128,64,160,0,0,0.01129343,0,0
20129,64,161,0,0,0.00915264,0,0
20130,64,162,0,0,0.04021776,1,30
20131,64,163,0,0,0.01334064,0,0
20132,64,164,0,0,0.00821660,0,0
20133,64,165,0,0,0.01200897,0,0
20134,64,166,0,0,0.01333693,0,0
20135,64,167,0,0,0.01267351,0,0
20136,64,168,0,0,0.02019923,0,0
20137,64,169,0,0,0.02391805,0,0
20138,64,170,0,0,0.00937745,0,0
20139,64,171,0,0,0.02508767,0,0
20140,64,172,0,0,0.00426999,0,0
20141,64,173,0,0,0.01815642,0,0
20142,64,174,0,0,0.00634889,0,0
20143,64,175,0,0,0.02378413,0,0
20144,64,176,0,0,0.01607585,0,0
20145,64,177,0,0,0.01111553,0,0
20146,64,178,0,0,0.00869042,0,0
20147,64,179,0,0,0.00862925,0,0
20148,64,180,0,0,0.01599237,0,0
20149,64,181,0,0,0.00739139,0,0
20150,64,182,0,0,0.01047915,0,0
20151,64,183,0,0,0.01010283,0,0
20152,64,184,0,0,0.01866151,0,0
20153,64,185,0,0,0.01951055,0,0
20154,64,186,0,0,0.01401571,0,0
20155,64,187,0,0,0.02478712,0,0
20156,64,188,0,0,0.00925237,0,0
20157,64,189,0,0,0.01128378,0,0
20158,64,190,0,0,0.02772277,0,0
20159,64,191,0,0,0.02016151,0,0
20160,64,192,0,0,0.03232964,0,0
20161,64,193,0,0,0.00817219,0,0
20162,64,194,0,0,0.01359931,0,0
20163,64,195,0,0,0.02002224,0,0
20164,64,196,0,0,0.03565178,0,0
20165,64,197,0,0,0.00899278,0,0
20166,64,198,0,0,0.00965160,0,0
20167,64,199,0,0,0.01891679,0,0
20168,64,200,0,0,0.00882824,0,0
20169,64,201,0,0,0.01190277,0,0
20170,64,202,0,0,0.02267293,0,0
20171,64,203,0,0,0.01486979,0,0
20172,64,204,0,0,0.02307798,0,0
20173,64,205,0,0,0.00890767,0,0
20174,64,206,0,0,0.01266722,0,0
20175,64,207,0,0,0.02145974,0,0
20176,64,208,0,0,0.00855095,0,0
20177,64,209,0,0,0.01036264,0,0
20178,64,210,0,0,0.00729048,0,0
20179,64,211,0,0,0.01987117,0,0
20180,64,212,0,0,0.01614146,0,0
20181,64,213,0,0,0.00937074,0,0
20182,64,214,0,0,0.01868905,0,0
20183,64,215,0,0,0.02252370,0,0
20184,64,216,0,0,0.00747601,0,0
20185,64,217,0,0,0.01344537,0,0
20186,64,218,0,0,0.00594201,0,0
20187,64,219,0,0,0.02472644,0,0
20188,64,220,0,0,0.02135985,0,0
20189,64,221,0,0,0.01371769,0,0
20190,64,222,0,0,0.02569645,0,0
20191,64,223,0,0,0.01393031,0,0
20192,64,224,0,0,0.02436747,0,0
20193,64,225,0,0,0.01446011,0,0
20194,64,226,0,0,0.01865068,0,0
20195,64,227,0,0,0.01771343,0,0
20196,64,228,0,0,0.02166159,0,0
20197,64,229,0,0,0.03176703,0,0
20198,64,230,0,0,0.01567161,0,0
20199,64,231,0,0,0.01867068,0,0
20200,64,232,0,0,0.01001426,0,0
20201,64,233,0,0,0.03080991,0,0
20202,64,234,0,0,0.00963914,0,0
20203,64,235,0,0,0.01050193,0,0
20204,64,236,0,0,0.01417314,0,0
20205,64,237,0,0,0.00947456,0,0
20206,64,238,0,0,0.01588799,0,0
20207,64,239,0,0,0.01243264,0,0
20208,64,240,0,0,0.03580145,0,0
20209,64,241,0,0,0.00700576,0,0
20210,64,242,0,0,0.02347919,0,0
20211,64,243,0,0,0.03107278,0,0
20212,64,244,0,0,0.01619946,0,0
20213,64,245,0,0,0.01230944,0,0
20214,64,246,0,0,0.01952997,0,0
20215,64,247,0,0,0.01184823,0,0
20216,64,248,0,0,0.01154592,0,0
20217,64,249,0,0,0.01165702,0,0
20218,64,250,0,0,0.04501133,1,32
20219,64,251,0,0,0.01551993,0,0
20220,64,252,0,0,0.01750645,0,0
20221,64,253,0,0,0.00981136,0,0
20222,64,254,0,0,0.01952553,0,0
20223,64,255,0,0,0.01377543,0,0
20224,64,256,0,0,0.02465137,0,0
20225,64,257,0,0,0.01873349,0,0
20226,64,258,0,0,0.05638461,1,32
20227,64,259,0,0,0.01807811,0,0
20228,64,260,0,0,0.03652459,0,0
20229,64,261,0,0,0.02097043,0,0
20230,64,262,0,0,0.03045204,0,0
20231,64,263,0,0,0.01307812,0,0
20232,64,264,0,0,0.02659790,0,0
20233,64,265,0,0,0.05471256,1,32
20234,64,266,0,0,0.01273670,0,0
20235,64,267,0,0,0.03950715,0,0
20236,64,268,0,0,0.00985146,0,0
20237,64,269,0,0,0.00867264,0,0
20238,64,270,0,0,0.01017333,0,0
20239,64,271,0,0,0.04525042,1,32
20240,64,272,0,0,0.01590081,0,0
20241,64,273,0,0,0.02103215,0,0
20242,64,274,0,0,0.02077697,0,0
20243,64,275,0,0,0.04243058,1,32
20244,64,276,0,0,0.03081723,0,0
20245,64,277,0,0,0.01526176,0,0
20246,64,278,0,0,0.01371779,0,0
20247,64,279,0,0,0.00905105,0,0
20248,64,280,0,0,0.01466864,0,0
20249,64,281,0,0,0.00690606,0,0
20250,64,282,0,0,0.01868658,0,0
20251,64,283,0,0,0.01875418,0,0
20252,64,284,0,0,0.01168387,0,0
20253,64,285,0,0,0.02307703,0,0
20254,64,286,0,0,0.00876760,0,0
20255,64,287,0,0,0.02945800,0,0
20256,64,288,0,0,0.01479442,0,0
20257,64,289,0,0,0.02518396,0,0
20258,64,290,0,0,0.03034314,0,0
20259,64,291,0,0,0.01680290,0,0
20260,64,292,0,0,0.02081824,0,0
20261,64,293,0,0,0.02438989,0,0
20262,64,294,0,0,0.01362952,0,0
20263,64,295,0,0,0.02030792,0,0
20264,64,296,0,0,0.01847010,0,0
20265,64,297,0,0,0.00663969,0,0
20266,64,298,0,0,0.01510652,0,0
20267,64,299,0,0,0.01006275,0,0
20268,64,300,0,0,0.02275470,0,0
20269,64,301,0,0,0.00830149,0,0
20270,64,302,0,0,0.02379410,0,0
20271,64,303,0,0,0.01765998,0,0
20272,64,304,0,0,0.02303673,0,0
20273,64,305,0,0,0.02029451,0,0
20274,64,306,0,0,0.02256512,0,0
20275,64,307,0,0,0.02063333,0,0
20276,64,308,0,0,0.01513956,0,0
20277,64,309,0,0,0.01832577,0,0
20278,64,310,0,0,0.01004083,0,0
20279,64,311,0,0,0.00706027,0,0
20280,65,0,1,0,0.03440117,0,0
20281,65,1,0,0,0.01757965,0,0
20282,65,2,0,0,0.01156485,0,0
20283,65,3,0,0,0.02435794,0,0
20284,65,4,0,0,0.01248417,0,0
20285,65,5,0,0,0.02024646,0,0
20286,65,6,0,0,0.02968363,0,0
20287,65,7,0,0,0.03118696,0,0
20288,65,8,0,0,0.00863339,0,0
20289,65,9,0,0,0.01469295,0,0
20290,65,10,0,0,0.01205881,0,0
20291,65,11,0,0,0.01763177,0,0
20292,65,12,0,0,0.01438065,0,0
20293,65,13,0,0,0.00971430,0,0
20294,65,14,0,0,0.04231952,1,31
20295,65,15,0,0,0.01461107,0,0
20296,65,16,0,0,0.00211195,0,0
20297,65,17,0,0,0.02728828,0,0
20298,65,18,0,0,0.01139309,0,0
20299,65,19,0,0,0.01881739,0,0
20300,65,20,0,0,0.01444545,0,0
20301,65,21,0,0,0.02603146,0,0
20302,65,22,0,0,0.03078921,0,0
20303,65,23,0,0,0.00852943,0,0
20304,65,24,0,0,0.00612155,0,0
20305,65,25,0,0,0.00440645,0,0
20306,65,26,0,0,0.00847990,0,0
20307,65,27,0,0,0.01526079,0,0
20308,65,28,0,0,0.01174887,0,0
20309,65,29,0,0,0.02844466,0,0
20310,65,30,0,0,0.01267771,0,0
20311,65,31,0,0,0.01611184,0,0
20312,65,32,0,0,0.00440381,0,0
20313,65,33,0,0,0.01830414,0,0
20314,65,34,0,0,0.02105701,0,0
20315,65,35,0,0,0.02027392,0,0
20316,65,36,0,0,0.00937232,0,0
20317,65,37,0,0,0.01150893,0,0
20318,65,38,0,0,0.00955880,0,0
20319,65,39,0,0,0.01315828,0,0
20320,65,40,0,0,0.01129742,0,0
20321,65,41,0,0,0.01028217,0,0
20322,65,42,0,0,0.01090181,0,0
20323,65,43,0,0,0.02344322,0,0
20324,65,44,0,0,0.02040279,0,0
20325,65,45,0,0,0.01384985,0,0
20326,65,46,0,0,0.01143304,0,0
20327,65,47,0,0,0.00436356,0,0
20328,65,48,0,0,0.01555116,0,0
20329,65,49,0,0,0.01541080,0,0
20330,65,50,0,0,0.00256632,0,0
20331,65,51,0,0,0.01689869,0,0
20332,65,52,0,0,0.01671029,0,0
20333,65,53,0,0,0.02131696,0,0
20334,65,54,0,0,0.00802056,0,0
20335,65,55,0,0,0.00878337,0,0
20336,65,56,0,0,0.01456320,0,0
20337,65,57,0,0,0.01503935,0,0
20338,65,58,0,0,0.02442770,0,0
20339,65,59,0,0,0.01097460,0,0
20340,65,60,0,0,0.00879092,0,0
20341,65,61,0,0,0.00955357,0,0
20342,65,62,0,0,0.01448343,0,0
20343,65,63,0,0,0.03747660,0,0
20344,65,64,0,0,0.07246425,1,16
20345,65,65,0,0,0.01950698,0,0
20346,65,66,0,0,0.02985702,0,0
20347,65,67,0,0,0.01578514,0,0
20348,65,68,0,0,0.02054556,0,0
20349,65,69,0,0,0.01526207,0,0
20350,65,70,0,0,0.01775336,0,0
20351,65,71,0,0,0.03664315,0,0
20352,65,72,0,0,0.03632552,0,0
20353,65,73,0,0,0.01393101,0,0
20354,65,74,0,0,0.02149262,0,0
20355,65,75,0,0,0.00820599,0,0
20356,65,76,0,0,0.01099925,0,0
20357,65,77,0,0,0.01346847,0,0
20358,65,78,0,0,0.03005865,0,0
20359,65,79,0,0,0.02549678,0,0
20360,65,80,0,0,0.03106766,0,0
20361,65,81,0,0,0.02588847,0,0
20362,65,82,0,0,0.01441624,0,0
20363,65,83,0,0,0.00973722,0,0
20364,65,84,0,0,0.00578958,0,0
20365,65,85,0,0,0.02810365,0,0
20366,65,86,0,0,0.01129531,0,0
20367,65,87,0,0,0.02258653,0,0
20368,65,88,0,0,0.03927692,0,0
20369,65,89,0,0,0.01530188,0,0
20370,65,90,0,0,0.02261504,0,0
20371,65,91,0,0,0.02836927,0,0
20372,65,92,0,0,0.03826711,0,0
20373,65,93,0,0,0.02785993,0,0
20374,65,94,0,0,0.01620346,0,0
20375,65,95,0,0,0.02568333,0,0
20376,65,96,0,0,0.06793269,1,31
20377,65,97,0,0,0.07239923,1,31
20378,65,98,0,0,0.01198757,0,0
20379,65,99,0,0,0.01554789,0,0
20380,65,100,0,0,0.03341074,0,0
20381,65,101,0,0,0.03088134,0,0
20382,65,102,0,0,0.01443712,0,0
20383,65,103,0,0,0.01059236,0,0
20384,65,104,0,0,0.03273393,0,0
20385,65,105,0,0,0.02525818,0,0
20386,65,106,0,0,0.01843433,0,0
20387,65,107,0,0,0.03744277,0,0
20388,65,108,0,0,0.01361880,0,0
20389,65,109,0,0,0.03882734,0,0
20390,65,110,0,0,0.03650953,0,0
20391,65,111,0,0,0.01099989,0,0
20392,65,112,0,0,0.06431963,1,32
20393,65,113,0,0,0.02191411,0,0
20394,65,114,0,0,0.02469075,0,0
20395,65,115,0,0,0.01827597,0,0
20396,65,116,0,0,0.03291375,0,0
20397,65,117,0,0,0.04169867,1,32
20398,65,118,0,0,0.01864284,0,0
20399,65,119,0,0,0.02335187,0,0
20400,65,120,0,0,0.03704543,0,0
20401,65,121,0,0,0.01350948,0,0
20402,65,122,0,0,0.01159281,0,0
20403,65,123,0,0,0.04085806,1,32
20404,65,124,0,0,0.02004658,0,0
20405,65,125,0,0,0.00339050,0,0
20406,65,126,0,0,0.04110351,1,31
20407,65,127,0,0,0.01594986,0,0
20408,65,128,0,0,0.02526048,0,0
20409,65,129,0,0,0.01760475,0,0
20410,65,130,0,0,0.03389278,0,0
20411,65,131,0,0,0.02390207,0,0
20412,65,132,0,0,0.05018885,1,32
20413,65,133,0,0,0.05268644,1,32
20414,65,134,0,0,0.02020178,0,0
20415,65,135,0,0,0.01417152,0,0
20416,65,136,0,0,0.00858399,0,0
20417,65,137,0,0,0.02144709,0,0
20418,65,138,0,0,0.01137767,0,0
20419,65,139,0,0,0.01955029,0,0
20420,65,140,0,0,0.04159331,1,31
20421,65,141,0,0,0.01501057,0,0
20422,65,142,0,0,0.01286381,0,0
20423,65,143,0,0,0.00920051,0,0
20424,65,144,0,0,0.00766846,0,0
20425,65,145,0,0,0.04226613,1,32
20426,65,146,0,0,0.03303840,0,0
20427,65,147,0,0,0.02558558,0,0
20428,65,148,0,0,0.04133575,1,32
20429,65,149,0,0,0.01027597,0,0
20430,65,150,0,0,0.02081992,0,0
20431,65,151,0,0,0.02227045,0,0
20432,65,152,0,0,0.00292241,0,0
20433,65,153,0,0,0.00603817,0,0
20434,65,154,0,0,0.04742121,1,32
20435,65,155,0,0,0.01662423,0,0
20436,65,156,0,0,0.03043867,0,0
20437,65,157,0,0,0.02535376,0,0
20438,65,158,0,0,0.01775938,0,0
20439,65,159,0,0,0.02907289,0,0
20440,65,160,0,0,0.02466829,0,0
20441,65,161,0,0,0.01615407,0,0
20442,65,162,0,0,0.02023889,0,0
20443,65,163,0,0,0.06971032,1,31
20444,65,164,0,0,0.01278980,0,0
20445,65,165,0,0,0.01821009,0,0
20446,65,166,0,0,0.01150034,0,0
20447,65,167,0,0,0.01229551,0,0
20448,65,168,0,0,0.02502844,0,0
20449,65,169,0,0,0.01019534,0,0
20450,65,170,0,0,0.04447065,1,32
20451,65,171,0,0,0.02361620,0,0
20452,65,172,0,0,0.06527096,1,32
20453,65,173,0,0,0.01789929,0,0
20454,65,174,0,0,0.01286164,0,0
20455,65,175,0,0,0.03908872,0,0
20456,65,176,0,0,0.02189858,0,0
20457,65,177,0,0,0.04477548,1,32
20458,65,178,0,0,0.05275257,1,32
20459,65,179,0,0,0.01041081,0,0
20460,65,180,0,0,0.02055542,0,0
20461,65,181,0,0,0.03030462,0,0
20462,65,182,0,0,0.01400854,0,0
20463,65,183,0,0,0.01038984,0,0
20464,65,184,0,0,0.01462917,0,0
20465,65,185,0,0,0.01890063,0,0
20466,65,186,0,0,0.03513200,0,0
20467,65,187,0,0,0.02089964,0,0
20468,65,188,0,0,0.01945381,0,0
20469,65,189,0,0,0.02562086,0,0
20470,65,190,0,0,0.01675726,0,0
20471,65,191,0,0,0.03511745,0,0
20472,65,192,0,0,0.02007159,0,0
20473,65,193,0,0,0.03348581,0,0
20474,65,194,0,0,0.02183143,0,0
20475,65,195,0,0,0.01369876,0,0
20476,65,196,0,0,0.02915946,0,0
20477,65,197,0,0,0.01898355,0,0
20478,65,198,0,0,0.01412655,0,0
20479,65,199,0,0,0.01549413,0,0
20480,65,200,0,0,0.01595337,0,0
20481,65,201,0,0,0.01726045,0,0
20482,65,202,0,0,0.02076133,0,0
20483,65,203,0,0,0.02719869,0,0
20484,65,204,0,0,0.00550134,0,0
20485,65,205,0,0,0.02523702,0,0
20486,65,206,0,0,0.01107818,0,0
20487,65,207,0,0,0.01237864,0,0
20488,65,208,0,0,0.01232289,0,0
20489,65,209,0,0,0.01381607,0,0
20490,65,210,0,0,0.02200191,0,0
20491,65,211,0,0,0.01237932,0,0
20492,65,212,0,0,0.01544775,0,0
20493,65,213,0,0,0.02173988,0,0
20494,65,214,0,0,0.00567608,0,0
20495,65,215,0,0,0.01718628,0,0
20496,65,216,0,0,0.01280241,0,0
20497,65,217,0,0,0.01271356,0,0
20498,65,218,0,0,0.01159382,0,0
20499,65,219,0,0,0.02118407,0,0
20500,65,220,0,0,0.00566800,0,0
20501,65,221,0,0,0.05160724,1,32
20502,65,222,0,0,0.01021422,0,0
20503,65,223,0,0,0.01160791,0,0
20504,65,224,0,0,0.01301114,0,0
20505,65,225,0,0,0.02339189,0,0
20506,65,226,0,0,0.04362487,1,32
20507,65,227,0,0,0.00905327,0,0
20508,65,228,0,0,0.02365382,0,0
20509,65,229,0,0,0.02623489,0,0
20510,65,230,0,0,0.05140551,1,32
20511,65,231,0,0,0.02112811,0,0
20512,65,232,0,0,0.02939922,0,0
20513,65,233,0,0,0.01553422,0,0
20514,65,234,0,0,0.02408903,0,0
20515,65,235,0,0,0.01612719,0,0
20516,65,236,0,0,0.01620293,0,0
20517,65,237,0,0,0.02394672,0,0
20518,65,238,0,0,0.02129237,0,0
20519,65,239,0,0,0.01330807,0,0
20520,65,240,0,0,0.03965358,0,0
20521,65,241,0,0,0.03702618,0,0
20522,65,242,0,0,0.01008666,0,0
20523,65,243,0,0,0.02287660,0,0
20524,65,244,0,0,0.01203083,0,0
20525,65,245,0,0,0.02702693,0,0
20526,65,246,0,0,0.01498012,0,0
20527,65,247,0,0,0.01304682,0,0
20528,65,248,0,0,0.02210075,0,0
20529,65,249,0,0,0.02300079,0,0
20530,65,250,0,0,0.01146918,0,0
20531,65,251,0,0,0.02901378,0,0
20532,65,252,0,0,0.02466761,0,0
20533,65,253,0,0,0.01762143,0,0
20534,65,254,0,0,0.00909778,0,0
20535,65,255,0,0,0.02918521,0,0
20536,65,256,0,0,0.03186908,0,0
20537,65,257,0,0,0.03703188,0,0
20538,65,258,0,0,0.02792003,0,0
20539,65,259,0,0,0.03115568,0,0
20540,65,260,0,0,0.02572621,0,0
20541,65,261,0,0,0.04917722,1,32
20542,65,262,0,0,0.03222711,0,0
20543,65,263,0,0,0.03024760,0,0
20544,65,264,0,0,0.08319090,1,32
20545,65,265,0,0,0.04070944,1,32
20546,65,266,0,0,0.02861782,0,0
20547,65,267,0,0,0.02218650,0,0
20548,65,268,0,0,0.04928877,1,32
20549,65,269,0,0,0.00753964,0,0
20550,65,270,0,0,0.01153994,0,0
20551,65,271,0,0,0.01637967,0,0
20552,65,272,0,0,0.05471832,1,32
20553,65,273,0,0,0.01666016,0,0
20554,65,274,0,0,0.03516132,0,0
20555,65,275,0,0,0.02554984,0,0
20556,65,276,0,0,0.02107950,0,0
20557,65,277,0,0,0.05437084,1,32
20558,65,278,0,0,0.01880897,0,0
20559,65,279,0,0,0.01826384,0,0
20560,65,280,0,0,0.01341959,0,0
20561,65,281,0,0,0.02085861,0,0
20562,65,282,0,0,0.03415187,0,0
20563,65,283,0,0,0.03733771,0,0
20564,65,284,0,0,0.01941305,0,0
20565,65,285,0,0,0.02375334,0,0
20566,65,286,0,0,0.01720148,0,0
20567,65,287,0,0,0.00860764,0,0
20568,65,288,0,0,0.05610303,1,32
20569,65,289,0,0,0.00945119,0,0
20570,65,290,0,0,0.00808027,0,0
20571,65,291,0,0,0.02322456,0,0
20572,65,292,0,0,0.03560869,0,0
20573,65,293,0,0,0.03106316,0,0
20574,65,294,0,0,0.02682473,0,0
20575,65,295,0,0,0.01466388,0,0
20576,65,296,0,0,0.02684871,0,0
20577,65,297,0,0,0.02296378,0,0
20578,65,298,0,0,0.02684300,0,0
20579,65,299,0,0,0.02227877,0,0
20580,65,300,0,0,0.01281576,0,0
20581,65,301,0,0,0.02635451,0,0
20582,65,302,0,0,0.01213889,0,0
20583,65,303,0,0,0.02435278,0,0
20584,65,304,0,0,0.04194825,1,32
20585,65,305,0,0,0.03302173,0,0
20586,65,306,0,0,0.02295157,0,0
20587,65,307,0,0,0.02672107,0,0
20588,65,308,0,0,0.05414376,1,31
20589,65,309,0,0,0.04167162,1,31
20590,65,310,0,0,0.01521946,0,0
20591,65,311,0,0,0.01781709,0,0
20592,66,0,1,0,0.01637445,0,0
20593,66,1,0,0,0.03083398,0,0
20594,66,2,0,0,0.01221224,0,0
20595,66,3,0,0,0.01926998,0,0
20596,66,4,0,0,0.03048518,0,0
20597,66,5,0,0,0.02296511,0,0
20598,66,6,0,0,0.01930888,0,0
20599,66,7,0,0,0.01650509,0,0
20600,66,8,0,0,0.04408032,1,32
20601,66,9,0,0,0.00489530,0,0
20602,66,10,0,0,0.01646646,0,0
20603,66,11,0,0,0.01406251,0,0
20604,66,12,0,0,0.02012040,0,0
20605,66,13,0,0,0.02692197,0,0
20606,66,14,0,0,0.00996617,0,0
20607,66,15,0,0,0.03584177,0,0
20608,66,16,0,0,0.01504128,0,0
20609,66,17,0,0,0.01731297,0,0
20610,66,18,0,0,0.02795006,0,0
20611,66,19,0,0,0.02752387,0,0
20612,66,20,0,0,0.01540057,0,0
20613,66,21,0,0,0.01345621,0,0
20614,66,22,0,0,0.01593340,0,0
20615,66,23,0,0,0.03011644,0,0
20616,66,24,0,0,0.00734879,0,0
20617,66,25,0,0,0.06547255,1,32
20618,66,26,0,0,0.00927634,0,0
20619,66,27,0,0,0.02819436,0,0
20620,66,28,0,0,0.01745470,0,0
20621,66,29,0,0,0.00790170,0,0
20622,66,30,0,0,0.03165809,0,0
20623,66,31,0,0,0.02551427,0,0
20624,66,32,0,0,0.01755148,0,0
20625,66,33,0,0,0.01680592,0,0
20626,66,34,0,0,0.05555629,1,32
20627,66,35,0,0,0.04344399,1,32
20628,66,36,0,0,0.02223881,0,0
20629,66,37,0,0,0.01037619,0,0
20630,66,38,0,0,0.01082469,0,0
20631,66,39,0,0,0.01138559,0,0
20632,66,40,0,0,0.00809346,0,0
20633,66,41,0,0,0.05675747,1,31
20634,66,42,0,0,0.02631172,0,0
20635,66,43,0,0,0.02496037,0,0
20636,66,44,0,0,0.03122600,0,0
20637,66,45,0,0,0.00549616,0,0
20638,66,46,0,0,0.02253764,0,0
20639,66,47,0,0,0.01108104,0,0
20640,66,48,0,0,0.00894345,0,0
20641,66,49,0,0,0.02079761,0,0
20642,66,50,0,0,0.02141051,0,0
20643,66,51,0,0,0.02187967,0,0
20644,66,52,0,0,0.02192727,0,0
20645,66,53,0,0,0.01733018,0,0
20646,66,54,0,0,0.01678178,0,0
20647,66,55,0,0,0.01402808,0,0
20648,66,56,0,0,0.01945953,0,0
20649,66,57,0,0,0.00821302,0,0
20650,66,58,0,0,0.02811448,0,0
20651,66,59,0,0,0.03891266,0,0
20652,66,60,0,0,0.00824425,0,0
20653,66,61,0,0,0.01279573,0,0
20654,66,62,0,0,0.00917991,0,0
20655,66,63,0,0,0.01482521,0,0
20656,66,64,0,0,0.02698807,0,0
20657,66,65,0,0,0.08758657,1,16
20658,66,66,0,0,0.01572702,0,0
20659,66,67,0,0,0.01470417,0,0
20660,66,68,0,0,0.02432648,0,0
20661,66,69,0,0,0.04878872,1,32
20662,66,70,0,0,0.01712378,0,0
20663,66,71,0,0,0.00970141,0,0
20664,66,72,0,0,0.01844187,0,0
20665,66,73,0,0,0.02280478,0,0
20666,66,74,0,0,0.01068667,0,0
20667,66,75,0,0,0.01941622,0,0
20668,66,76,0,0,0.01111356,0,0
20669,66,77,0,0,0.01146542,0,0
20670,66,78,0,0,0.01477788,0,0
20671,66,79,0,0,0.02766464,0,0
20672,66,80,0,0,0.02676361,0,0
20673,66,81,0,0,0.02862982,0,0
20674,66,82,0,0,0.01763883,0,0
20675,66,83,0,0,0.02769849,0,0
20676,66,84,0,0,0.01210088,0,0
20677,66,85,0,0,0.01751372,0,0
20678,66,86,0,0,0.05537914,1,32
20679,66,87,0,0,0.01621684,0,0
20680,66,88,0,0,0.02252413,0,0
20681,66,89,0,0,0.05620032,1,32
20682,66,90,0,0,0.01935311,0,0
20683,66,91,0,0,0.02756571,0,0
20684,66,92,0,0,0.00848647,0,0
20685,66,93,0,0,0.03792768,0,0
20686,66,94,0,0,0.02960831,0,0
20687,66,95,0,0,0.01673456,0,0
20688,66,96,0,0,0.03147363,0,0
20689,66,97,0,0,0.04623067,1,32
20690,66,98,0,0,0.03839616,0,0
20691,66,99,0,0,0.02535600,0,0
20692,66,100,0,0,0.02269863,0,0
20693,66,101,0,0,0.00707302,0,0
20694,66,102,0,0,0.02755841,0,0
20695,66,103,0,0,0.01400148,0,0
20696,66,104,0,0,0.01949370,0,0
20697,66,105,0,0,0.03387984,0,0
20698,66,106,0,0,0.02680538,0,0
20699,66,107,0,0,0.02237039,0,0
20700,66,108,0,0,0.03038465,0,0
20701,66,109,0,0,0.01327567,0,0
20702,66,110,0,0,0.02634027,0,0
20703,66,111,0,0,0.02167210,0,0
20704,66,112,0,0,0.03539161,0,0
20705,66,113,0,0,0.05208102,1,32
20706,66,114,0,0,0.01311576,0,0
20707,66,115,0,0,0.05290204,1,31
20708,66,116,0,0,0.01470070,0,0
20709,66,117,0,0,0.02413083,0,0
20710,66,118,0,0,0.03499465,0,0
20711,66,119,0,0,0.01352160,0,0
20712,66,120,0,0,0.01500539,0,0
20713,66,121,0,0,0.01261590,0,0
20714,66,122,0,0,0.01016895,0,0
20715,66,123,0,0,0.01386687,0,0
20716,66,124,0,0,0.05892451,1,32
20717,66,125,0,0,0.02687456,0,0
20718,66,126,0,0,0.00767707,0,0
20719,66,127,0,0,0.02811164,0,0
20720,66,128,0,0,0.01241940,0,0
20721,66,129,0,0,0.02333736,0,0
20722,66,130,0,0,0.02441533,0,0
20723,66,131,0,0,0.02814200,0,0
20724,66,132,0,0,0.02459659,0,0
20725,66,133,0,0,0.04078161,1,32
20726,66,134,0,0,0.05452430,1,32
20727,66,135,0,0,0.03199225,0,0
20728,66,136,0,0,0.02787888,0,0
20729,66,137,0,0,0.00499544,0,0
20730,66,138,0,0,0.01833333,0,0
20731,66,139,0,0,0.01529174,0,0
20732,66,140,0,0,0.02820804,0,0
20733,66,141,0,0,0.03025822,0,0
20734,66,142,0,0,0.01897186,0,0
20735,66,143,0,0,0.03948095,0,0
20736,66,144,0,0,0.03987429,0,0
20737,66,145,0,0,0.00622164,0,0
20738,66,146,0,0,0.03883550,0,0
20739,66,147,0,0,0.02521180,0,0
20740,66,148,0,0,0.02198432,0,0
20741,66,149,0,0,0.03119934,0,0
20742,66,150,0,0,0.01893561,0,0
20743,66,151,0,0,0.01818953,0,0
20744,66,152,0,0,0.05981592,1,32
20745,66,153,0,0,0.00846288,0,0
20746,66,154,0,0,0.00963846,0,0
20747,66,155,0,0,0.04632547,1,32
20748,66,156,0,0,0.01418840,0,0
20749,66,157,0,0,0.02770760,0,0
20750,66,158,0,0,0.02103302,0,0
20751,66,159,0,0,0.04655426,1,32
20752,66,160,0,0,0.03812973,0,0
20753,66,161,0,0,0.01112092,0,0
20754,66,162,0,0,0.01149558,0,0
20755,66,163,0,0,0.02187786,0,0
20756,66,164,0,0,0.06767024,1,32
20757,66,165,0,0,0.01175045,0,0
20758,66,166,0,0,0.02138368,0,0
20759,66,167,0,0,0.02656622,0,0
20760,66,168,0,0,0.02875438,0,0
20761,66,169,0,0,0.03053163,0,0
20762,66,170,0,0,0.01027267,0,0
20763,66,171,0,0,0.03958460,0,0
20764,66,172,0,0,0.00827862,0,0
20765,66,173,0,0,0.04644904,1,32
20766,66,174,0,0,0.01209906,0,0
20767,66,175,0,0,0.02176460,0,0
20768,66,176,0,0,0.04509231,1,32
20769,66,177,0,0,0.01109647,0,0
20770,66,178,0,0,0.03032535,0,0
20771,66,179,0,0,0.06208864,1,32
20772,66,180,0,0,0.01241810,0,0
20773,66,181,0,0,0.01581918,0,0
20774,66,182,0,0,0.01945111,0,0
20775,66,183,0,0,0.01183374,0,0
20776,66,184,0,0,0.02105153,0,0
20777,66,185,0,0,0.03070229,0,0
20778,66,186,0,0,0.02632079,0,0
20779,66,187,0,0,0.02167597,0,0
20780,66,188,0,0,0.01932895,0,0
20781,66,189,0,0,0.01291544,0,0
20782,66,190,0,0,0.02415154,0,0
20783,66,191,0,0,0.01297043,0,0
20784,66,192,0,0,0.04405200,1,32
20785,66,193,0,0,0.02554853,0,0
20786,66,194,0,0,0.05180787,1,32
20787,66,195,0,0,0.02834243,0,0
20788,66,196,0,0,0.01644580,0,0
20789,66,197,0,0,0.05434564,1,32
20790,66,198,0,0,0.02407995,0,0
20791,66,199,0,0,0.01734916,0,0
20792,66,200,0,0,0.00976457,0,0
20793,66,201,0,0,0.03597942,0,0
20794,66,202,0,0,0.01503591,0,0
20795,66,203,0,0,0.01681576,0,0
20796,66,204,0,0,0.04098909,1,32
20797,66,205,0,0,0.00636982,0,0
20798,66,206,0,0,0.02930395,0,0
20799,66,207,0,0,0.00743925,0,0
20800,66,208,0,0,0.02490816,0,0
20801,66,209,0,0,0.01683388,0,0
20802,66,210,0,0,0.01294190,0,0
20803,66,211,0,0,0.03779852,0,0
20804,66,212,0,0,0.01156053,0,0
20805,66,213,0,0,0.02081906,0,0
20806,66,214,0,0,0.02756434,0,0
20807,66,215,0,0,0.00983623,0,0
20808,66,216,0,0,0.02524398,0,0
20809,66,217,0,0,0.03004144,0,0
20810,66,218,0,0,0.00819583,0,0
20811,66,219,0,0,0.00637947,0,0
20812,66,220,0,0,0.01732804,0,0
20813,66,221,0,0,0.01278416,0,0
20814,66,222,0,0,0.03149222,0,0
20815,66,223,0,0,0.02200144,0,0
20816,66,224,0,0,0.00890586,0,0
20817,66,225,0,0,0.02810542,0,0
20818,66,226,0,0,0.01437493,0,0
20819,66,227,0,0,0.04577324,1,32
20820,66,228,0,0,0.00499268,0,0
20821,66,229,0,0,0.02912427,0,0
20822,66,230,0,0,0.03121784,0,0
20823,66,231,0,0,0.02687362,0,0
20824,66,232,0,0,0.01271443,0,0
20825,66,233,0,0,0.03145614,0,0
20826,66,234,0,0,0.00807054,0,0
20827,66,235,0,0,0.04571963,1,32
20828,66,236,0,0,0.01439149,0,0
20829,66,237,0,0,0.01290481,0,0
20830,66,238,0,0,0.01848149,0,0
20831,66,239,0,0,0.04255024,1,32
20832,66,240,0,0,0.01680615,0,0
20833,66,241,0,0,0.05944599,1,32
20834,66,242,0,0,0.03839779,0,0
20835,66,243,0,0,0.01460721,0,0
20836,66,244,0,0,0.03928566,0,0
20837,66,245,0,0,0.03244477,0,0
20838,66,246,0,0,0.03782528,0,0
20839,66,247,0,0,0.01155041,0,0
20840,66,248,0,0,0.01942914,0,0
20841,66,249,0,0,0.02880087,0,0
20842,66,250,0,0,0.01184166,0,0
20843,66,251,0,0,0.02598998,0,0
20844,66,252,0,0,0.04200469,1,32
20845,66,253,0,0,0.03541622,0,0
20846,66,254,0,0,0.00803952,0,0
20847,66,255,0,0,0.02304073,0,0
20848,66,256,0,0,0.02906343,0,0
20849,66,257,0,0,0.03179445,0,0
20850,66,258,0,0,0.01502692,0,0
20851,66,259,0,0,0.02201212,0,0
20852,66,260,0,0,0.04133852,1,32
20853,66,261,0,0,0.02947969,0,0
20854,66,262,0,0,0.05547984,1,32
20855,66,263,0,0,0.02788021,0,0
20856,66,264,0,0,0.04193026,1,31
20857,66,265,0,0,0.02472237,0,0
20858,66,266,0,0,0.03747561,0,0
20859,66,267,0,0,0.03340155,0,0
20860,66,268,0,0,0.04059548,1,32
20861,66,269,0,0,0.04761275,1,32
20862,66,270,0,0,0.01914093,0,0
20863,66,271,0,0,0.01474728,0,0
20864,66,272,0,0,0.04658577,1,32
20865,66,273,0,0,0.02023232,0,0
20866,66,274,0,0,0.00605728,0,0
20867,66,275,0,0,0.06933476,1,32
20868,66,276,0,0,0.01757735,0,0
20869,66,277,0,0,0.04387190,1,32
20870,66,278,0,0,0.08026847,1,32
20871,66,279,0,0,0.03498248,0,0
20872,66,280,0,0,0.01025041,0,0
20873,66,281,0,0,0.02886767,0,0
20874,66,282,0,0,0.02721229,0,0
20875,66,283,0,0,0.02940257,0,0
20876,66,284,0,0,0.01248912,0,0
20877,66,285,0,0,0.01117994,0,0
20878,66,286,0,0,0.02552701,0,0
20879,66,287,0,0,0.02301428,0,0
20880,66,288,0,0,0.01364893,0,0
20881,66,289,0,0,0.05655048,1,32
20882,66,290,0,0,0.03570981,0,0
20883,66,291,0,0,0.01401679,0,0
20884,66,292,0,0,0.03643787,0,0
20885,66,293,0,0,0.03781736,0,0
20886,66,294,0,0,0.03345443,0,0
20887,66,295,0,0,0.01945531,0,0
20888,66,296,0,0,0.01591574,0,0
20889,66,297,0,0,0.02493975,0,0
20890,66,298,0,0,0.02334098,0,0
20891,66,299,0,0,0.04134563,1,32
20892,66,300,0,0,0.01637020,0,0
20893,66,301,0,0,0.00923939,0,0
20894,66,302,0,0,0.05576180,1,31
20895,66,303,0,0,0.01622061,0,0
20896,66,304,0,0,0.02385144,0,0
20897,66,305,0,0,0.02384561,0,0
20898,66,306,0,0,0.04722488,1,32
20899,66,307,0,0,0.02496218,0,0
20900,66,308,0,0,0.02079459,0,0
20901,66,309,0,0,0.04687298,1,31
20902,66,310,0,0,0.00868202,0,0
20903,66,311,0,0,0.05566981,1,32
20904,67,0,1,0,0.01712299,0,0
20905,67,1,0,0,0.01451182,0,0
20906,67,2,0,0,0.03509632,0,0
20907,67,3,0,0,0.01484431,0,0
20908,67,4,0,0,0.02136218,0,0
20909,67,5,0,0,0.04804395,1,32
20910,67,6,0,0,0.03101540,0,0
20911,67,7,0,0,0.01785427,0,0
20912,67,8,0,0,0.01627915,0,0
20913,67,9,0,0,0.07722037,1,32
20914,67,10,0,0,0.01613889,0,0
20915,67,11,0,0,0.02937986,0,0
20916,67,12,0,0,0.00762256,0,0
20917,67,13,0,0,0.02924195,0,0
20918,67,14,0,0,0.04618889,1,32
20919,67,15,0,0,0.02096740,0,0
20920,67,16,0,0,0.03502690,0,0
20921,67,17,0,0,0.02230015,0,0
20922,67,18,0,0,0.02522872,0,0
20923,67,19,0,0,0.03717698,0,0
20924,67,20,0,0,0.04643174,1,32
20925,67,21,0,0,0.02279504,0,0
20926,67,22,0,0,0.04150199,1,32
20927,67,23,0,0,0.01935565,0,0
20928,67,24,0,0,0.02881497,0,0
20929,67,25,0,0,0.00704888,0,0
20930,67,26,0,0,0.06273969,1,31
20931,67,27,0,0,0.01126715,0,0
20932,67,28,0,0,0.03317840,0,0
20933,67,29,0,0,0.01314051,0,0
20934,67,30,0,0,0.01179129,0,0
20935,67,31,0,0,0.03560957,0,0
20936,67,32,0,0,0.01786863,0,0
20937,67,33,0,0,0.02050725,0,0
20938,67,34,0,0,0.02881224,0,0
20939,67,35,0,0,0.02686760,0,0
20940,67,36,0,0,0.03258518,0,0
20941,67,37,0,0,0.01560681,0,0
20942,67,38,0,0,0.01218167,0,0
20943,67,39,0,0,0.01602234,0,0
20944,67,40,0,0,0.01025990,0,0
20945,67,41,0,0,0.00427404,0,0
20946,67,42,0,0,0.05283419,1,32
20947,67,43,0,0,0.02112070,0,0
20948,67,44,0,0,0.04824967,1,32
20949,67,45,0,0,0.02884163,0,0
20950,67,46,0,0,0.00866455,0,0
20951,67,47,0,0,0.01108675,0,0
20952,67,48,0,0,0.01617811,0,0
20953,67,49,0,0,0.00463193,0,0
20954,67,50,0,0,0.03115751,0,0
20955,67,51,0,0,0.03138550,0,0
20956,67,52,0,0,0.02193262,0,0
20957,67,53,0,0,0.02220014,0,0
20958,67,54,0,0,0.01888016,0,0
20959,67,55,0,0,0.02644280,0,0
20960,67,56,0,0,0.01455879,0,0
20961,67,57,0,0,0.01557479,0,0
20962,67,58,0,0,0.01801565,0,0
20963,67,59,0,0,0.01095370,0,0
20964,67,60,0,0,0.04253713,1,32
20965,67,61,0,0,0.00881107,0,0
20966,67,62,0,0,0.01192347,0,0
20967,67,63,0,0,0.01880612,0,0
20968,67,64,0,0,0.04550237,1,32
20969,67,65,0,0,0.02164692,0,0
20970,67,66,0,0,0.12073220,1,16
20971,67,67,0,0,0.01891737,0,0
20972,67,68,0,0,0.01282909,0,0
20973,67,69,0,0,0.05033443,1,32
20974,67,70,0,0,0.02242666,0,0
20975,67,71,0,0,0.02472302,0,0
20976,67,72,0,0,0.01260247,0,0
20977,67,73,0,0,0.02088601,0,0
20978,67,74,0,0,0.02722689,0,0
20979,67,75,0,0,0.02949131,0,0
20980,67,76,0,0,0.01697786,0,0
20981,67,77,0,0,0.00736888,0,0
20982,67,78,0,0,0.00768588,0,0
20983,67,79,0,0,0.02483701,0,0
20984,67,80,0,0,0.02170916,0,0
20985,67,81,0,0,0.02513534,0,0
20986,67,82,0,0,0.02988538,0,0
20987,67,83,0,0,0.02140668,0,0
20988,67,84,0,0,0.03702369,0,0
20989,67,85,0,0,0.01103062,0,0
20990,67,86,0,0,0.01000254,0,0
20991,67,87,0,0,0.04506172,1,32
20992,67,88,0,0,0.03150914,0,0
20993,67,89,0,0,0.03934146,0,0
20994,67,90,0,0,0.05973083,1,32
20995,67,91,0,0,0.01385574,0,0
20996,67,92,0,0,0.02165237,0,0
20997,67,93,0,0,0.02040298,0,0
20998,67,94,0,0,0.04433791,1,32
20999,67,95,0,0,0.02205925,0,0
21000,67,96,0,0,0.00593178,0,0
21001,67,97,0,0,0.03494603,0,0
21002,67,98,0,0,0.05883224,1,32
21003,67,99,0,0,0.02734233,0,0
21004,67,100,0,0,0.01792313,0,0
21005,67,101,0,0,0.00858743,0,0
21006,67,102,0,0,0.02072367,0,0
21007,67,103,0,0,0.01422802,0,0
21008,67,104,0,0,0.01540108,0,0
21009,67,105,0,0,0.01343587,0,0
21010,67,106,0,0,0.03185357,0,0
21011,67,107,0,0,0.02861660,0,0
21012,67,108,0,0,0.01760924,0,0
21013,67,109,0,0,0.04077945,1,32
21014,67,110,0,0,0.01022304,0,0
21015,67,111,0,0,0.05673134,1,32
21016,67,112,0,0,0.01712759,0,0
21017,67,113,0,0,0.03678166,0,0
21018,67,114,0,0,0.05270767,1,32
21019,67,115,0,0,0.02591675,0,0
21020,67,116,0,0,0.03850013,0,0
21021,67,117,0,0,0.02491866,0,0
21022,67,118,0,0,0.02189568,0,0
21023,67,119,0,0,0.05045459,1,32
21024,67,120,0,0,0.01864576,0,0
21025,67,121,0,0,0.00783857,0,0
21026,67,122,0,0,0.01461857,0,0
21027,67,123,0,0,0.01983387,0,0
21028,67,124,0,0,0.01509812,0,0
21029,67,125,0,0,0.02811595,0,0
21030,67,126,0,0,0.01193526,0,0
21031,67,127,0,0,0.00312212,0,0
21032,67,128,0,0,0.03106280,0,0
21033,67,129,0,0,0.01295888,0,0
21034,67,130,0,0,0.04648113,1,32
21035,67,131,0,0,0.01720227,0,0
21036,67,132,0,0,0.04484917,1,32
21037,67,133,0,0,0.01575792,0,0
21038,67,134,0,0,0.01530438,0,0
21039,67,135,0,0,0.04890922,1,32
21040,67,136,0,0,0.04317419,1,32
21041,67,137,0,0,0.01820718,0,0
21042,67,138,0,0,0.02803830,0,0
21043,67,139,0,0,0.01366350,0,0
21044,67,140,0,0,0.01741584,0,0
21045,67,141,0,0,0.03536836,0,0
21046,67,142,0,0,0.02213648,0,0
21047,67,143,0,0,0.02237229,0,0
21048,67,144,0,0,0.01864179,0,0
21049,67,145,0,0,0.01802651,0,0
21050,67,146,0,0,0.00962915,0,0
21051,67,147,0,0,0.03495570,0,0
21052,67,148,0,0,0.02297140,0,0
21053,67,149,0,0,0.01901051,0,0
21054,67,150,0,0,0.02972942,0,0
21055,67,151,0,0,0.01111079,0,0
21056,67,152,0,0,0.01554811,0,0
21057,67,153,0,0,0.04992529,1,32
21058,67,154,0,0,0.01117913,0,0
21059,67,155,0,0,0.01485717,0,0
21060,67,156,0,0,0.05024141,1,32
21061,67,157,0,0,0.02203063,0,0
21062,67,158,0,0,0.03458958,0,0
21063,67,159,0,0,0.02455315,0,0
21064,67,160,0,0,0.02358580,0,0
21065,67,161,0,0,0.05868610,1,31
21066,67,162,0,0,0.01400393,0,0
21067,67,163,0,0,0.01211957,0,0
21068,67,164,0,0,0.02699091,0,0
21069,67,165,0,0,0.07655884,1,32
21070,67,166,0,0,0.00801340,0,0
21071,67,167,0,0,0.01691087,0,0
21072,67,168,0,0,0.01671517,0,0
21073,67,169,0,0,0.03054779,0,0
21074,67,170,0,0,0.02737471,0,0
21075,67,171,0,0,0.01273673,0,0
21076,67,172,0,0,0.03765253,0,0
21077,67,173,0,0,0.01251872,0,0
21078,67,174,0,0,0.05105920,1,32
21079,67,175,0,0,0.02653074,0,0
21080,67,176,0,0,0.02703658,0,0
21081,67,177,0,0,0.02741797,0,0
21082,67,178,0,0,0.02351984,0,0
21083,67,179,0,0,0.02953789,0,0
21084,67,180,0,0,0.03165911,0,0
21085,67,181,0,0,0.01905552,0,0
21086,67,182,0,0,0.01804138,0,0
21087,67,183,0,0,0.01923535,0,0
21088,67,184,0,0,0.01568017,0,0
21089,67,185,0,0,0.02536265,0,0
21090,67,186,0,0,0.02897920,0,0
21091,67,187,0,0,0.02814571,0,0
21092,67,188,0,0,0.04784342,1,32
21093,67,189,0,0,0.00915200,0,0
21094,67,190,0,0,0.02074232,0,0
21095,67,191,0,0,0.02390377,0,0
21096,67,192,0,0,0.01542448,0,0
21097,67,193,0,0,0.03796801,0,0
21098,67,194,0,0,0.01252489,0,0
21099,67,195,0,0,0.02535226,0,0
21100,67,196,0,0,0.02209976,0,0
21101,67,197,0,0,0.01740040,0,0
21102,67,198,0,0,0.05765830,1,32
21103,67,199,0,0,0.01874130,0,0
21104,67,200,0,0,0.01593483,0,0
21105,67,201,0,0,0.00538493,0,0
21106,67,202,0,0,0.01294533,0,0
21107,67,203,0,0,0.00978327,0,0
21108,67,204,0,0,0.01774403,0,0
21109,67,205,0,0,0.04266638,1,32
21110,67,206,0,0,0.00218277,0,0
21111,67,207,0,0,0.01608453,0,0
21112,67,208,0,0,0.00834899,0,0
21113,67,209,0,0,0.01439120,0,0
21114,67,210,0,0,0.01052015,0,0
21115,67,211,0,0,0.02705593,0,0
21116,67,212,0,0,0.03247356,0,0
21117,67,213,0,0,0.01308933,0,0
21118,67,214,0,0,0.01765493,0,0
21119,67,215,0,0,0.02327276,0,0
21120,67,216,0,0,0.02874534,0,0
21121,67,217,0,0,0.01805715,0,0
21122,67,218,0,0,0.02792812,0,0
21123,67,219,0,0,0.01401758,0,0
21124,67,220,0,0,0.01339715,0,0
21125,67,221,0,0,0.01404294,0,0
21126,67,222,0,0,0.01964037,0,0
21127,67,223,0,0,0.02515441,0,0
21128,67,224,0,0,0.02161865,0,0
21129,67,225,0,0,0.01686348,0,0
21130,67,226,0,0,0.01727224,0,0
21131,67,227,0,0,0.01951918,0,0
21132,67,228,0,0,0.04242250,1,32
21133,67,229,0,0,0.00851626,0,0
21134,67,230,0,0,0.04394213,1,32
21135,67,231,0,0,0.02781358,0,0
21136,67,232,0,0,0.02522617,0,0
21137,67,233,0,0,0.01302785,0,0
21138,67,234,0,0,0.03435630,0,0
21139,67,235,0,0,0.01630423,0,0
21140,67,236,0,0,0.01464102,0,0
21141,67,237,0,0,0.01146046,0,0
21142,67,238,0,0,0.01537734,0,0
21143,67,239,0,0,0.03037810,0,0
21144,67,240,0,0,0.04246385,1,31
21145,67,241,0,0,0.02341279,0,0
21146,67,242,0,0,0.02598685,0,0
21147,67,243,0,0,0.04824793,1,32
21148,67,244,0,0,0.01526932,0,0
21149,67,245,0,0,0.04057593,1,32
21150,67,246,0,0,0.01920921,0,0
21151,67,247,0,0,0.02507514,0,0
21152,67,248,0,0,0.02122041,0,0
21153,67,249,0,0,0.01062252,0,0
21154,67,250,0,0,0.02834015,0,0
21155,67,251,0,0,0.01452570,0,0
21156,67,252,0,0,0.05664120,1,32
21157,67,253,0,0,0.02912069,0,0
21158,67,254,0,0,0.02534727,0,0
21159,67,255,0,0,0.04325815,1,32
21160,67,256,0,0,0.02038606,0,0
21161,67,257,0,0,0.03574321,0,0
21162,67,258,0,0,0.02679456,0,0
21163,67,259,0,0,0.04474124,1,32
21164,67,260,0,0,0.04070726,1,32
21165,67,261,0,0,0.05555230,1,32
21166,67,262,0,0,0.02174364,0,0
21167,67,263,0,0,0.02546811,0,0
21168,67,264,0,0,0.02322237,0,0
21169,67,265,0,0,0.02905974,0,0
21170,67,266,0,0,0.02254019,0,0
21171,67,267,0,0,0.04504376,1,32
21172,67,268,0,0,0.02659551,0,0
21173,67,269,0,0,0.03753792,0,0
21174,67,270,0,0,0.04010829,1,32
21175,67,271,0,0,0.01191043,0,0
21176,67,272,0,0,0.01056747,0,0
21177,67,273,0,0,0.01731579,0,0
21178,67,274,0,0,0.03761185,0,0
21179,67,275,0,0,0.01287686,0,0
21180,67,276,0,0,0.06954447,1,32
21181,67,277,0,0,0.01025624,0,0
21182,67,278,0,0,0.02467714,0,0
21183,67,279,0,0,0.07035878,1,32
21184,67,280,0,0,0.03257708,0,0
21185,67,281,0,0,0.01337925,0,0
21186,67,282,0,0,0.04472747,1,32
21187,67,283,0,0,0.01873543,0,0
21188,67,284,0,0,0.01986915,0,0
21189,67,285,0,0,0.01693269,0,0
21190,67,286,0,0,0.01213038,0,0
21191,67,287,0,0,0.02052081,0,0
21192,67,288,0,0,0.02493536,0,0
21193,67,289,0,0,0.00664102,0,0
21194,67,290,0,0,0.03277121,0,0
21195,67,291,0,0,0.00946385,0,0
21196,67,292,0,0,0.01686370,0,0
21197,67,293,0,0,0.02838891,0,0
21198,67,294,0,0,0.06862654,1,32
21199,67,295,0,0,0.03730006,0,0
21200,67,296,0,0,0.01890257,0,0
21201,67,297,0,0,0.01356022,0,0
21202,67,298,0,0,0.02408765,0,0
21203,67,299,0,0,0.01582518,0,0
21204,67,300,0,0,0.03221516,0,0
21205,67,301,0,0,0.02928636,0,0
21206,67,302,0,0,0.01913737,0,0
21207,67,303,0,0,0.07518724,1,31
21208,67,304,0,0,0.01724055,0,0
21209,67,305,0,0,0.01486844,0,0
21210,67,306,0,0,0.01406573,0,0
21211,67,307,0,0,0.04601597,1,32
21212,67,308,0,0,0.01502740,0,0
21213,67,309,0,0,0.02127880,0,0
21214,67,310,0,0,0.05324802,1,32
21215,67,311,0,0,0.02318757,0,0
21216,68,0,1,0,0.04856593,1,32
21217,68,1,0,0,0.02751042,0,0
21218,68,2,0,0,0.00597095,0,0
21219,68,3,0,0,0.04388554,1,32
21220,68,4,0,0,0.01780145,0,0
21221,68,5,0,0,0.01863145,0,0
21222,68,6,0,0,0.02384955,0,0
21223,68,7,0,0,0.02903914,0,0
21224,68,8,0,0,0.03186905,0,0
21225,68,9,0,0,0.02715376,0,0
21226,68,10,0,0,0.04593991,1,32
21227,68,11,0,0,0.01376360,0,0
21228,68,12,0,0,0.01866454,0,0
21229,68,13,0,0,0.01266711,0,0
21230,68,14,0,0,0.01165527,0,0
21231,68,15,0,0,0.04281554,1,32
21232,68,16,0,0,0.00712880,0,0
21233,68,17,0,0,0.02833284,0,0
21234,68,18,0,0,0.00675867,0,0
21235,68,19,0,0,0.02071080,0,0
21236,68,20,0,0,0.02155124,0,0
21237,68,21,0,0,0.04728927,1,32
21238,68,22,0,0,0.02154543,0,0
21239,68,23,0,0,0.01813897,0,0
21240,68,24,0,0,0.01311398,0,0
21241,68,25,0,0,0.01502579,0,0
21242,68,26,0,0,0.01125368,0,0
21243,68,27,0,0,0.04435335,1,32
21244,68,28,0,0,0.01185708,0,0
21245,68,29,0,0,0.02366288,0,0
21246,68,30,0,0,0.00783756,0,0
21247,68,31,0,0,0.01398636,0,0
21248,68,32,0,0,0.05035353,1,32
21249,68,33,0,0,0.02117124,0,0
21250,68,34,0,0,0.01873935,0,0
21251,68,35,0,0,0.02318143,0,0
21252,68,36,0,0,0.01767432,0,0
21253,68,37,0,0,0.02108951,0,0
21254,68,38,0,0,0.02348880,0,0
21255,68,39,0,0,0.00720467,0,0
21256,68,40,0,0,0.03275552,0,0
21257,68,41,0,0,0.00846238,0,0
21258,68,42,0,0,0.00742843,0,0
21259,68,43,0,0,0.04560722,1,32
21260,68,44,0,0,0.02901230,0,0
21261,68,45,0,0,0.03169683,0,0
21262,68,46,0,0,0.02837492,0,0
21263,68,47,0,0,0.00756144,0,0
21264,68,48,0,0,0.00687562,0,0
21265,68,49,0,0,0.01814632,0,0
21266,68,50,0,0,0.00960652,0,0
21267,68,51,0,0,0.02068062,0,0
21268,68,52,0,0,0.02120650,0,0
21269,68,53,0,0,0.01186121,0,0
21270,68,54,0,0,0.02115913,0,0
21271,68,55,0,0,0.02471022,0,0
21272,68,56,0,0,0.02893957,0,0
21273,68,57,0,0,0.03797653,0,0
21274,68,58,0,0,0.02333061,0,0
21275,68,59,0,0,0.02198227,0,0
21276,68,60,0,0,0.02446566,0,0
21277,68,61,0,0,0.03786745,0,0
21278,68,62,0,0,0.00904898,0,0
21279,68,63,0,0,0.01796004,0,0
21280,68,64,0,0,0.01386707,0,0
21281,68,65,0,0,0.04351056,1,32
21282,68,66,0,0,0.02831898,0,0
21283,68,67,0,0,0.08934329,1,16
21284,68,68,0,0,0.01692388,0,0
21285,68,69,0,0,0.04468010,1,32
21286,68,70,0,0,0.01672660,0,0
21287,68,71,0,0,0.02627181,0,0
21288,68,72,0,0,0.03116831,0,0
21289,68,73,0,0,0.01663979,0,0
21290,68,74,0,0,0.01817525,0,0
21291,68,75,0,0,0.01757282,0,0
21292,68,76,0,0,0.01454243,0,0
21293,68,77,0,0,0.02144807,0,0
21294,68,78,0,0,0.01093964,0,0
21295,68,79,0,0,0.01474690,0,0
21296,68,80,0,0,0.02210952,0,0
21297,68,81,0,0,0.02384632,0,0
21298,68,82,0,0,0.02297866,0,0
21299,68,83,0,0,0.02966362,0,0
21300,68,84,0,0,0.02060744,0,0
21301,68,85,0,0,0.02916572,0,0
21302,68,86,0,0,0.01007605,0,0
21303,68,87,0,0,0.01275319,0,0
21304,68,88,0,0,0.01708299,0,0
21305,68,89,0,0,0.01655501,0,0
21306,68,90,0,0,0.03266134,0,0
21307,68,91,0,0,0.05647950,1,32
21308,68,92,0,0,0.02902251,0,0
21309,68,93,0,0,0.02202941,0,0
21310,68,94,0,0,0.02043942,0,0
21311,68,95,0,0,0.04301772,1,32
21312,68,96,0,0,0.02438834,0,0
21313,68,97,0,0,0.01600211,0,0
21314,68,98,0,0,0.04849298,1,32
21315,68,99,0,0,0.05345055,1,32
21316,68,100,0,0,0.06585117,1,30
21317,68,101,0,0,0.01723905,0,0
21318,68,102,0,0,0.02967066,0,0
21319,68,103,0,0,0.02465783,0,0
21320,68,104,0,0,0.02651669,0,0
21321,68,105,0,0,0.01541508,0,0
21322,68,106,0,0,0.01661211,0,0
21323,68,107,0,0,0.04193257,1,32
21324,68,108,0,0,0.01737895,0,0
21325,68,109,0,0,0.03461764,0,0
21326,68,110,0,0,0.03204043,0,0
21327,68,111,0,0,0.01939964,0,0
21328,68,112,0,0,0.05473313,1,32
21329,68,113,0,0,0.01752461,0,0
21330,68,114,0,0,0.01455159,0,0
21331,68,115,0,0,0.04803415,1,32
21332,68,116,0,0,0.01904751,0,0
21333,68,117,0,0,0.05833028,1,32
21334,68,118,0,0,0.01748956,0,0
21335,68,119,0,0,0.03330265,0,0
21336,68,120,0,0,0.03641992,0,0
21337,68,121,0,0,0.03263598,0,0
21338,68,122,0,0,0.01734272,0,0
21339,68,123,0,0,0.03843525,0,0
21340,68,124,0,0,0.01522423,0,0
21341,68,125,0,0,0.01378924,0,0
21342,68,126,0,0,0.03839637,0,0
21343,68,127,0,0,0.02807854,0,0
21344,68,128,0,0,0.00381844,0,0
21345,68,129,0,0,0.02119742,0,0
21346,68,130,0,0,0.01937683,0,0
21347,68,131,0,0,0.01653372,0,0
21348,68,132,0,0,0.01854765,0,0
21349,68,133,0,0,0.04407332,1,32
21350,68,134,0,0,0.01843745,0,0
21351,68,135,0,0,0.03628594,0,0
21352,68,136,0,0,0.05162527,1,32
21353,68,137,0,0,0.06490248,1,32
21354,68,138,0,0,0.02343171,0,0
21355,68,139,0,0,0.01242957,0,0
21356,68,140,0,0,0.02033559,0,0
21357,68,141,0,0,0.01642664,0,0
21358,68,142,0,0,0.02337994,0,0
21359,68,143,0,0,0.02767837,0,0
21360,68,144,0,0,0.02170005,0,0
21361,68,145,0,0,0.01409829,0,0
21362,68,146,0,0,0.00291914,0,0
21363,68,147,0,0,0.00923143,0,0
21364,68,148,0,0,0.02641877,0,0
21365,68,149,0,0,0.02540521,0,0
21366,68,150,0,0,0.04138678,1,32
21367,68,151,0,0,0.04456744,1,32
21368,68,152,0,0,0.01347423,0,0
21369,68,153,0,0,0.01952537,0,0
21370,68,154,0,0,0.02789920,0,0
21371,68,155,0,0,0.01663081,0,0
21372,68,156,0,0,0.01301542,0,0
21373,68,157,0,0,0.04048335,1,31
21374,68,158,0,0,0.01262399,0,0
21375,68,159,0,0,0.03185207,0,0
21376,68,160,0,0,0.03927611,0,0
21377,68,161,0,0,0.03606127,0,0
21378,68,162,0,0,0.03627735,0,0
21379,68,163,0,0,0.02140484,0,0
21380,68,164,0,0,0.01327872,0,0
21381,68,165,0,0,0.01630814,0,0
21382,68,166,0,0,0.07853235,1,32
21383,68,167,0,0,0.01020863,0,0
21384,68,168,0,0,0.03015723,0,0
21385,68,169,0,0,0.02364438,0,0
21386,68,170,0,0,0.02486132,0,0
21387,68,171,0,0,0.04640286,1,32
21388,68,172,0,0,0.00523371,0,0
21389,68,173,0,0,0.04312193,1,32
21390,68,174,0,0,0.01336323,0,0
21391,68,175,0,0,0.03226778,0,0
21392,68,176,0,0,0.01621825,0,0
21393,68,177,0,0,0.02431643,0,0
21394,68,178,0,0,0.02053461,0,0
21395,68,179,0,0,0.01724868,0,0
21396,68,180,0,0,0.06347495,1,32
21397,68,181,0,0,0.06542453,1,32
21398,68,182,0,0,0.01422433,0,0
21399,68,183,0,0,0.02474325,0,0
21400,68,184,0,0,0.04187177,1,31
21401,68,185,0,0,0.01266972,0,0
21402,68,186,0,0,0.05178628,1,31
21403,68,187,0,0,0.02405634,0,0
21404,68,188,0,0,0.01607795,0,0
21405,68,189,0,0,0.02584179,0,0
21406,68,190,0,0,0.01888912,0,0
21407,68,191,0,0,0.04946732,1,32
21408,68,192,0,0,0.06847826,1,32
21409,68,193,0,0,0.01298233,0,0
21410,68,194,0,0,0.03823994,0,0
21411,68,195,0,0,0.01366256,0,0
21412,68,196,0,0,0.04085153,1,32
21413,68,197,0,0,0.01769118,0,0
21414,68,198,0,0,0.01115455,0,0
21415,68,199,0,0,0.06595583,1,32
21416,68,200,0,0,0.02469604,0,0
21417,68,201,0,0,0.00734761,0,0
21418,68,202,0,0,0.01273574,0,0
21419,68,203,0,0,0.01846603,0,0
21420,68,204,0,0,0.01597822,0,0
21421,68,205,0,0,0.01723339,0,0
21422,68,206,0,0,0.03797729,0,0
21423,68,207,0,0,0.00874360,0,0
21424,68,208,0,0,0.02067690,0,0
21425,68,209,0,0,0.02570255,0,0
21426,68,210,0,0,0.01543992,0,0
21427,68,211,0,0,0.02299430,0,0
21428,68,212,0,0,0.03238542,0,0
21429,68,213,0,0,0.02510532,0,0
21430,68,214,0,0,0.00950735,0,0
21431,68,215,0,0,0.02371442,0,0
21432,68,216,0,0,0.02951927,0,0
21433,68,217,0,0,0.02709600,0,0
21434,68,218,0,0,0.02635085,0,0
21435,68,219,0,0,0.03131786,0,0
21436,68,220,0,0,0.01174570,0,0
21437,68,221,0,0,0.01690419,0,0
21438,68,222,0,0,0.01316282,0,0
21439,68,223,0,0,0.01129107,0,0
21440,68,224,0,0,0.01868092,0,0
21441,68,225,0,0,0.01495047,0,0
21442,68,226,0,0,0.01707046,0,0
21443,68,227,0,0,0.03712758,0,0
21444,68,228,0,0,0.00763462,0,0
21445,68,229,0,0,0.04296697,1,32
21446,68,230,0,0,0.01571381,0,0
21447,68,231,0,0,0.05045396,1,31
21448,68,232,0,0,0.02487479,0,0
21449,68,233,0,0,0.04605395,1,32
21450,68,234,0,0,0.01301581,0,0
21451,68,235,0,0,0.02431030,0,0
21452,68,236,0,0,0.01341085,0,0
21453,68,237,0,0,0.03180952,0,0
21454,68,238,0,0,0.02837431,0,0
21455,68,239,0,0,0.01097617,0,0
21456,68,240,0,0,0.02792680,0,0
21457,68,241,0,0,0.03152040,0,0
21458,68,242,0,0,0.02507276,0,0
21459,68,243,0,0,0.02276430,0,0
21460,68,244,0,0,0.06510788,1,32
21461,68,245,0,0,0.01509864,0,0
21462,68,246,0,0,0.02628902,0,0
21463,68,247,0,0,0.01570912,0,0
21464,68,248,0,0,0.03621105,0,0
21465,68,249,0,0,0.01687257,0,0
21466,68,250,0,0,0.02201080,0,0
21467,68,251,0,0,0.01390789,0,0
21468,68,252,0,0,0.01147529,0,0
21469,68,253,0,0,0.03750697,0,0
21470,68,254,0,0,0.05646705,1,32
21471,68,255,0,0,0.02470936,0,0
21472,68,256,0,0,0.03956947,0,0
21473,68,257,0,0,0.01822955,0,0
21474,68,258,0,0,0.05598921,1,32
21475,68,259,0,0,0.03622801,0,0
21476,68,260,0,0,0.03341910,0,0
21477,68,261,0,0,0.04510846,1,32
21478,68,262,0,0,0.04609435,1,31
21479,68,263,0,0,0.01314321,0,0
21480,68,264,0,0,0.03565385,0,0
21481,68,265,0,0,0.03328292,0,0
21482,68,266,0,0,0.07089064,1,31
21483,68,267,0,0,0.03337531,0,0
21484,68,268,0,0,0.04690691,1,32
21485,68,269,0,0,0.02983277,0,0
21486,68,270,0,0,0.03396098,0,0
21487,68,271,0,0,0.02015020,0,0
21488,68,272,0,0,0.00981705,0,0
21489,68,273,0,0,0.01624687,0,0
21490,68,274,0,0,0.02967637,0,0
21491,68,275,0,0,0.03233342,0,0
21492,68,276,0,0,0.01442945,0,0
21493,68,277,0,0,0.05194367,1,32
21494,68,278,0,0,0.02502464,0,0
21495,68,279,0,0,0.04057214,1,32
21496,68,280,0,0,0.03014169,0,0
21497,68,281,0,0,0.02980220,0,0
21498,68,282,0,0,0.02182751,0,0
21499,68,283,0,0,0.04623856,1,32
21500,68,284,0,0,0.02285751,0,0
21501,68,285,0,0,0.02539215,0,0
21502,68,286,0,0,0.02039665,0,0
21503,68,287,0,0,0.02013216,0,0
21504,68,288,0,0,0.01784049,0,0
21505,68,289,0,0,0.02315415,0,0
21506,68,290,0,0,0.03227496,0,0
21507,68,291,0,0,0.02069733,0,0
21508,68,292,0,0,0.01507109,0,0
21509,68,293,0,0,0.00581364,0,0
21510,68,294,0,0,0.03455777,0,0
21511,68,295,0,0,0.05538490,1,32
21512,68,296,0,0,0.07275207,1,32
21513,68,297,0,0,0.02175941,0,0
21514,68,298,0,0,0.01300115,0,0
21515,68,299,0,0,0.01738780,0,0
21516,68,300,0,0,0.03728762,0,0
21517,68,301,0,0,0.03458862,0,0
21518,68,302,0,0,0.02056586,0,0
21519,68,303,0,0,0.01363740,0,0
21520,68,304,0,0,0.02846617,0,0
21521,68,305,0,0,0.01018471,0,0
21522,68,306,0,0,0.02094217,0,0
21523,68,307,0,0,0.01353995,0,0
21524,68,308,0,0,0.04155955,1,31
21525,68,309,0,0,0.01326237,0,0
21526,68,310,0,0,0.02332044,0,0
21527,68,311,0,0,0.02457460,0,0
21528,69,0,1,0,0.01850883,0,0
21529,69,1,0,0,0.02881328,0,0
21530,69,2,0,0,0.02563921,0,0
21531,69,3,0,0,0.01886693,0,0
21532,69,4,0,0,0.04080344,1,32
21533,69,5,0,0,0.02038971,0,0
21534,69,6,0,0,0.02556778,0,0
21535,69,7,0,0,0.01707908,0,0
21536,69,8,0,0,0.02717563,0,0
21537,69,9,0,0,0.02859174,0,0
21538,69,10,0,0,0.03423447,0,0
21539,69,11,0,0,0.03576742,0,0
21540,69,12,0,0,0.02931228,0,0
21541,69,13,0,0,0.02125560,0,0
21542,69,14,0,0,0.01287995,0,0
21543,69,15,0,0,0.02046763,0,0
21544,69,16,0,0,0.03916840,0,0
21545,69,17,0,0,0.01659707,0,0
21546,69,18,0,0,0.04448170,1,32
21547,69,19,0,0,0.00474378,0,0
21548,69,20,0,0,0.02925535,0,0
21549,69,21,0,0,0.02992593,0,0
21550,69,22,0,0,0.04457182,1,32
21551,69,23,0,0,0.01378042,0,0
21552,69,24,0,0,0.01921346,0,0
21553,69,25,0,0,0.02086787,0,0
21554,69,26,0,0,0.02686461,0,0
21555,69,27,0,0,0.02180088,0,0
21556,69,28,0,0,0.03430010,0,0
21557,69,29,0,0,0.00741526,0,0
21558,69,30,0,0,0.02927748,0,0
21559,69,31,0,0,0.01506521,0,0
21560,69,32,0,0,0.01853838,0,0
21561,69,33,0,0,0.04677193,1,32
21562,69,34,0,0,0.01479936,0,0
21563,69,35,0,0,0.03247582,0,0
21564,69,36,0,0,0.02623347,0,0
21565,69,37,0,0,0.02588420,0,0
21566,69,38,0,0,0.00894147,0,0
21567,69,39,0,0,0.02119929,0,0
21568,69,40,0,0,0.01380339,0,0
21569,69,41,0,0,0.01753803,0,0
21570,69,42,0,0,0.01443928,0,0
21571,69,43,0,0,0.00966147,0,0
21572,69,44,0,0,0.05884231,1,32
21573,69,45,0,0,0.01876768,0,0
21574,69,46,0,0,0.04391138,1,31
21575,69,47,0,0,0.02815253,0,0
21576,69,48,0,0,0.03139402,0,0
21577,69,49,0,0,0.02066173,0,0
21578,69,50,0,0,0.02227331,0,0
21579,69,51,0,0,0.00522837,0,0
21580,69,52,0,0,0.02405818,0,0
21581,69,53,0,0,0.02851943,0,0
21582,69,54,0,0,0.03070005,0,0
21583,69,55,0,0,0.02320153,0,0
21584,69,56,0,0,0.02487945,0,0
21585,69,57,0,0,0.02438005,0,0
21586,69,58,0,0,0.03459303,0,0
21587,69,59,0,0,0.02587752,0,0
21588,69,60,0,0,0.01121775,0,0
21589,69,61,0,0,0.01635996,0,0
21590,69,62,0,0,0.03134180,0,0
21591,69,63,0,0,0.01147355,0,0
21592,69,64,0,0,0.00929123,0,0
21593,69,65,0,0,0.02291178,0,0
21594,69,66,0,0,0.01535794,0,0
21595,69,67,0,0,0.02929342,0,0
21596,69,68,0,0,0.06861722,1,16
21597,69,69,0,0,0.01645106,0,0
21598,69,70,0,0,0.01788028,0,0
21599,69,71,0,0,0.03384880,0,0
21600,69,72,0,0,0.03678789,0,0
21601,69,73,0,0,0.01712197,0,0
21602,69,74,0,0,0.01947712,0,0
21603,69,75,0,0,0.03033162,0,0
21604,69,76,0,0,0.02439825,0,0
21605,69,77,0,0,0.01929070,0,0
21606,69,78,0,0,0.02429228,0,0
21607,69,79,0,0,0.02038210,0,0
21608,69,80,0,0,0.01206268,0,0
21609,69,81,0,0,0.02244015,0,0
21610,69,82,0,0,0.03371777,0,0
21611,69,83,0,0,0.02767529,0,0
21612,69,84,0,0,0.03467273,0,0
21613,69,85,0,0,0.01737219,0,0
21614,69,86,0,0,0.02681506,0,0
21615,69,87,0,0,0.01522419,0,0
21616,69,88,0,0,0.03247082,0,0
21617,69,89,0,0,0.03498526,0,0
21618,69,90,0,0,0.02472621,0,0
21619,69,91,0,0,0.02736901,0,0
21620,69,92,0,0,0.05423280,1,32
21621,69,93,0,0,0.03478153,0,0
21622,69,94,0,0,0.02073700,0,0
21623,69,95,0,0,0.01268129,0,0
21624,69,96,0,0,0.04496433,1,32
21625,69,97,0,0,0.01069599,0,0
21626,69,98,0,0,0.00781666,0,0
21627,69,99,0,0,0.04105144,1,32
21628,69,100,0,0,0.04146487,1,32
21629,69,101,0,0,0.05659109,1,31
21630,69,102,0,0,0.02713263,0,0
21631,69,103,0,0,0.01770604,0,0
21632,69,104,0,0,0.01207697,0,0
21633,69,105,0,0,0.03796804,0,0
21634,69,106,0,0,0.02114495,0,0
21635,69,107,0,0,0.00838508,0,0
21636,69,108,0,0,0.03718354,0,0
21637,69,109,0,0,0.01839888,0,0
21638,69,110,0,0,0.01341021,0,0
21639,69,111,0,0,0.02452773,0,0
21640,69,112,0,0,0.00835939,0,0
21641,69,113,0,0,0.02861060,0,0
21642,69,114,0,0,0.01178059,0,0
21643,69,115,0,0,0.01985418,0,0
21644,69,116,0,0,0.05912113,1,32
21645,69,117,0,0,0.02362539,0,0
21646,69,118,0,0,0.05609113,1,32
21647,69,119,0,0,0.01613957,0,0
21648,69,120,0,0,0.03743763,0,0
21649,69,121,0,0,0.06506038,1,32
21650,69,122,0,0,0.02923456,0,0
21651,69,123,0,0,0.00789197,0,0
21652,69,124,0,0,0.02873369,0,0
21653,69,125,0,0,0.01057141,0,0
21654,69,126,0,0,0.01194699,0,0
21655,69,127,0,0,0.03030370,0,0
21656,69,128,0,0,0.02851213,0,0
21657,69,129,0,0,0.00141549,0,0
21658,69,130,0,0,0.02658750,0,0
21659,69,131,0,0,0.01840804,0,0
21660,69,132,0,0,0.02813830,0,0
21661,69,133,0,0,0.01877988,0,0
21662,69,134,0,0,0.04069558,1,32
21663,69,135,0,0,0.02534652,0,0
21664,69,136,0,0,0.03648900,0,0
21665,69,137,0,0,0.05040319,1,31
21666,69,138,0,0,0.05016042,1,32
21667,69,139,0,0,0.01389855,0,0
21668,69,140,0,0,0.02231971,0,0
21669,69,141,0,0,0.02304287,0,0
21670,69,142,0,0,0.02020903,0,0
21671,69,143,0,0,0.04057033,1,32
21672,69,144,0,0,0.02398753,0,0
21673,69,145,0,0,0.02992244,0,0
21674,69,146,0,0,0.02300602,0,0
21675,69,147,0,0,0.04893615,1,32
21676,69,148,0,0,0.01232711,0,0
21677,69,149,0,0,0.01601597,0,0
21678,69,150,0,0,0.02788580,0,0
21679,69,151,0,0,0.04933908,1,32
21680,69,152,0,0,0.04271218,1,32
21681,69,153,0,0,0.01072789,0,0
21682,69,154,0,0,0.02076337,0,0
21683,69,155,0,0,0.05269045,1,31
21684,69,156,0,0,0.00702773,0,0
21685,69,157,0,0,0.00885635,0,0
21686,69,158,0,0,0.01805237,0,0
21687,69,159,0,0,0.01526954,0,0
21688,69,160,0,0,0.02285774,0,0
21689,69,161,0,0,0.02737556,0,0
21690,69,162,0,0,0.05120393,1,32
21691,69,163,0,0,0.04698794,1,32
21692,69,164,0,0,0.01312985,0,0
21693,69,165,0,0,0.01468315,0,0
21694,69,166,0,0,0.01403105,0,0
21695,69,167,0,0,0.07195619,1,31
21696,69,168,0,0,0.01246389,0,0
21697,69,169,0,0,0.01616001,0,0
21698,69,170,0,0,0.01191919,0,0
21699,69,171,0,0,0.03587286,0,0
21700,69,172,0,0,0.03731541,0,0
21701,69,173,0,0,0.01856465,0,0
21702,69,174,0,0,0.03671639,0,0
21703,69,175,0,0,0.00683616,0,0
21704,69,176,0,0,0.04935654,1,32
21705,69,177,0,0,0.01709348,0,0
21706,69,178,0,0,0.04401991,1,30
21707,69,179,0,0,0.01137595,0,0
21708,69,180,0,0,0.03335543,0,0
21709,69,181,0,0,0.03737542,0,0
21710,69,182,0,0,0.04671577,1,32
21711,69,183,0,0,0.02351655,0,0
21712,69,184,0,0,0.00873641,0,0
21713,69,185,0,0,0.01741670,0,0
21714,69,186,0,0,0.01355784,0,0
21715,69,187,0,0,0.02261381,0,0
21716,69,188,0,0,0.04329805,1,32
21717,69,189,0,0,0.01096821,0,0
21718,69,190,0,0,0.02943393,0,0
21719,69,191,0,0,0.01607521,0,0
21720,69,192,0,0,0.02992243,0,0
21721,69,193,0,0,0.03350224,0,0
21722,69,194,0,0,0.01135170,0,0
21723,69,195,0,0,0.05680561,1,32
21724,69,196,0,0,0.02469514,0,0
21725,69,197,0,0,0.04952117,1,32
21726,69,198,0,0,0.03128932,0,0
21727,69,199,0,0,0.00732681,0,0
21728,69,200,0,0,0.06310952,1,32
21729,69,201,0,0,0.03766093,0,0
21730,69,202,0,0,0.01560139,0,0
21731,69,203,0,0,0.00727764,0,0
21732,69,204,0,0,0.02949326,0,0
21733,69,205,0,0,0.01044966,0,0
21734,69,206,0,0,0.02947212,0,0
21735,69,207,0,0,0.03391051,0,0
21736,69,208,0,0,0.00845790,0,0
21737,69,209,0,0,0.01575878,0,0
21738,69,210,0,0,0.01731722,0,0
21739,69,211,0,0,0.01990629,0,0
21740,69,212,0,0,0.00827885,0,0
21741,69,213,0,0,0.03476221,0,0
21742,69,214,0,0,0.02648335,0,0
21743,69,215,0,0,0.01265925,0,0
21744,69,216,0,0,0.03052094,0,0
21745,69,217,0,0,0.03232228,0,0
21746,69,218,0,0,0.02517171,0,0
21747,69,219,0,0,0.02337412,0,0
21748,69,220,0,0,0.01749358,0,0
21749,69,221,0,0,0.00446358,0,0
21750,69,222,0,0,0.02541342,0,0
21751,69,223,0,0,0.01645026,0,0
21752,69,224,0,0,0.02195938,0,0
21753,69,225,0,0,0.01538783,0,0
21754,69,226,0,0,0.02034841,0,0
21755,69,227,0,0,0.01306898,0,0
21756,69,228,0,0,0.03209039,0,0
21757,69,229,0,0,0.01680334,0,0
21758,69,230,0,0,0.02609003,0,0
21759,69,231,0,0,0.01090486,0,0
21760,69,232,0,0,0.04353603,1,32
21761,69,233,0,0,0.03648901,0,0
21762,69,234,0,0,0.02320352,0,0
21763,69,235,0,0,0.02318395,0,0
21764,69,236,0,0,0.02986554,0,0
21765,69,237,0,0,0.01805723,0,0
21766,69,238,0,0,0.02480175,0,0
21767,69,239,0,0,0.04556769,1,32
21768,69,240,0,0,0.02147473,0,0
21769,69,241,0,0,0.02359956,0,0
21770,69,242,0,0,0.03146777,0,0
21771,69,243,0,0,0.01556788,0,0
21772,69,244,0,0,0.05192485,1,31
21773,69,245,0,0,0.03125480,0,0
21774,69,246,0,0,0.01310163,0,0
21775,69,247,0,0,0.02901656,0,0
21776,69,248,0,0,0.01924059,0,0
21777,69,249,0,0,0.02449873,0,0
21778,69,250,0,0,0.01363558,0,0
21779,69,251,0,0,0.01863219,0,0
21780,69,252,0,0,0.02883885,0,0
21781,69,253,0,0,0.02233777,0,0
21782,69,254,0,0,0.02343585,0,0
21783,69,255,0,0,0.04541994,1,31
21784,69,256,0,0,0.01487271,0,0
21785,69,257,0,0,0.03409390,0,0
21786,69,258,0,0,0.01841772,0,0
21787,69,259,0,0,0.05853136,1,32
21788,69,260,0,0,0.03400635,0,0
21789,69,261,0,0,0.01601247,0,0
21790,69,262,0,0,0.02444274,0,0
21791,69,263,0,0,0.04599749,1,32
21792,69,264,0,0,0.01833428,0,0
21793,69,265,0,0,0.04808643,1,32
21794,69,266,0,0,0.02446578,0,0
21795,69,267,0,0,0.06295811,1,32
21796,69,268,0,0,0.01075663,0,0
21797,69,269,0,0,0.05056555,1,32
21798,69,270,0,0,0.02884162,0,0
21799,69,271,0,0,0.03986580,0,0
21800,69,272,0,0,0.03445676,0,0
21801,69,273,0,0,0.01222982,0,0
21802,69,274,0,0,0.01787706,0,0
21803,69,275,0,0,0.03106543,0,0
21804,69,276,0,0,0.03870318,0,0
21805,69,277,0,0,0.01826807,0,0
21806,69,278,0,0,0.04288378,1,32
21807,69,279,0,0,0.02644216,0,0
21808,69,280,0,0,0.03074476,0,0
21809,69,281,0,0,0.06293079,1,32
21810,69,282,0,0,0.03491063,0,0
21811,69,283,0,0,0.01327682,0,0
21812,69,284,0,0,0.02278231,0,0
21813,69,285,0,0,0.01852296,0,0
21814,69,286,0,0,0.02413063,0,0
21815,69,287,0,0,0.01185320,0,0
21816,69,288,0,0,0.01663125,0,0
21817,69,289,0,0,0.01661628,0,0
21818,69,290,0,0,0.02869778,0,0
21819,69,291,0,0,0.02578233,0,0
21820,69,292,0,0,0.02291865,0,0
21821,69,293,0,0,0.02026635,0,0
21822,69,294,0,0,0.01777465,0,0
21823,69,295,0,0,0.01748925,0,0
21824,69,296,0,0,0.04601723,1,32
21825,69,297,0,0,0.03036671,0,0
21826,69,298,0,0,0.02155481,0,0
21827,69,299,0,0,0.01374616,0,0
21828,69,300,0,0,0.00554636,0,0
21829,69,301,0,0,0.03527109,0,0
21830,69,302,0,0,0.02050886,0,0
21831,69,303,0,0,0.02417653,0,0
21832,69,304,0,0,0.01143467,0,0
21833,69,305,0,0,0.03984593,0,0
21834,69,306,0,0,0.01064970,0,0
21835,69,307,0,0,0.01474559,0,0
21836,69,308,0,0,0.05211581,1,32
21837,69,309,0,0,0.04958227,1,31
21838,69,310,0,0,0.04588687,1,32
21839,69,311,0,0,0.01748659,0,0
21840,70,0,1,0,0.02769433,0,0
21841,70,1,0,0,0.01102774,0,0
21842,70,2,0,0,0.03360734,0,0
21843,70,3,0,0,0.03488674,0,0
21844,70,4,0,0,0.01429391,0,0
21845,70,5,0,0,0.04297139,1,32
21846,70,6,0,0,0.01252530,0,0
21847,70,7,0,0,0.02149778,0,0
21848,70,8,0,0,0.04999478,1,32
21849,70,9,0,0,0.03039993,0,0
21850,70,10,0,0,0.01903026,0,0
21851,70,11,0,0,0.02523592,0,0
21852,70,12,0,0,0.04009606,1,32
21853,70,13,0,0,0.02655860,0,0
21854,70,14,0,0,0.02153539,0,0
21855,70,15,0,0,0.01328459,0,0
21856,70,16,0,0,0.01403083,0,0
21857,70,17,0,0,0.02841821,0,0
21858,70,18,0,0,0.01867922,0,0
21859,70,19,0,0,0.03203591,0,0
21860,70,20,0,0,0.01443689,0,0
21861,70,21,0,0,0.02055860,0,0
21862,70,22,0,0,0.03402074,0,0
21863,70,23,0,0,0.04400396,1,32
21864,70,24,0,0,0.01479252,0,0
21865,70,25,0,0,0.01481776,0,0
21866,70,26,0,0,0.01951883,0,0
21867,70,27,0,0,0.02744371,0,0
21868,70,28,0,0,0.01173228,0,0
21869,70,29,0,0,0.04199631,1,32
21870,70,30,0,0,0.01147082,0,0
21871,70,31,0,0,0.02251247,0,0
21872,70,32,0,0,0.01893645,0,0
21873,70,33,0,0,0.01356146,0,0
21874,70,34,0,0,0.03418378,0,0
21875,70,35,0,0,0.03993546,0,0
21876,70,36,0,0,0.04490608,1,31
21877,70,37,0,0,0.01077803,0,0
21878,70,38,0,0,0.02335119,0,0
21879,70,39,0,0,0.03798969,0,0
21880,70,40,0,0,0.02760157,0,0
21881,70,41,0,0,0.01459043,0,0
21882,70,42,0,0,0.00750377,0,0
21883,70,43,0,0,0.02096621,0,0
21884,70,44,0,0,0.00360584,0,0
21885,70,45,0,0,0.02189769,0,0
21886,70,46,0,0,0.02743105,0,0
21887,70,47,0,0,0.04707187,1,32
21888,70,48,0,0,0.03485200,0,0
21889,70,49,0,0,0.01930973,0,0
21890,70,50,0,0,0.01650657,0,0
21891,70,51,0,0,0.02049225,0,0
21892,70,52,0,0,0.02507627,0,0
21893,70,53,0,0,0.03588996,0,0
21894,70,54,0,0,0.04442920,1,32
21895,70,55,0,0,0.02180547,0,0
21896,70,56,0,0,0.02281246,0,0
21897,70,57,0,0,0.01646578,0,0
21898,70,58,0,0,0.03876803,0,0
21899,70,59,0,0,0.04966572,1,32
21900,70,60,0,0,0.02194023,0,0
21901,70,61,0,0,0.03320123,0,0
21902,70,62,0,0,0.02895121,0,0
21903,70,63,0,0,0.04752725,1,32
21904,70,64,0,0,0.01727574,0,0
21905,70,65,0,0,0.01684212,0,0
21906,70,66,0,0,0.02407010,0,0
21907,70,67,0,0,0.02499501,0,0
21908,70,68,0,0,0.03168963,0,0
21909,70,69,0,0,0.05669305,1,16
21910,70,70,0,0,0.01880784,0,0
21911,70,71,0,0,0.01855831,0,0
21912,70,72,0,0,0.02825202,0,0
21913,70,73,0,0,0.04520391,1,32
21914,70,74,0,0,0.01752749,0,0
21915,70,75,0,0,0.02052708,0,0
21916,70,76,0,0,0.01466586,0,0
21917,70,77,0,0,0.01804043,0,0
21918,70,78,0,0,0.01767786,0,0
21919,70,79,0,0,0.03379874,0,0
21920,70,80,0,0,0.01349417,0,0
21921,70,81,0,0,0.00705755,0,0
21922,70,82,0,0,0.01572761,0,0
21923,70,83,0,0,0.03059547,0,0
21924,70,84,0,0,0.02675688,0,0
21925,70,85,0,0,0.05200100,1,32
21926,70,86,0,0,0.02238730,0,0
21927,70,87,0,0,0.02518010,0,0
21928,70,88,0,0,0.01677485,0,0
21929,70,89,0,0,0.01052464,0,0
21930,70,90,0,0,0.06739081,1,32
21931,70,91,0,0,0.01891010,0,0
21932,70,92,0,0,0.04594944,1,32
21933,70,93,0,0,0.06832306,1,32
21934,70,94,0,0,0.01790795,0,0
21935,70,95,0,0,0.02986398,0,0
21936,70,96,0,0,0.02254010,0,0
21937,70,97,0,0,0.05124964,1,32
21938,70,98,0,0,0.03285150,0,0
21939,70,99,0,0,0.01486444,0,0
21940,70,100,0,0,0.04646651,1,32
21941,70,101,0,0,0.09013516,1,32
21942,70,102,0,0,0.06620944,1,32
21943,70,103,0,0,0.02629871,0,0
21944,70,104,0,0,0.01216671,0,0
21945,70,105,0,0,0.01808894,0,0
21946,70,106,0,0,0.02546764,0,0
21947,70,107,0,0,0.01991824,0,0
21948,70,108,0,0,0.01555666,0,0
21949,70,109,0,0,0.04147542,1,32
21950,70,110,0,0,0.01939198,0,0
21951,70,111,0,0,0.02704732,0,0
21952,70,112,0,0,0.07022922,1,32
21953,70,113,0,0,0.00995029,0,0
21954,70,114,0,0,0.05541171,1,32
21955,70,115,0,0,0.01958066,0,0
21956,70,116,0,0,0.03042602,0,0
21957,70,117,0,0,0.05491497,1,32
21958,70,118,0,0,0.02678980,0,0
21959,70,119,0,0,0.06711239,1,32
21960,70,120,0,0,0.02918332,0,0
21961,70,121,0,0,0.02436772,0,0
21962,70,122,0,0,0.04506550,1,32
21963,70,123,0,0,0.02071086,0,0
21964,70,124,0,0,0.01032481,0,0
21965,70,125,0,0,0.01442008,0,0
21966,70,126,0,0,0.01458330,0,0
21967,70,127,0,0,0.01044125,0,0
21968,70,128,0,0,0.02903193,0,0
21969,70,129,0,0,0.02882000,0,0
21970,70,130,0,0,0.00384851,0,0
21971,70,131,0,0,0.02988219,0,0
21972,70,132,0,0,0.01591077,0,0
21973,70,133,0,0,0.02223168,0,0
21974,70,134,0,0,0.01780302,0,0
21975,70,135,0,0,0.05459059,1,32
21976,70,136,0,0,0.03146343,0,0
21977,70,137,0,0,0.04992472,1,32
21978,70,138,0,0,0.06066810,1,32
21979,70,139,0,0,0.04982204,1,32
21980,70,140,0,0,0.02355590,0,0
21981,70,141,0,0,0.00664185,0,0
21982,70,142,0,0,0.03238408,0,0
21983,70,143,0,0,0.02083339,0,0
21984,70,144,0,0,0.02618190,0,0
21985,70,145,0,0,0.02331622,0,0
21986,70,146,0,0,0.02116850,0,0
21987,70,147,0,0,0.02613939,0,0
21988,70,148,0,0,0.04890008,1,32
21989,70,149,0,0,0.00984849,0,0
21990,70,150,0,0,0.03864714,0,0
21991,70,151,0,0,0.02193312,0,0
21992,70,152,0,0,0.05524519,1,32
21993,70,153,0,0,0.03083463,0,0
21994,70,154,0,0,0.01237815,0,0
21995,70,155,0,0,0.03626237,0,0
21996,70,156,0,0,0.05629555,1,32
21997,70,157,0,0,0.00941556,0,0
21998,70,158,0,0,0.01025422,0,0
21999,70,159,0,0,0.02698106,0,0
22000,70,160,0,0,0.01301867,0,0
22001,70,161,0,0,0.02366992,0,0
22002,70,162,0,0,0.02851956,0,0
22003,70,163,0,0,0.05901808,1,32
22004,70,164,0,0,0.04706141,1,32
22005,70,165,0,0,0.01233424,0,0
22006,70,166,0,0,0.00846873,0,0
22007,70,167,0,0,0.01532697,0,0
22008,70,168,0,0,0.08076471,1,32
22009,70,169,0,0,0.01423897,0,0
22010,70,170,0,0,0.02220510,0,0
22011,70,171,0,0,0.01558628,0,0
22012,70,172,0,0,0.02576721,0,0
22013,70,173,0,0,0.05394324,1,31
22014,70,174,0,0,0.01322554,0,0
22015,70,175,0,0,0.02801083,0,0
22016,70,176,0,0,0.00974671,0,0
22017,70,177,0,0,0.04216895,1,32
22018,70,178,0,0,0.01628627,0,0
22019,70,179,0,0,0.03535824,0,0
22020,70,180,0,0,0.02653766,0,0
22021,70,181,0,0,0.04195900,1,32
22022,70,182,0,0,0.06106672,1,32
22023,70,183,0,0,0.05131396,1,32
22024,70,184,0,0,0.01446647,0,0
22025,70,185,0,0,0.01552914,0,0
22026,70,186,0,0,0.01721007,0,0
22027,70,187,0,0,0.01709954,0,0
22028,70,188,0,0,0.02387291,0,0
22029,70,189,0,0,0.04780988,1,32
22030,70,190,0,0,0.03157234,0,0
22031,70,191,0,0,0.04561033,1,32
22032,70,192,0,0,0.01968438,0,0
22033,70,193,0,0,0.01755947,0,0
22034,70,194,0,0,0.03686788,0,0
22035,70,195,0,0,0.01055639,0,0
22036,70,196,0,0,0.04462752,1,32
22037,70,197,0,0,0.02469962,0,0
22038,70,198,0,0,0.04262858,1,32
22039,70,199,0,0,0.02136632,0,0
22040,70,200,0,0,0.01271334,0,0
22041,70,201,0,0,0.05704208,1,32
22042,70,202,0,0,0.02467631,0,0
22043,70,203,0,0,0.01393902,0,0
22044,70,204,0,0,0.00758081,0,0
22045,70,205,0,0,0.01505408,0,0
22046,70,206,0,0,0.01764993,0,0
22047,70,207,0,0,0.02055275,0,0
22048,70,208,0,0,0.03759163,0,0
22049,70,209,0,0,0.00453298,0,0
22050,70,210,0,0,0.01948913,0,0
22051,70,211,0,0,0.01831448,0,0
22052,70,212,0,0,0.01854576,0,0
22053,70,213,0,0,0.01155582,0,0
22054,70,214,0,0,0.04052123,1,32
22055,70,215,0,0,0.04182607,1,32
22056,70,216,0,0,0.01369635,0,0
22057,70,217,0,0,0.02429768,0,0
22058,70,218,0,0,0.03328867,0,0
22059,70,219,0,0,0.02558615,0,0
22060,70,220,0,0,0.01508541,0,0
22061,70,221,0,0,0.02766522,0,0
22062,70,222,0,0,0.00790160,0,0
22063,70,223,0,0,0.02100983,0,0
22064,70,224,0,0,0.01286112,0,0
22065,70,225,0,0,0.00779160,0,0
22066,70,226,0,0,0.04348010,1,32
22067,70,227,0,0,0.01241412,0,0
22068,70,228,0,0,0.01415330,0,0
22069,70,229,0,0,0.03071917,0,0
22070,70,230,0,0,0.02016142,0,0
22071,70,231,0,0,0.04546986,1,32
22072,70,232,0,0,0.00728224,0,0
22073,70,233,0,0,0.05567222,1,32
22074,70,234,0,0,0.03578612,0,0
22075,70,235,0,0,0.03847570,0,0
22076,70,236,0,0,0.01365936,0,0
22077,70,237,0,0,0.03060739,0,0
22078,70,238,0,0,0.01705004,0,0
22079,70,239,0,0,0.04019526,1,32
22080,70,240,0,0,0.04363804,1,32
22081,70,241,0,0,0.01413768,0,0
22082,70,242,0,0,0.02611079,0,0
22083,70,243,0,0,0.03485380,0,0
22084,70,244,0,0,0.01634463,0,0
22085,70,245,0,0,0.06015992,1,32
22086,70,246,0,0,0.04173063,1,32
22087,70,247,0,0,0.01219016,0,0
22088,70,248,0,0,0.03858941,0,0
22089,70,249,0,0,0.04126081,1,32
22090,70,250,0,0,0.03155443,0,0
22091,70,251,0,0,0.01731472,0,0
22092,70,252,0,0,0.01446478,0,0
22093,70,253,0,0,0.01896787,0,0
22094,70,254,0,0,0.02800316,0,0
22095,70,255,0,0,0.03091910,0,0
22096,70,256,0,0,0.05330389,1,31
22097,70,257,0,0,0.02298320,0,0
22098,70,258,0,0,0.03978130,0,0
22099,70,259,0,0,0.01323121,0,0
22100,70,260,0,0,0.06430329,1,32
22101,70,261,0,0,0.01621298,0,0
22102,70,262,0,0,0.01141298,0,0
22103,70,263,0,0,0.02609920,0,0
22104,70,264,0,0,0.04512994,1,32
22105,70,265,0,0,0.02116667,0,0
22106,70,266,0,0,0.05030927,1,32
22107,70,267,0,0,0.03582950,0,0
22108,70,268,0,0,0.06877570,1,32
22109,70,269,0,0,0.02646658,0,0
22110,70,270,0,0,0.04222891,1,32
22111,70,271,0,0,0.04200255,1,32
22112,70,272,0,0,0.04196356,1,32
22113,70,273,0,0,0.05524444,1,32
22114,70,274,0,0,0.01548031,0,0
22115,70,275,0,0,0.03194738,0,0
22116,70,276,0,0,0.03932815,0,0
22117,70,277,0,0,0.02436869,0,0
22118,70,278,0,0,0.01786897,0,0
22119,70,279,0,0,0.06616952,1,32
22120,70,280,0,0,0.02708121,0,0
22121,70,281,0,0,0.01975339,0,0
22122,70,282,0,0,0.07557870,1,32
22123,70,283,0,0,0.03670695,0,0
22124,70,284,0,0,0.01383379,0,0
22125,70,285,0,0,0.04419267,1,32
22126,70,286,0,0,0.01774629,0,0
22127,70,287,0,0,0.03404306,0,0
22128,70,288,0,0,0.01261909,0,0
22129,70,289,0,0,0.02049145,0,0
22130,70,290,0,0,0.02336861,0,0
22131,70,291,0,0,0.02642584,0,0
22132,70,292,0,0,0.01457972,0,0
22133,70,293,0,0,0.05778379,1,32
22134,70,294,0,0,0.01031146,0,0
22135,70,295,0,0,0.00865579,0,0
22136,70,296,0,0,0.02771492,0,0
22137,70,297,0,0,0.06088819,1,32
22138,70,298,0,0,0.03856160,0,0
22139,70,299,0,0,0.02132144,0,0
22140,70,300,0,0,0.02203942,0,0
22141,70,301,0,0,0.02765899,0,0
22142,70,302,0,0,0.04055088,1,32
22143,70,303,0,0,0.04131929,1,32
22144,70,304,0,0,0.04040274,1,32
22145,70,305,0,0,0.01841694,0,0
22146,70,306,0,0,0.05278409,1,32
22147,70,307,0,0,0.01191790,0,0
22148,70,308,0,0,0.02207932,0,0
22149,70,309,0,0,0.05092084,1,32
22150,70,310,0,0,0.05365665,1,32
22151,70,311,0,0,0.02820555,0,0
22152,71,0,1,0,0.02169359,0,0
22153,71,1,0,0,0.05429581,1,32
22154,71,2,0,0,0.01196853,0,0
22155,71,3,0,0,0.03856998,0,0
22156,71,4,0,0,0.03342325,0,0
22157,71,5,0,0,0.01108250,0,0
22158,71,6,0,0,0.05010997,1,32
22159,71,7,0,0,0.02237306,0,0
22160,71,8,0,0,0.01264669,0,0
22161,71,9,0,0,0.03655461,0,0
22162,71,10,0,0,0.03777563,0,0
22163,71,11,0,0,0.02325090,0,0
22164,71,12,0,0,0.03828336,0,0
22165,71,13,0,0,0.05082915,1,32
22166,71,14,0,0,0.01432828,0,0
22167,71,15,0,0,0.01262870,0,0
22168,71,16,0,0,0.01357167,0,0
22169,71,17,0,0,0.01721328,0,0
22170,71,18,0,0,0.04992816,1,32
22171,71,19,0,0,0.01270916,0,0
22172,71,20,0,0,0.03399283,0,0
22173,71,21,0,0,0.02507412,0,0
22174,71,22,0,0,0.01997582,0,0
22175,71,23,0,0,0.04202566,1,32
22176,71,24,0,0,0.05727972,1,32
22177,71,25,0,0,0.03656697,0,0
22178,71,26,0,0,0.02346119,0,0
22179,71,27,0,0,0.02023968,0,0
22180,71,28,0,0,0.02315870,0,0
22181,71,29,0,0,0.01352091,0,0
22182,71,30,0,0,0.03751595,0,0
22183,71,31,0,0,0.01098073,0,0
22184,71,32,0,0,0.04947495,1,32
22185,71,33,0,0,0.01616972,0,0
22186,71,34,0,0,0.02625282,0,0
22187,71,35,0,0,0.05791041,1,32
22188,71,36,0,0,0.04470073,1,32
22189,71,37,0,0,0.02915418,0,0
22190,71,38,0,0,0.02650259,0,0
22191,71,39,0,0,0.05059470,1,32
22192,71,40,0,0,0.01885967,0,0
22193,71,41,0,0,0.01905335,0,0
22194,71,42,0,0,0.01189601,0,0
22195,71,43,0,0,0.00892133,0,0
22196,71,44,0,0,0.01254695,0,0
22197,71,45,0,0,0.01007476,0,0
22198,71,46,0,0,0.06174110,1,32
22199,71,47,0,0,0.03436105,0,0
22200,71,48,0,0,0.04692069,1,32
22201,71,49,0,0,0.02272343,0,0
22202,71,50,0,0,0.00901122,0,0
22203,71,51,0,0,0.02530968,0,0
22204,71,52,0,0,0.01464087,0,0
22205,71,53,0,0,0.00497524,0,0
22206,71,54,0,0,0.04318213,1,32
22207,71,55,0,0,0.05138478,1,32
22208,71,56,0,0,0.01311942,0,0
22209,71,57,0,0,0.02213068,0,0
22210,71,58,0,0,0.01682790,0,0
22211,71,59,0,0,0.02441258,0,0
22212,71,60,0,0,0.03980227,0,0
22213,71,61,0,0,0.02750494,0,0
22214,71,62,0,0,0.01567107,0,0
22215,71,63,0,0,0.03516456,0,0
22216,71,64,0,0,0.04459888,1,31
22217,71,65,0,0,0.00790212,0,0
22218,71,66,0,0,0.03223838,0,0
22219,71,67,0,0,0.03224333,0,0
22220,71,68,0,0,0.05455964,1,32
22221,71,69,0,0,0.03280237,0,0
22222,71,70,0,0,0.07888081,1,16
22223,71,71,0,0,0.02163932,0,0
22224,71,72,0,0,0.01741024,0,0
22225,71,73,0,0,0.02821402,0,0
22226,71,74,0,0,0.04616136,1,32
22227,71,75,0,0,0.01392451,0,0
22228,71,76,0,0,0.02281669,0,0
22229,71,77,0,0,0.02706678,0,0
22230,71,78,0,0,0.01519140,0,0
22231,71,79,0,0,0.02453420,0,0
22232,71,80,0,0,0.02534188,0,0
22233,71,81,0,0,0.00578855,0,0
22234,71,82,0,0,0.00630797,0,0
22235,71,83,0,0,0.03347693,0,0
22236,71,84,0,0,0.03149020,0,0
22237,71,85,0,0,0.02475685,0,0
22238,71,86,0,0,0.04645229,1,32
22239,71,87,0,0,0.01474240,0,0
22240,71,88,0,0,0.02379149,0,0
22241,71,89,0,0,0.01301898,0,0
22242,71,90,0,0,0.02853461,0,0
22243,71,91,0,0,0.04134005,1,32
22244,71,92,0,0,0.01425226,0,0
22245,71,93,0,0,0.04162301,1,32
22246,71,94,0,0,0.03696857,0,0
22247,71,95,0,0,0.02538832,0,0
22248,71,96,0,0,0.01693705,0,0
22249,71,97,0,0,0.01979586,0,0
22250,71,98,0,0,0.05551954,1,32
22251,71,99,0,0,0.02815730,0,0
22252,71,100,0,0,0.01106778,0,0
22253,71,101,0,0,0.05421066,1,31
22254,71,102,0,0,0.08494098,1,32
22255,71,103,0,0,0.06538700,1,32
22256,71,104,0,0,0.03064951,0,0
22257,71,105,0,0,0.02324925,0,0
22258,71,106,0,0,0.01295879,0,0
22259,71,107,0,0,0.01766365,0,0
22260,71,108,0,0,0.02698270,0,0
22261,71,109,0,0,0.01070742,0,0
22262,71,110,0,0,0.03720012,0,0
22263,71,111,0,0,0.02252624,0,0
22264,71,112,0,0,0.03041461,0,0
22265,71,113,0,0,0.04281030,1,32
22266,71,114,0,0,0.01249906,0,0
22267,71,115,0,0,0.05265500,1,32
22268,71,116,0,0,0.00912627,0,0
22269,71,117,0,0,0.04040335,1,32
22270,71,118,0,0,0.05334479,1,32
22271,71,119,0,0,0.01825169,0,0
22272,71,120,0,0,0.04117904,1,30
22273,71,121,0,0,0.05399518,1,32
22274,71,122,0,0,0.02431852,0,0
22275,71,123,0,0,0.06498399,1,32
22276,71,124,0,0,0.02147437,0,0
22277,71,125,0,0,0.01198398,0,0
22278,71,126,0,0,0.04051883,1,32
22279,71,127,0,0,0.01070885,0,0
22280,71,128,0,0,0.01622930,0,0
22281,71,129,0,0,0.01937374,0,0
22282,71,130,0,0,0.02885965,0,0
22283,71,131,0,0,0.00744861,0,0
22284,71,132,0,0,0.02907966,0,0
22285,71,133,0,0,0.02002572,0,0
22286,71,134,0,0,0.02123141,0,0
22287,71,135,0,0,0.02055146,0,0
22288,71,136,0,0,0.04697451,1,32
22289,71,137,0,0,0.02047058,0,0
22290,71,138,0,0,0.05129439,1,32
22291,71,139,0,0,0.02823162,0,0
22292,71,140,0,0,0.05388096,1,32
22293,71,141,0,0,0.04052940,1,32
22294,71,142,0,0,0.01345245,0,0
22295,71,143,0,0,0.02725032,0,0
22296,71,144,0,0,0.00971317,0,0
22297,71,145,0,0,0.01891430,0,0
22298,71,146,0,0,0.02266681,0,0
22299,71,147,0,0,0.02644771,0,0
22300,71,148,0,0,0.02846487,0,0
22301,71,149,0,0,0.03687581,0,0
22302,71,150,0,0,0.01129179,0,0
22303,71,151,0,0,0.03782697,0,0
22304,71,152,0,0,0.02359790,0,0
22305,71,153,0,0,0.05294542,1,32
22306,71,154,0,0,0.04280731,1,32
22307,71,155,0,0,0.00912376,0,0
22308,71,156,0,0,0.03328817,0,0
22309,71,157,0,0,0.06493211,1,32
22310,71,158,0,0,0.00500397,0,0
22311,71,159,0,0,0.01660047,0,0
22312,71,160,0,0,0.02875157,0,0
22313,71,161,0,0,0.02112501,0,0
22314,71,162,0,0,0.02316192,0,0
22315,71,163,0,0,0.01488958,0,0
22316,71,164,0,0,0.06058617,1,31
22317,71,165,0,0,0.04327967,1,32
22318,71,166,0,0,0.02176793,0,0
22319,71,167,0,0,0.01738186,0,0
22320,71,168,0,0,0.01284767,0,0
22321,71,169,0,0,0.09128003,1,32
22322,71,170,0,0,0.00470251,0,0
22323,71,171,0,0,0.01844010,0,0
22324,71,172,0,0,0.01605613,0,0
22325,71,173,0,0,0.02999070,0,0
22326,71,174,0,0,0.05119556,1,32
22327,71,175,0,0,0.00780763,0,0
22328,71,176,0,0,0.03505722,0,0
22329,71,177,0,0,0.00607358,0,0
22330,71,178,0,0,0.05528321,1,32
22331,71,179,0,0,0.01449842,0,0
22332,71,180,0,0,0.01978298,0,0
22333,71,181,0,0,0.05902965,1,32
22334,71,182,0,0,0.01521848,0,0
22335,71,183,0,0,0.06712214,1,32
22336,71,184,0,0,0.06222995,1,32
22337,71,185,0,0,0.01307014,0,0
22338,71,186,0,0,0.00951003,0,0
22339,71,187,0,0,0.02977230,0,0
22340,71,188,0,0,0.01410677,0,0
22341,71,189,0,0,0.01904342,0,0
22342,71,190,0,0,0.01134966,0,0
22343,71,191,0,0,0.01514114,0,0
22344,71,192,0,0,0.03959018,0,0
22345,71,193,0,0,0.01669453,0,0
22346,71,194,0,0,0.02947881,0,0
22347,71,195,0,0,0.05939910,1,32
22348,71,196,0,0,0.01087739,0,0
22349,71,197,0,0,0.03735375,0,0
22350,71,198,0,0,0.02545762,0,0
22351,71,199,0,0,0.05106393,1,32
22352,71,200,0,0,0.02544826,0,0
22353,71,201,0,0,0.02576605,0,0
22354,71,202,0,0,0.05987105,1,32
22355,71,203,0,0,0.02173563,0,0
22356,71,204,0,0,0.01303258,0,0
22357,71,205,0,0,0.00853533,0,0
22358,71,206,0,0,0.02434288,0,0
22359,71,207,0,0,0.01750676,0,0
22360,71,208,0,0,0.01964292,0,0
22361,71,209,0,0,0.02861815,0,0
22362,71,210,0,0,0.00944282,0,0
22363,71,211,0,0,0.02242290,0,0
22364,71,212,0,0,0.02261890,0,0
22365,71,213,0,0,0.02710553,0,0
22366,71,214,0,0,0.01190038,0,0
22367,71,215,0,0,0.02304900,0,0
22368,71,216,0,0,0.03530174,0,0
22369,71,217,0,0,0.01614270,0,0
22370,71,218,0,0,0.02210259,0,0
22371,71,219,0,0,0.03292099,0,0
22372,71,220,0,0,0.03302361,0,0
22373,71,221,0,0,0.01652587,0,0
22374,71,222,0,0,0.02052710,0,0
22375,71,223,0,0,0.00817948,0,0
22376,71,224,0,0,0.01469953,0,0
22377,71,225,0,0,0.00974172,0,0
22378,71,226,0,0,0.02349540,0,0
22379,71,227,0,0,0.06050889,1,32
22380,71,228,0,0,0.02562435,0,0
22381,71,229,0,0,0.01408625,0,0
22382,71,230,0,0,0.02716056,0,0
22383,71,231,0,0,0.01271140,0,0
22384,71,232,0,0,0.02717948,0,0
22385,71,233,0,0,0.01029209,0,0
22386,71,234,0,0,0.03421893,0,0
22387,71,235,0,0,0.04399353,1,32
22388,71,236,0,0,0.05471751,1,32
22389,71,237,0,0,0.01696981,0,0
22390,71,238,0,0,0.02634289,0,0
22391,71,239,0,0,0.01881338,0,0
22392,71,240,0,0,0.03046573,0,0
22393,71,241,0,0,0.04732828,1,32
22394,71,242,0,0,0.01348839,0,0
22395,71,243,0,0,0.02790708,0,0
22396,71,244,0,0,0.03486950,0,0
22397,71,245,0,0,0.01834054,0,0
22398,71,246,0,0,0.03484726,0,0
22399,71,247,0,0,0.04066701,1,32
22400,71,248,0,0,0.01594502,0,0
22401,71,249,0,0,0.04046849,1,32
22402,71,250,0,0,0.01632107,0,0
22403,71,251,0,0,0.04421366,1,32
22404,71,252,0,0,0.02740433,0,0
22405,71,253,0,0,0.01329889,0,0
22406,71,254,0,0,0.02169540,0,0
22407,71,255,0,0,0.01577630,0,0
22408,71,256,0,0,0.02567397,0,0
22409,71,257,0,0,0.04958843,1,32
22410,71,258,0,0,0.02272374,0,0
22411,71,259,0,0,0.03061965,0,0
22412,71,260,0,0,0.01414727,0,0
22413,71,261,0,0,0.05817816,1,32
22414,71,262,0,0,0.02150162,0,0
22415,71,263,0,0,0.01112221,0,0
22416,71,264,0,0,0.05097735,1,32
22417,71,265,0,0,0.04503798,1,32
22418,71,266,0,0,0.02603458,0,0
22419,71,267,0,0,0.05407968,1,32
22420,71,268,0,0,0.03982192,0,0
22421,71,269,0,0,0.04608924,1,32
22422,71,270,0,0,0.02435610,0,0
22423,71,271,0,0,0.04447296,1,32
22424,71,272,0,0,0.03368295,0,0
22425,71,273,0,0,0.03537463,0,0
22426,71,274,0,0,0.06043715,1,32
22427,71,275,0,0,0.01704273,0,0
22428,71,276,0,0,0.02207018,0,0
22429,71,277,0,0,0.01406933,0,0
22430,71,278,0,0,0.04509368,1,32
22431,71,279,0,0,0.01618807,0,0
22432,71,280,0,0,0.09465281,1,32
22433,71,281,0,0,0.02824769,0,0
22434,71,282,0,0,0.02927450,0,0
22435,71,283,0,0,0.04828154,1,32
22436,71,284,0,0,0.04048771,1,32
22437,71,285,0,0,0.01550171,0,0
22438,71,286,0,0,0.02684866,0,0
22439,71,287,0,0,0.02053262,0,0
22440,71,288,0,0,0.03604744,0,0
22441,71,289,0,0,0.01566300,0,0
22442,71,290,0,0,0.01844097,0,0
22443,71,291,0,0,0.02033099,0,0
22444,71,292,0,0,0.02625298,0,0
22445,71,293,0,0,0.02677704,0,0
22446,71,294,0,0,0.03314755,0,0
22447,71,295,0,0,0.01243373,0,0
22448,71,296,0,0,0.02050588,0,0
22449,71,297,0,0,0.04071701,1,32
22450,71,298,0,0,0.05833598,1,32
22451,71,299,0,0,0.06287139,1,32
22452,71,300,0,0,0.02204999,0,0
22453,71,301,0,0,0.01935725,0,0
22454,71,302,0,0,0.01912441,0,0
22455,71,303,0,0,0.01350959,0,0
22456,71,304,0,0,0.03527007,0,0
22457,71,305,0,0,0.02754615,0,0
22458,71,306,0,0,0.01166662,0,0
22459,71,307,0,0,0.04528937,1,31
22460,71,308,0,0,0.01885021,0,0
22461,71,309,0,0,0.01763852,0,0
22462,71,310,0,0,0.01667581,0,0
22463,71,311,0,0,0.08188238,1,32
22464,72,0,1,0,0.04047652,1,32
22465,72,1,0,0,0.02444338,0,0
22466,72,2,0,0,0.03189156,0,0
22467,72,3,0,0,0.01420530,0,0
22468,72,4,0,0,0.03218164,0,0
22469,72,5,0,0,0.02735374,0,0
22470,72,6,0,0,0.01417085,0,0
22471,72,7,0,0,0.05246872,1,32
22472,72,8,0,0,0.02016135,0,0
22473,72,9,0,0,0.01641968,0,0
22474,72,10,0,0,0.03101349,0,0
22475,72,11,0,0,0.04018078,1,32
22476,72,12,0,0,0.02203780,0,0
22477,72,13,0,0,0.04184939,1,32
22478,72,14,0,0,0.05831373,1,32
22479,72,15,0,0,0.02111980,0,0
22480,72,16,0,0,0.02314764,0,0
22481,72,17,0,0,0.00737590,0,0
22482,72,18,0,0,0.01561020,0,0
22483,72,19,0,0,0.03922198,0,0
22484,72,20,0,0,0.01165024,0,0
22485,72,21,0,0,0.03272335,0,0
22486,72,22,0,0,0.02305255,0,0
22487,72,23,0,0,0.02037885,0,0
22488,72,24,0,0,0.03263554,0,0
22489,72,25,0,0,0.05492637,1,32
22490,72,26,0,0,0.02524582,0,0
22491,72,27,0,0,0.01633219,0,0
22492,72,28,0,0,0.02349055,0,0
22493,72,29,0,0,0.01756282,0,0
22494,72,30,0,0,0.01156712,0,0
22495,72,31,0,0,0.04085809,1,32
22496,72,32,0,0,0.01674044,0,0
22497,72,33,0,0,0.04650299,1,32
22498,72,34,0,0,0.02822483,0,0
22499,72,35,0,0,0.01429864,0,0
22500,72,36,0,0,0.04992209,1,32
22501,72,37,0,0,0.03893464,0,0
22502,72,38,0,0,0.02201301,0,0
22503,72,39,0,0,0.02250929,0,0
22504,72,40,0,0,0.05154364,1,32
22505,72,41,0,0,0.02426887,0,0
22506,72,42,0,0,0.01853430,0,0
22507,72,43,0,0,0.00737033,0,0
22508,72,44,0,0,0.01075491,0,0
22509,72,45,0,0,0.01300497,0,0
22510,72,46,0,0,0.00652890,0,0
22511,72,47,0,0,0.02700822,0,0
22512,72,48,0,0,0.03031132,0,0
22513,72,49,0,0,0.06374954,1,32
22514,72,50,0,0,0.02394062,0,0
22515,72,51,0,0,0.00799986,0,0
22516,72,52,0,0,0.01749014,0,0
22517,72,53,0,0,0.01870376,0,0
22518,72,54,0,0,0.01524996,0,0
22519,72,55,0,0,0.03250112,0,0
22520,72,56,0,0,0.02962924,0,0
22521,72,57,0,0,0.02211219,0,0
22522,72,58,0,0,0.02752321,0,0
22523,72,59,0,0,0.02692994,0,0
22524,72,60,0,0,0.01649144,0,0
22525,72,61,0,0,0.01783899,0,0
22526,72,62,0,0,0.04150801,1,32
22527,72,63,0,0,0.01246505,0,0
22528,72,64,0,0,0.01975932,0,0
22529,72,65,0,0,0.06227932,1,32
22530,72,66,0,0,0.01628391,0,0
22531,72,67,0,0,0.01349137,0,0
22532,72,68,0,0,0.02375878,0,0
22533,72,69,0,0,0.02022098,0,0
22534,72,70,0,0,0.02409769,0,0
22535,72,71,0,0,0.09354427,1,16
22536,72,72,0,0,0.00900181,0,0
22537,72,73,0,0,0.01708531,0,0
22538,72,74,0,0,0.02354117,0,0
22539,72,75,0,0,0.01354064,0,0
22540,72,76,0,0,0.00560283,0,0
22541,72,77,0,0,0.02269189,0,0
22542,72,78,0,0,0.01972057,0,0
22543,72,79,0,0,0.03128717,0,0
22544,72,80,0,0,0.01003336,0,0
22545,72,81,0,0,0.02787109,0,0
22546,72,82,0,0,0.01434842,0,0
22547,72,83,0,0,0.01631571,0,0
22548,72,84,0,0,0.00399373,0,0
22549,72,85,0,0,0.05053038,1,32
22550,72,86,0,0,0.02493362,0,0
22551,72,87,0,0,0.01266439,0,0
22552,72,88,0,0,0.01368690,0,0
22553,72,89,0,0,0.03052383,0,0
22554,72,90,0,0,0.01165035,0,0
22555,72,91,0,0,0.02408778,0,0
22556,72,92,0,0,0.03996397,0,0
22557,72,93,0,0,0.01326690,0,0
22558,72,94,0,0,0.02542737,0,0
22559,72,95,0,0,0.06506660,1,32
22560,72,96,0,0,0.01775523,0,0
22561,72,97,0,0,0.03896580,0,0
22562,72,98,0,0,0.01020724,0,0
22563,72,99,0,0,0.02674992,0,0
22564,72,100,0,0,0.02210770,0,0
22565,72,101,0,0,0.03371264,0,0
22566,72,102,0,0,0.04311010,1,31
22567,72,103,0,0,0.05196228,1,32
22568,72,104,0,0,0.06896678,1,32
22569,72,105,0,0,0.02101737,0,0
22570,72,106,0,0,0.01613230,0,0
22571,72,107,0,0,0.00748472,0,0
22572,72,108,0,0,0.02384715,0,0
22573,72,109,0,0,0.03144410,0,0
22574,72,110,0,0,0.01981999,0,0
22575,72,111,0,0,0.02574379,0,0
22576,72,112,0,0,0.01601405,0,0
22577,72,113,0,0,0.01172592,0,0
22578,72,114,0,0,0.01584594,0,0
22579,72,115,0,0,0.01209311,0,0
22580,72,116,0,0,0.03045328,0,0
22581,72,117,0,0,0.00936431,0,0
22582,72,118,0,0,0.01273619,0,0
22583,72,119,0,0,0.03708657,0,0
22584,72,120,0,0,0.01628231,0,0
22585,72,121,0,0,0.02446509,0,0
22586,72,122,0,0,0.02186331,0,0
22587,72,123,0,0,0.04272978,1,32
22588,72,124,0,0,0.03942792,0,0
22589,72,125,0,0,0.01664745,0,0
22590,72,126,0,0,0.01815352,0,0
22591,72,127,0,0,0.03489728,0,0
22592,72,128,0,0,0.00773939,0,0
22593,72,129,0,0,0.01213013,0,0
22594,72,130,0,0,0.01996720,0,0
22595,72,131,0,0,0.02564172,0,0
22596,72,132,0,0,0.01459180,0,0
22597,72,133,0,0,0.03154336,0,0
22598,72,134,0,0,0.01167582,0,0
22599,72,135,0,0,0.03669971,0,0
22600,72,136,0,0,0.02537531,0,0
22601,72,137,0,0,0.03876539,0,0
22602,72,138,0,0,0.01756905,0,0
22603,72,139,0,0,0.02215726,0,0
22604,72,140,0,0,0.02777825,0,0
22605,72,141,0,0,0.04844216,1,32
22606,72,142,0,0,0.01552032,0,0
22607,72,143,0,0,0.01356289,0,0
22608,72,144,0,0,0.01063363,0,0
22609,72,145,0,0,0.00970547,0,0
22610,72,146,0,0,0.00985596,0,0
22611,72,147,0,0,0.03802485,0,0
22612,72,148,0,0,0.01498778,0,0
22613,72,149,0,0,0.01941087,0,0
22614,72,150,0,0,0.01553630,0,0
22615,72,151,0,0,0.01827493,0,0
22616,72,152,0,0,0.03050679,0,0
22617,72,153,0,0,0.01959529,0,0
22618,72,154,0,0,0.01597499,0,0
22619,72,155,0,0,0.03483563,0,0
22620,72,156,0,0,0.01955188,0,0
22621,72,157,0,0,0.01117672,0,0
22622,72,158,0,0,0.03556549,0,0
22623,72,159,0,0,0.00551213,0,0
22624,72,160,0,0,0.00287757,0,0
22625,72,161,0,0,0.01314563,0,0
22626,72,162,0,0,0.01041877,0,0
22627,72,163,0,0,0.01944995,0,0
22628,72,164,0,0,0.04150264,1,31
22629,72,165,0,0,0.04830607,1,32
22630,72,166,0,0,0.02769807,0,0
22631,72,167,0,0,0.02900015,0,0
22632,72,168,0,0,0.00643014,0,0
22633,72,169,0,0,0.01409762,0,0
22634,72,170,0,0,0.03319621,0,0
22635,72,171,0,0,0.00433047,0,0
22636,72,172,0,0,0.01590316,0,0
22637,72,173,0,0,0.02542964,0,0
22638,72,174,0,0,0.02595534,0,0
22639,72,175,0,0,0.02518940,0,0
22640,72,176,0,0,0.01066361,0,0
22641,72,177,0,0,0.03094794,0,0
22642,72,178,0,0,0.01157033,0,0
22643,72,179,0,0,0.05734642,1,32
22644,72,180,0,0,0.01183631,0,0
22645,72,181,0,0,0.02634435,0,0
22646,72,182,0,0,0.02290680,0,0
22647,72,183,0,0,0.01523974,0,0
22648,72,184,0,0,0.01809929,0,0
22649,72,185,0,0,0.05157437,1,32
22650,72,186,0,0,0.01295163,0,0
22651,72,187,0,0,0.02020207,0,0
22652,72,188,0,0,0.02057734,0,0
22653,72,189,0,0,0.02269464,0,0
22654,72,190,0,0,0.01654629,0,0
22655,72,191,0,0,0.00840744,0,0
22656,72,192,0,0,0.01174566,0,0
22657,72,193,0,0,0.01326020,0,0
22658,72,194,0,0,0.02537947,0,0
22659,72,195,0,0,0.00833605,0,0
22660,72,196,0,0,0.01826384,0,0
22661,72,197,0,0,0.00903200,0,0
22662,72,198,0,0,0.07667262,1,31
22663,72,199,0,0,0.02357857,0,0
22664,72,200,0,0,0.01977922,0,0
22665,72,201,0,0,0.01688726,0,0
22666,72,202,0,0,0.01159723,0,0
22667,72,203,0,0,0.02188925,0,0
22668,72,204,0,0,0.01603788,0,0
22669,72,205,0,0,0.01826310,0,0
22670,72,206,0,0,0.00899210,0,0
22671,72,207,0,0,0.03871685,0,0
22672,72,208,0,0,0.01830861,0,0
22673,72,209,0,0,0.02599666,0,0
22674,72,210,0,0,0.04451822,1,32
22675,72,211,0,0,0.00758153,0,0
22676,72,212,0,0,0.01923357,0,0
22677,72,213,0,0,0.02129978,0,0
22678,72,214,0,0,0.01670462,0,0
22679,72,215,0,0,0.02213218,0,0
22680,72,216,0,0,0.01901610,0,0
22681,72,217,0,0,0.02942180,0,0
22682,72,218,0,0,0.01499773,0,0
22683,72,219,0,0,0.00944047,0,0
22684,72,220,0,0,0.01585807,0,0
22685,72,221,0,0,0.01144413,0,0
22686,72,222,0,0,0.02128159,0,0
22687,72,223,0,0,0.02085393,0,0
22688,72,224,0,0,0.01458774,0,0
22689,72,225,0,0,0.02022319,0,0
22690,72,226,0,0,0.01080926,0,0
22691,72,227,0,0,0.01272240,0,0
22692,72,228,0,0,0.02831671,0,0
22693,72,229,0,0,0.01874659,0,0
22694,72,230,0,0,0.02247263,0,0
22695,72,231,0,0,0.01188369,0,0
22696,72,232,0,0,0.01146695,0,0
22697,72,233,0,0,0.02179520,0,0
22698,72,234,0,0,0.01167229,0,0
22699,72,235,0,0,0.04035934,1,32
22700,72,236,0,0,0.01821308,0,0
22701,72,237,0,0,0.01358265,0,0
22702,72,238,0,0,0.00938134,0,0
22703,72,239,0,0,0.02085058,0,0
22704,72,240,0,0,0.01032376,0,0
22705,72,241,0,0,0.03329922,0,0
22706,72,242,0,0,0.01320910,0,0
22707,72,243,0,0,0.01491778,0,0
22708,72,244,0,0,0.02083443,0,0
22709,72,245,0,0,0.01402994,0,0
22710,72,246,0,0,0.01778834,0,0
22711,72,247,0,0,0.04581530,1,30
22712,72,248,0,0,0.04191538,1,31
22713,72,249,0,0,0.01384899,0,0
22714,72,250,0,0,0.02994073,0,0
22715,72,251,0,0,0.01555292,0,0
22716,72,252,0,0,0.02207015,0,0
22717,72,253,0,0,0.01080969,0,0
22718,72,254,0,0,0.02598571,0,0
22719,72,255,0,0,0.02797633,0,0
22720,72,256,0,0,0.01780805,0,0
22721,72,257,0,0,0.01713851,0,0
22722,72,258,0,0,0.03818503,0,0
22723,72,259,0,0,0.02042632,0,0
22724,72,260,0,0,0.04048045,1,32
22725,72,261,0,0,0.01462781,0,0
22726,72,262,0,0,0.03340762,0,0
22727,72,263,0,0,0.02090569,0,0
22728,72,264,0,0,0.01739506,0,0
22729,72,265,0,0,0.02133285,0,0
22730,72,266,0,0,0.03956543,0,0
22731,72,267,0,0,0.01760662,0,0
22732,72,268,0,0,0.03277527,0,0
22733,72,269,0,0,0.02003023,0,0
22734,72,270,0,0,0.02207402,0,0
22735,72,271,0,0,0.02587370,0,0
22736,72,272,0,0,0.03988162,0,0
22737,72,273,0,0,0.03224131,0,0
22738,72,274,0,0,0.03120090,0,0
22739,72,275,0,0,0.02226408,0,0
22740,72,276,0,0,0.01162872,0,0
22741,72,277,0,0,0.02276747,0,0
22742,72,278,0,0,0.01858734,0,0
22743,72,279,0,0,0.01492542,0,0
22744,72,280,0,0,0.01602280,0,0
22745,72,281,0,0,0.05747220,1,31
22746,72,282,0,0,0.01354202,0,0
22747,72,283,0,0,0.01331957,0,0
22748,72,284,0,0,0.01727681,0,0
22749,72,285,0,0,0.02405144,0,0
22750,72,286,0,0,0.01562133,0,0
22751,72,287,0,0,0.02751621,0,0
22752,72,288,0,0,0.01943628,0,0
22753,72,289,0,0,0.01338962,0,0
22754,72,290,0,0,0.01604249,0,0
22755,72,291,0,0,0.00364314,0,0
22756,72,292,0,0,0.02099459,0,0
22757,72,293,0,0,0.01483499,0,0
22758,72,294,0,0,0.01545732,0,0
22759,72,295,0,0,0.02258245,0,0
22760,72,296,0,0,0.02019734,0,0
22761,72,297,0,0,0.00879012,0,0
22762,72,298,0,0,0.01730199,0,0
22763,72,299,0,0,0.04859587,1,32
22764,72,300,0,0,0.01970151,0,0
22765,72,301,0,0,0.02302426,0,0
22766,72,302,0,0,0.02255776,0,0
22767,72,303,0,0,0.01030125,0,0
22768,72,304,0,0,0.01329654,0,0
22769,72,305,0,0,0.02546835,0,0
22770,72,306,0,0,0.01047822,0,0
22771,72,307,0,0,0.00892292,0,0
22772,72,308,0,0,0.03353659,0,0
22773,72,309,0,0,0.00840054,0,0
22774,72,310,0,0,0.02406377,0,0
22775,72,311,0,0,0.01640122,0,0
22776,73,0,1,0,0.03155547,0,0
22777,73,1,0,0,0.03049145,0,0
22778,73,2,0,0,0.02197290,0,0
22779,73,3,0,0,0.04154497,1,31
22780,73,4,0,0,0.01602615,0,0
22781,73,5,0,0,0.02835484,0,0
22782,73,6,0,0,0.00978181,0,0
22783,73,7,0,0,0.01137666,0,0
22784,73,8,0,0,0.01966734,0,0
22785,73,9,0,0,0.01127966,0,0
22786,73,10,0,0,0.00847764,0,0
22787,73,11,0,0,0.03395073,0,0
22788,73,12,0,0,0.03669706,0,0
22789,73,13,0,0,0.01679472,0,0
22790,73,14,0,0,0.02400187,0,0
22791,73,15,0,0,0.03827034,0,0
22792,73,16,0,0,0.01620071,0,0
22793,73,17,0,0,0.01303335,0,0
22794,73,18,0,0,0.01291707,0,0
22795,73,19,0,0,0.01398467,0,0
22796,73,20,0,0,0.05138380,1,32
22797,73,21,0,0,0.01671210,0,0
22798,73,22,0,0,0.02755305,0,0
22799,73,23,0,0,0.01609945,0,0
22800,73,24,0,0,0.00589131,0,0
22801,73,25,0,0,0.02025026,0,0
22802,73,26,0,0,0.04131973,1,32
22803,73,27,0,0,0.02479374,0,0
22804,73,28,0,0,0.01778607,0,0
22805,73,29,0,0,0.01926767,0,0
22806,73,30,0,0,0.05889557,1,31
22807,73,31,0,0,0.01061707,0,0
22808,73,32,0,0,0.02436282,0,0
22809,73,33,0,0,0.01381676,0,0
22810,73,34,0,0,0.01814257,0,0
22811,73,35,0,0,0.02514422,0,0
22812,73,36,0,0,0.00991796,0,0
22813,73,37,0,0,0.01866885,0,0
22814,73,38,0,0,0.01547594,0,0
22815,73,39,0,0,0.00677805,0,0
22816,73,40,0,0,0.01800393,0,0
22817,73,41,0,0,0.01659587,0,0
22818,73,42,0,0,0.03147678,0,0
22819,73,43,0,0,0.02831915,0,0
22820,73,44,0,0,0.01094712,0,0
22821,73,45,0,0,0.01574530,0,0
22822,73,46,0,0,0.00551249,0,0
22823,73,47,0,0,0.01656121,0,0
22824,73,48,0,0,0.03427810,0,0
22825,73,49,0,0,0.01411756,0,0
22826,73,50,0,0,0.03734241,0,0
22827,73,51,0,0,0.02879312,0,0
22828,73,52,0,0,0.01647267,0,0
22829,73,53,0,0,0.02238890,0,0
22830,73,54,0,0,0.02076527,0,0
22831,73,55,0,0,0.00651279,0,0
22832,73,56,0,0,0.02643419,0,0
22833,73,57,0,0,0.02168354,0,0
22834,73,58,0,0,0.02107430,0,0
22835,73,59,0,0,0.02464883,0,0
22836,73,60,0,0,0.01306139,0,0
22837,73,61,0,0,0.02172885,0,0
22838,73,62,0,0,0.00465652,0,0
22839,73,63,0,0,0.03189138,0,0
22840,73,64,0,0,0.02834465,0,0
22841,73,65,0,0,0.02122582,0,0
22842,73,66,0,0,0.03283342,0,0
22843,73,67,0,0,0.00637956,0,0
22844,73,68,0,0,0.01059643,0,0
22845,73,69,0,0,0.01134244,0,0
22846,73,70,0,0,0.02315347,0,0
22847,73,71,0,0,0.01767959,0,0
22848,73,72,0,0,0.06642582,1,14
22849,73,73,0,0,0.01487903,0,0
22850,73,74,0,0,0.03260377,0,0
22851,73,75,0,0,0.03208186,0,0
22852,73,76,0,0,0.05180964,1,32
22853,73,77,0,0,0.01377214,0,0
22854,73,78,0,0,0.03105827,0,0
22855,73,79,0,0,0.02911422,0,0
22856,73,80,0,0,0.04194395,1,32
22857,73,81,0,0,0.00513864,0,0
22858,73,82,0,0,0.02250328,0,0
22859,73,83,0,0,0.00743406,0,0
22860,73,84,0,0,0.01376566,0,0
22861,73,85,0,0,0.00815242,0,0
22862,73,86,0,0,0.04912390,1,32
22863,73,87,0,0,0.01929448,0,0
22864,73,88,0,0,0.03208947,0,0
22865,73,89,0,0,0.01835363,0,0
22866,73,90,0,0,0.03352367,0,0
22867,73,91,0,0,0.01077496,0,0
22868,73,92,0,0,0.01587810,0,0
22869,73,93,0,0,0.02441299,0,0
22870,73,94,0,0,0.01340608,0,0
22871,73,95,0,0,0.02404922,0,0
22872,73,96,0,0,0.05671724,1,32
22873,73,97,0,0,0.02065201,0,0
22874,73,98,0,0,0.02568008,0,0
22875,73,99,0,0,0.00751994,0,0
22876,73,100,0,0,0.03881420,0,0
22877,73,101,0,0,0.03172853,0,0
22878,73,102,0,0,0.01629917,0,0
22879,73,103,0,0,0.05634448,1,32
22880,73,104,0,0,0.03818715,0,0
22881,73,105,0,0,0.06732380,1,32
22882,73,106,0,0,0.02346633,0,0
22883,73,107,0,0,0.01471190,0,0
22884,73,108,0,0,0.01521334,0,0
22885,73,109,0,0,0.02151076,0,0
22886,73,110,0,0,0.01916030,0,0
22887,73,111,0,0,0.02709146,0,0
22888,73,112,0,0,0.03415904,0,0
22889,73,113,0,0,0.02697353,0,0
22890,73,114,0,0,0.01295546,0,0
22891,73,115,0,0,0.02605083,0,0
22892,73,116,0,0,0.01012181,0,0
22893,73,117,0,0,0.04271985,1,32
22894,73,118,0,0,0.01477535,0,0
22895,73,119,0,0,0.02709169,0,0
22896,73,120,0,0,0.03285585,0,0
22897,73,121,0,0,0.02280577,0,0
22898,73,122,0,0,0.02291811,0,0
22899,73,123,0,0,0.03886422,0,0
22900,73,124,0,0,0.03359418,0,0
22901,73,125,0,0,0.02635678,0,0
22902,73,126,0,0,0.01067200,0,0
22903,73,127,0,0,0.02416361,0,0
22904,73,128,0,0,0.04485522,1,32
22905,73,129,0,0,0.01351220,0,0
22906,73,130,0,0,0.00867528,0,0
22907,73,131,0,0,0.05958166,1,32
22908,73,132,0,0,0.01608724,0,0
22909,73,133,0,0,0.00375547,0,0
22910,73,134,0,0,0.03706852,0,0
22911,73,135,0,0,0.04442585,1,31
22912,73,136,0,0,0.01155309,0,0
22913,73,137,0,0,0.01822923,0,0
22914,73,138,0,0,0.05453703,1,32
22915,73,139,0,0,0.02602749,0,0
22916,73,140,0,0,0.05151487,1,31
22917,73,141,0,0,0.05401838,1,32
22918,73,142,0,0,0.02319111,0,0
22919,73,143,0,0,0.01310786,0,0
22920,73,144,0,0,0.01821556,0,0
22921,73,145,0,0,0.01520658,0,0
22922,73,146,0,0,0.01149380,0,0
22923,73,147,0,0,0.01031963,0,0
22924,73,148,0,0,0.02167736,0,0
22925,73,149,0,0,0.01671715,0,0
22926,73,150,0,0,0.02019788,0,0
22927,73,151,0,0,0.01715037,0,0
22928,73,152,0,0,0.01083510,0,0
22929,73,153,0,0,0.01786706,0,0
22930,73,154,0,0,0.01784853,0,0
22931,73,155,0,0,0.02179618,0,0
22932,73,156,0,0,0.02263337,0,0
22933,73,157,0,0,0.02564147,0,0
22934,73,158,0,0,0.01864449,0,0
22935,73,159,0,0,0.05144160,1,32
22936,73,160,0,0,0.00812522,0,0
22937,73,161,0,0,0.01878203,0,0
22938,73,162,0,0,0.02148950,0,0
22939,73,163,0,0,0.01789709,0,0
22940,73,164,0,0,0.02574513,0,0
22941,73,165,0,0,0.05176008,1,32
22942,73,166,0,0,0.02558034,0,0
22943,73,167,0,0,0.02795913,0,0
22944,73,168,0,0,0.02014328,0,0
22945,73,169,0,0,0.00873461,0,0
22946,73,170,0,0,0.02784020,0,0
22947,73,171,0,0,0.05790326,1,31
22948,73,172,0,0,0.00268941,0,0
22949,73,173,0,0,0.02433309,0,0
22950,73,174,0,0,0.01021788,0,0
22951,73,175,0,0,0.01503766,0,0
22952,73,176,0,0,0.02308366,0,0
22953,73,177,0,0,0.00509549,0,0
22954,73,178,0,0,0.02299558,0,0
22955,73,179,0,0,0.00651651,0,0
22956,73,180,0,0,0.02126926,0,0
22957,73,181,0,0,0.01409477,0,0
22958,73,182,0,0,0.06398526,1,31
22959,73,183,0,0,0.05971458,1,32
22960,73,184,0,0,0.02654195,0,0
22961,73,185,0,0,0.04592952,1,32
22962,73,186,0,0,0.03244030,0,0
22963,73,187,0,0,0.00669017,0,0
22964,73,188,0,0,0.02052267,0,0
22965,73,189,0,0,0.01417488,0,0
22966,73,190,0,0,0.01174479,0,0
22967,73,191,0,0,0.02638877,0,0
22968,73,192,0,0,0.01198245,0,0
22969,73,193,0,0,0.02754049,0,0
22970,73,194,0,0,0.02390204,0,0
22971,73,195,0,0,0.00910489,0,0
22972,73,196,0,0,0.01596639,0,0
22973,73,197,0,0,0.03760457,0,0
22974,73,198,0,0,0.01695201,0,0
22975,73,199,0,0,0.03202487,0,0
22976,73,200,0,0,0.01796260,0,0
22977,73,201,0,0,0.03513274,0,0
22978,73,202,0,0,0.01897041,0,0
22979,73,203,0,0,0.01076541,0,0
22980,73,204,0,0,0.05951195,1,32
22981,73,205,0,0,0.02580877,0,0
22982,73,206,0,0,0.01195417,0,0
22983,73,207,0,0,0.01159166,0,0
22984,73,208,0,0,0.03820230,0,0
22985,73,209,0,0,0.01454563,0,0
22986,73,210,0,0,0.01853748,0,0
22987,73,211,0,0,0.03337243,0,0
22988,73,212,0,0,0.00890848,0,0
22989,73,213,0,0,0.02206542,0,0
22990,73,214,0,0,0.00547044,0,0
22991,73,215,0,0,0.01115242,0,0
22992,73,216,0,0,0.01140768,0,0
22993,73,217,0,0,0.02205041,0,0
22994,73,218,0,0,0.03099652,0,0
22995,73,219,0,0,0.01763540,0,0
22996,73,220,0,0,0.02182518,0,0
22997,73,221,0,0,0.01834743,0,0
22998,73,222,0,0,0.01102130,0,0
22999,73,223,0,0,0.02438076,0,0
23000,73,224,0,0,0.03094544,0,0
23001,73,225,0,0,0.01869151,0,0
23002,73,226,0,0,0.01160879,0,0
23003,73,227,0,0,0.01143977,0,0
23004,73,228,0,0,0.02325904,0,0
23005,73,229,0,0,0.01290226,0,0
23006,73,230,0,0,0.01565327,0,0
23007,73,231,0,0,0.01544692,0,0
23008,73,232,0,0,0.02376395,0,0
23009,73,233,0,0,0.02750815,0,0
23010,73,234,0,0,0.01507220,0,0
23011,73,235,0,0,0.02519259,0,0
23012,73,236,0,0,0.02920075,0,0
23013,73,237,0,0,0.03024280,0,0
23014,73,238,0,0,0.01543682,0,0
23015,73,239,0,0,0.01238601,0,0
23016,73,240,0,0,0.02657694,0,0
23017,73,241,0,0,0.01334537,0,0
23018,73,242,0,0,0.03351893,0,0
23019,73,243,0,0,0.04105524,1,31
23020,73,244,0,0,0.01157987,0,0
23021,73,245,0,0,0.02176533,0,0
23022,73,246,0,0,0.01624559,0,0
23023,73,247,0,0,0.01093513,0,0
23024,73,248,0,0,0.04821181,1,32
23025,73,249,0,0,0.03194642,0,0
23026,73,250,0,0,0.01754365,0,0
23027,73,251,0,0,0.02424008,0,0
23028,73,252,0,0,0.02787969,0,0
23029,73,253,0,0,0.02272584,0,0
23030,73,254,0,0,0.01379869,0,0
23031,73,255,0,0,0.01827149,0,0
23032,73,256,0,0,0.01661275,0,0
23033,73,257,0,0,0.01940275,0,0
23034,73,258,0,0,0.01828335,0,0
23035,73,259,0,0,0.06426068,1,32
23036,73,260,0,0,0.02682345,0,0
23037,73,261,0,0,0.04398016,1,31
23038,73,262,0,0,0.00946178,0,0
23039,73,263,0,0,0.03159086,0,0
23040,73,264,0,0,0.03204646,0,0
23041,73,265,0,0,0.01458529,0,0
23042,73,266,0,0,0.01854313,0,0
23043,73,267,0,0,0.04670385,1,32
23044,73,268,0,0,0.01116414,0,0
23045,73,269,0,0,0.05464097,1,32
23046,73,270,0,0,0.02125295,0,0
23047,73,271,0,0,0.02162780,0,0
23048,73,272,0,0,0.01737443,0,0
23049,73,273,0,0,0.04267954,1,31
23050,73,274,0,0,0.03925541,0,0
23051,73,275,0,0,0.01705227,0,0
23052,73,276,0,0,0.05308012,1,32
23053,73,277,0,0,0.01943468,0,0
23054,73,278,0,0,0.02262810,0,0
23055,73,279,0,0,0.01507918,0,0
23056,73,280,0,0,0.05638855,1,32
23057,73,281,0,0,0.02142734,0,0
23058,73,282,0,0,0.03477726,0,0
23059,73,283,0,0,0.02557673,0,0
23060,73,284,0,0,0.02371212,0,0
23061,73,285,0,0,0.03042974,0,0
23062,73,286,0,0,0.02957797,0,0
23063,73,287,0,0,0.01907946,0,0
23064,73,288,0,0,0.01252823,0,0
23065,73,289,0,0,0.01658594,0,0
23066,73,290,0,0,0.02402605,0,0
23067,73,291,0,0,0.02161226,0,0
23068,73,292,0,0,0.01071528,0,0
23069,73,293,0,0,0.00915259,0,0
23070,73,294,0,0,0.02445972,0,0
23071,73,295,0,0,0.02212832,0,0
23072,73,296,0,0,0.04788592,1,32
23073,73,297,0,0,0.02286411,0,0
23074,73,298,0,0,0.01024741,0,0
23075,73,299,0,0,0.06907010,1,32
23076,73,300,0,0,0.03287192,0,0
23077,73,301,0,0,0.04407454,1,32
23078,73,302,0,0,0.01813830,0,0
23079,73,303,0,0,0.01639944,0,0
23080,73,304,0,0,0.02422107,0,0
23081,73,305,0,0,0.02999730,0,0
23082,73,306,0,0,0.03307981,0,0
23083,73,307,0,0,0.01583081,0,0
23084,73,308,0,0,0.01320578,0,0
23085,73,309,0,0,0.02985454,0,0
23086,73,310,0,0,0.01939462,0,0
23087,73,311,0,0,0.02162132,0,0
23088,74,0,1,0,0.02273790,0,0
23089,74,1,0,0,0.02482483,0,0
23090,74,2,0,0,0.00889092,0,0
23091,74,3,0,0,0.02983794,0,0
23092,74,4,0,0,0.02649616,0,0
23093,74,5,0,0,0.01308498,0,0
23094,74,6,0,0,0.01967155,0,0
23095,74,7,0,0,0.01910438,0,0
23096,74,8,0,0,0.01475675,0,0
23097,74,9,0,0,0.02784197,0,0
23098,74,10,0,0,0.01463373,0,0
23099,74,11,0,0,0.03503777,0,0
23100,74,12,0,0,0.05970287,1,32
23101,74,13,0,0,0.01915513,0,0
23102,74,14,0,0,0.02043401,0,0
23103,74,15,0,0,0.03239440,0,0
23104,74,16,0,0,0.04115925,1,32
23105,74,17,0,0,0.01135197,0,0
23106,74,18,0,0,0.01915508,0,0
23107,74,19,0,0,0.00435144,0,0
23108,74,20,0,0,0.01808396,0,0
23109,74,21,0,0,0.03946268,0,0
23110,74,22,0,0,0.00915092,0,0
23111,74,23,0,0,0.02084323,0,0
23112,74,24,0,0,0.01362941,0,0
23113,74,25,0,0,0.01880130,0,0
23114,74,26,0,0,0.03521148,0,0
23115,74,27,0,0,0.02889046,0,0
23116,74,28,0,0,0.01528612,0,0
23117,74,29,0,0,0.01469192,0,0
23118,74,30,0,0,0.00578684,0,0
23119,74,31,0,0,0.02558373,0,0
23120,74,32,0,0,0.00724017,0,0
23121,74,33,0,0,0.02397872,0,0
23122,74,34,0,0,0.00875165,0,0
23123,74,35,0,0,0.03555430,0,0
23124,74,36,0,0,0.04360819,1,31
23125,74,37,0,0,0.02231525,0,0
23126,74,38,0,0,0.01678713,0,0
23127,74,39,0,0,0.01097506,0,0
23128,74,40,0,0,0.01185456,0,0
23129,74,41,0,0,0.01008445,0,0
23130,74,42,0,0,0.02736458,0,0
23131,74,43,0,0,0.02826969,0,0
23132,74,44,0,0,0.01090545,0,0
23133,74,45,0,0,0.01055050,0,0
23134,74,46,0,0,0.02782584,0,0
23135,74,47,0,0,0.01340331,0,0
23136,74,48,0,0,0.00527528,0,0
23137,74,49,0,0,0.03004558,0,0
23138,74,50,0,0,0.02033068,0,0
23139,74,51,0,0,0.03647349,0,0
23140,74,52,0,0,0.02255494,0,0
23141,74,53,0,0,0.01213627,0,0
23142,74,54,0,0,0.01250645,0,0
23143,74,55,0,0,0.01901445,0,0
23144,74,56,0,0,0.01049053,0,0
23145,74,57,0,0,0.01758465,0,0
23146,74,58,0,0,0.01091246,0,0
23147,74,59,0,0,0.02480774,0,0
23148,74,60,0,0,0.01729009,0,0
23149,74,61,0,0,0.02229796,0,0
23150,74,62,0,0,0.02251123,0,0
23151,74,63,0,0,0.01654527,0,0
23152,74,64,0,0,0.02268599,0,0
23153,74,65,0,0,0.01025098,0,0
23154,74,66,0,0,0.02445570,0,0
23155,74,67,0,0,0.05512325,1,32
23156,74,68,0,0,0.00988319,0,0
23157,74,69,0,0,0.00495091,0,0
23158,74,70,0,0,0.01625800,0,0
23159,74,71,0,0,0.05127745,1,32
23160,74,72,0,0,0.01436454,0,0
23161,74,73,0,0,0.06429933,1,16
23162,74,74,0,0,0.01775327,0,0
23163,74,75,0,0,0.00883505,0,0
23164,74,76,0,0,0.02782070,0,0
23165,74,77,0,0,0.04172190,1,31
23166,74,78,0,0,0.01262856,0,0
23167,74,79,0,0,0.02245266,0,0
23168,74,80,0,0,0.03006359,0,0
23169,74,81,0,0,0.00826479,0,0
23170,74,82,0,0,0.01321178,0,0
23171,74,83,0,0,0.02305858,0,0
23172,74,84,0,0,0.00448126,0,0
23173,74,85,0,0,0.01850490,0,0
23174,74,86,0,0,0.00697120,0,0
23175,74,87,0,0,0.02241886,0,0
23176,74,88,0,0,0.01534411,0,0
23177,74,89,0,0,0.00899492,0,0
23178,74,90,0,0,0.02114218,0,0
23179,74,91,0,0,0.01123033,0,0
23180,74,92,0,0,0.00882237,0,0
23181,74,93,0,0,0.01116766,0,0
23182,74,94,0,0,0.00923951,0,0
23183,74,95,0,0,0.01605718,0,0
23184,74,96,0,0,0.02237973,0,0
23185,74,97,0,0,0.01959673,0,0
23186,74,98,0,0,0.01511297,0,0
23187,74,99,0,0,0.01446991,0,0
23188,74,100,0,0,0.01794318,0,0
23189,74,101,0,0,0.01677079,0,0
23190,74,102,0,0,0.03261659,0,0
23191,74,103,0,0,0.01427820,0,0
23192,74,104,0,0,0.03964079,0,0
23193,74,105,0,0,0.02710339,0,0
23194,74,106,0,0,0.04808474,1,32
23195,74,107,0,0,0.01486634,0,0
23196,74,108,0,0,0.01894494,0,0
23197,74,109,0,0,0.02068791,0,0
23198,74,110,0,0,0.02605848,0,0
23199,74,111,0,0,0.01198271,0,0
23200,74,112,0,0,0.01490118,0,0
23201,74,113,0,0,0.01726983,0,0
23202,74,114,0,0,0.02548674,0,0
23203,74,115,0,0,0.01626166,0,0
23204,74,116,0,0,0.02696214,0,0
23205,74,117,0,0,0.00756173,0,0
23206,74,118,0,0,0.03593028,0,0
23207,74,119,0,0,0.02989589,0,0
23208,74,120,0,0,0.02079502,0,0
23209,74,121,0,0,0.02378655,0,0
23210,74,122,0,0,0.00650088,0,0
23211,74,123,0,0,0.03144830,0,0
23212,74,124,0,0,0.01749317,0,0
23213,74,125,0,0,0.02285925,0,0
23214,74,126,0,0,0.04775265,1,32
23215,74,127,0,0,0.03705160,0,0
23216,74,128,0,0,0.01324357,0,0
23217,74,129,0,0,0.01088344,0,0
23218,74,130,0,0,0.00285348,0,0
23219,74,131,0,0,0.00976994,0,0
23220,74,132,0,0,0.02297898,0,0
23221,74,133,0,0,0.02776703,0,0
23222,74,134,0,0,0.01705541,0,0
23223,74,135,0,0,0.02894472,0,0
23224,74,136,0,0,0.02353862,0,0
23225,74,137,0,0,0.00643599,0,0
23226,74,138,0,0,0.03047042,0,0
23227,74,139,0,0,0.02986298,0,0
23228,74,140,0,0,0.02141875,0,0
23229,74,141,0,0,0.01595185,0,0
23230,74,142,0,0,0.01081911,0,0
23231,74,143,0,0,0.05607508,1,32
23232,74,144,0,0,0.01361489,0,0
23233,74,145,0,0,0.01516742,0,0
23234,74,146,0,0,0.02057558,0,0
23235,74,147,0,0,0.01824725,0,0
23236,74,148,0,0,0.02009992,0,0
23237,74,149,0,0,0.02094297,0,0
23238,74,150,0,0,0.01446883,0,0
23239,74,151,0,0,0.01632999,0,0
23240,74,152,0,0,0.01700692,0,0
23241,74,153,0,0,0.01172692,0,0
23242,74,154,0,0,0.01739402,0,0
23243,74,155,0,0,0.02046266,0,0
23244,74,156,0,0,0.00911944,0,0
23245,74,157,0,0,0.03557838,0,0
23246,74,158,0,0,0.00917555,0,0
23247,74,159,0,0,0.01290899,0,0
23248,74,160,0,0,0.04003199,1,32
23249,74,161,0,0,0.01032744,0,0
23250,74,162,0,0,0.00656600,0,0
23251,74,163,0,0,0.01655307,0,0
23252,74,164,0,0,0.00649501,0,0
23253,74,165,0,0,0.02201796,0,0
23254,74,166,0,0,0.02860654,0,0
23255,74,167,0,0,0.01946162,0,0
23256,74,168,0,0,0.02406581,0,0
23257,74,169,0,0,0.01017461,0,0
23258,74,170,0,0,0.01294980,0,0
23259,74,171,0,0,0.01458107,0,0
23260,74,172,0,0,0.03584621,0,0
23261,74,173,0,0,0.01603635,0,0
23262,74,174,0,0,0.03445701,0,0
23263,74,175,0,0,0.05117854,1,32
23264,74,176,0,0,0.01748536,0,0
23265,74,177,0,0,0.01944007,0,0
23266,74,178,0,0,0.00881848,0,0
23267,74,179,0,0,0.01889145,0,0
23268,74,180,0,0,0.00874510,0,0
23269,74,181,0,0,0.02957019,0,0
23270,74,182,0,0,0.01780238,0,0
23271,74,183,0,0,0.03821678,0,0
23272,74,184,0,0,0.04567868,1,30
23273,74,185,0,0,0.01696822,0,0
23274,74,186,0,0,0.01832787,0,0
23275,74,187,0,0,0.01171160,0,0
23276,74,188,0,0,0.00483707,0,0
23277,74,189,0,0,0.01640796,0,0
23278,74,190,0,0,0.04325456,1,32
23279,74,191,0,0,0.03465171,0,0
23280,74,192,0,0,0.01290154,0,0
23281,74,193,0,0,0.00910875,0,0
23282,74,194,0,0,0.01405424,0,0
23283,74,195,0,0,0.03672058,0,0
23284,74,196,0,0,0.02099018,0,0
23285,74,197,0,0,0.02054037,0,0
23286,74,198,0,0,0.03203165,0,0
23287,74,199,0,0,0.01433206,0,0
23288,74,200,0,0,0.02414320,0,0
23289,74,201,0,0,0.02525074,0,0
23290,74,202,0,0,0.03854199,0,0
23291,74,203,0,0,0.01614524,0,0
23292,74,204,0,0,0.02146485,0,0
23293,74,205,0,0,0.04863871,1,31
23294,74,206,0,0,0.00627864,0,0
23295,74,207,0,0,0.01738157,0,0
23296,74,208,0,0,0.00276698,0,0
23297,74,209,0,0,0.01672336,0,0
23298,74,210,0,0,0.01691726,0,0
23299,74,211,0,0,0.02462041,0,0
23300,74,212,0,0,0.01454922,0,0
23301,74,213,0,0,0.00850952,0,0
23302,74,214,0,0,0.01835548,0,0
23303,74,215,0,0,0.01206618,0,0
23304,74,216,0,0,0.00980736,0,0
23305,74,217,0,0,0.01841288,0,0
23306,74,218,0,0,0.01078209,0,0
23307,74,219,0,0,0.01747894,0,0
23308,74,220,0,0,0.01227944,0,0
23309,74,221,0,0,0.01520410,0,0
23310,74,222,0,0,0.05413651,1,32
23311,74,223,0,0,0.01693311,0,0
23312,74,224,0,0,0.01613573,0,0
23313,74,225,0,0,0.01436220,0,0
23314,74,226,0,0,0.01949545,0,0
23315,74,227,0,0,0.01210850,0,0
23316,74,228,0,0,0.00358661,0,0
23317,74,229,0,0,0.01081178,0,0
23318,74,230,0,0,0.03516204,0,0
23319,74,231,0,0,0.00990520,0,0
23320,74,232,0,0,0.01442117,0,0
23321,74,233,0,0,0.03097619,0,0
23322,74,234,0,0,0.01123828,0,0
23323,74,235,0,0,0.03193944,0,0
23324,74,236,0,0,0.03393141,0,0
23325,74,237,0,0,0.02518582,0,0
23326,74,238,0,0,0.02844686,0,0
23327,74,239,0,0,0.01297346,0,0
23328,74,240,0,0,0.02352686,0,0
23329,74,241,0,0,0.01505611,0,0
23330,74,242,0,0,0.01192545,0,0
23331,74,243,0,0,0.01281909,0,0
23332,74,244,0,0,0.01015475,0,0
23333,74,245,0,0,0.01158287,0,0
23334,74,246,0,0,0.01157062,0,0
23335,74,247,0,0,0.01360419,0,0
23336,74,248,0,0,0.01125100,0,0
23337,74,249,0,0,0.03994066,0,0
23338,74,250,0,0,0.05201809,1,30
23339,74,251,0,0,0.01679391,0,0
23340,74,252,0,0,0.02175745,0,0
23341,74,253,0,0,0.01919084,0,0
23342,74,254,0,0,0.03018844,0,0
23343,74,255,0,0,0.02071752,0,0
23344,74,256,0,0,0.02784738,0,0
23345,74,257,0,0,0.00467129,0,0
23346,74,258,0,0,0.02124950,0,0
23347,74,259,0,0,0.02134369,0,0
23348,74,260,0,0,0.03576791,0,0
23349,74,261,0,0,0.01983976,0,0
23350,74,262,0,0,0.02136476,0,0
23351,74,263,0,0,0.01247813,0,0
23352,74,264,0,0,0.03844227,0,0
23353,74,265,0,0,0.02391788,0,0
23354,74,266,0,0,0.01455460,0,0
23355,74,267,0,0,0.02225827,0,0
23356,74,268,0,0,0.04329619,1,31
23357,74,269,0,0,0.02292404,0,0
23358,74,270,0,0,0.01670934,0,0
23359,74,271,0,0,0.00869436,0,0
23360,74,272,0,0,0.01848797,0,0
23361,74,273,0,0,0.02959662,0,0
23362,74,274,0,0,0.02080417,0,0
23363,74,275,0,0,0.02291640,0,0
23364,74,276,0,0,0.02550779,0,0
23365,74,277,0,0,0.02171171,0,0
23366,74,278,0,0,0.01528575,0,0
23367,74,279,0,0,0.00559618,0,0
23368,74,280,0,0,0.02115141,0,0
23369,74,281,0,0,0.02208300,0,0
23370,74,282,0,0,0.01663503,0,0
23371,74,283,0,0,0.00946299,0,0
23372,74,284,0,0,0.01819055,0,0
23373,74,285,0,0,0.01050620,0,0
23374,74,286,0,0,0.03513665,0,0
23375,74,287,0,0,0.02539111,0,0
23376,74,288,0,0,0.00897364,0,0
23377,74,289,0,0,0.01930016,0,0
23378,74,290,0,0,0.01610461,0,0
23379,74,291,0,0,0.02292037,0,0
23380,74,292,0,0,0.00951745,0,0
23381,74,293,0,0,0.00872872,0,0
23382,74,294,0,0,0.01952241,0,0
23383,74,295,0,0,0.01713352,0,0
23384,74,296,0,0,0.02046128,0,0
23385,74,297,0,0,0.03541728,0,0
23386,74,298,0,0,0.01051997,0,0
23387,74,299,0,0,0.00977152,0,0
23388,74,300,0,0,0.01294120,0,0
23389,74,301,0,0,0.02795947,0,0
23390,74,302,0,0,0.02625822,0,0
23391,74,303,0,0,0.01580342,0,0
23392,74,304,0,0,0.01952691,0,0
23393,74,305,0,0,0.01265948,0,0
23394,74,306,0,0,0.01009773,0,0
23395,74,307,0,0,0.05204630,1,32
23396,74,308,0,0,0.01422671,0,0
23397,74,309,0,0,0.01276181,0,0
23398,74,310,0,0,0.02098667,0,0
23399,74,311,0,0,0.02118626,0,0
23400,75,0,1,1,0.03472580,0,0
23401,75,1,0,0,0.01675548,0,0
23402,75,2,0,0,0.02701159,0,0
23403,75,3,0,0,0.01333002,0,0
23404,75,4,0,0,0.04490878,1,32
23405,75,5,0,0,0.04351664,1,31
23406,75,6,0,0,0.01702280,0,0
23407,75,7,0,0,0.00843105,0,0
23408,75,8,0,0,0.01928582,0,0
23409,75,9,0,0,0.00918935,0,0
23410,75,10,0,0,0.01519350,0,0
23411,75,11,0,0,0.00706641,0,0
23412,75,12,0,0,0.01907181,0,0
23413,75,13,0,0,0.01842695,0,0
23414,75,14,0,0,0.01669555,0,0
23415,75,15,0,0,0.01278801,0,0
23416,75,16,0,0,0.02839857,0,0
23417,75,17,0,0,0.02671945,0,0
23418,75,18,0,0,0.02115975,0,0
23419,75,19,0,0,0.04870415,1,32
23420,75,20,0,0,0.01784123,0,0
23421,75,21,0,0,0.02242127,0,0
23422,75,22,0,0,0.02478527,0,0
23423,75,23,0,0,0.01883946,0,0
23424,75,24,0,0,0.02412140,0,0
23425,75,25,0,0,0.01718599,0,0
23426,75,26,0,0,0.01584611,0,0
23427,75,27,0,0,0.02102325,0,0
23428,75,28,0,0,0.01552093,0,0
23429,75,29,0,0,0.01982575,0,0
23430,75,30,0,0,0.01931345,0,0
23431,75,31,0,0,0.01740253,0,0
23432,75,32,0,0,0.01618168,0,0
23433,75,33,0,0,0.00394461,0,0
23434,75,34,0,0,0.02470300,0,0
23435,75,35,0,0,0.02652749,0,0
23436,75,36,0,0,0.02089740,0,0
23437,75,37,0,0,0.03823978,0,0
23438,75,38,0,0,0.01785620,0,0
23439,75,39,0,0,0.03324281,0,0
23440,75,40,0,0,0.01355441,0,0
23441,75,41,0,0,0.03007775,0,0
23442,75,42,0,0,0.02985539,0,0
23443,75,43,0,0,0.01133841,0,0
23444,75,44,0,0,0.02385305,0,0
23445,75,45,0,0,0.00602956,0,0
23446,75,46,0,0,0.01523944,0,0
23447,75,47,0,0,0.01439977,0,0
23448,75,48,0,0,0.01313781,0,0
23449,75,49,0,0,0.01464973,0,0
23450,75,50,0,0,0.02192514,0,0
23451,75,51,0,0,0.01443757,0,0
23452,75,52,0,0,0.01279303,0,0
23453,75,53,0,0,0.02338185,0,0
23454,75,54,0,0,0.00970121,0,0
23455,75,55,0,0,0.01507786,0,0
23456,75,56,0,0,0.00895970,0,0
23457,75,57,0,0,0.01378124,0,0
23458,75,58,0,0,0.01714819,0,0
23459,75,59,0,0,0.01232329,0,0
23460,75,60,0,0,0.03153813,0,0
23461,75,61,0,0,0.04864673,1,32
23462,75,62,0,0,0.02538720,0,0
23463,75,63,0,0,0.01825065,0,0
23464,75,64,0,0,0.01167801,0,0
23465,75,65,0,0,0.02202377,0,0
23466,75,66,0,0,0.01446041,0,0
23467,75,67,0,0,0.00921974,0,0
23468,75,68,0,0,0.04354348,1,32
23469,75,69,0,0,0.01070435,0,0
23470,75,70,0,0,0.01143445,0,0
23471,75,71,0,0,0.02286203,0,0
23472,75,72,0,0,0.01696062,0,0
23473,75,73,0,0,0.00425709,0,0
23474,75,74,0,0,0.04197637,1,16
